address_name,id,name,type,full_name,purpose_name,address_comment,building_name,is_deleted
"Мичуринский проспект, 56 ст1",4504128908692489,"Медси, сеть медицинских центров",branch,,,,,
"улица Сущёвский Вал, 12",4504127921625912,"Будь Здоров, сеть современных многопрофильных клиник",branch,"Москва, улица Сущёвский Вал, 12",Медицинское учреждение,,,
"улица Вучетича, 9а ст1",4504127908577975,"Центр стоматологии и челюстно-лицевой хирургии, взрослая регистратура",branch,"Москва, Центр стоматологии и челюстно-лицевой хирургии, МГМСУ им. А.И. Евдокимова",Медицинское учреждение,1 этаж,"Центр стоматологии и челюстно-лицевой хирургии, МГМСУ им. А.И. Евдокимова",
"Ольховская улица, 27",4504127908842486,Институт пластической хирургии и косметологии,branch,"Москва, Ольховская улица, 27",Медицинское учреждение,1 этаж,,
"улица Лобачевского, 42 ст4",4504128908664043,"К+31 на Лобачевского, сеть медицинских центров",branch,"Москва, улица Лобачевского, 42 ст4",Медицинское учреждение,,,
"улица Ленивка, 4",4504127918231329,"Medswiss, медицинский центр",branch,"Москва, Лебяжий переулок, 8/4 ст2 / улица Ленивка, 4",Медицинское учреждение,,,
"Ярцевская улица, 8",4504127908647293,"СМ-Клиника, сеть клиник для взрослых",branch,,,"1, 2 этаж",,
"Бакунинская улица, 1-3",70000001050180836,"Семейный доктор, госпитальный центр",branch,"Москва, Бакунинская улица, 1-3",Медицинское учреждение,1-10 этаж,,
"Петроверигский переулок, 10",4504127908496708,Национальный медицинский исследовательский центр профилактической медицины,branch,"Москва, Национальный медицинский исследовательский центр профилактической медицины НМИЦ ПМ",Научное учреждение,1-5 этаж,Национальный медицинский исследовательский центр профилактической медицины НМИЦ ПМ,
"Ленинский проспект, 107 к1",70000001080854843,"Клиника Фомина, многофункциональный медицинский центр",branch,,,1 этаж,,
"Комсомольский проспект, 11Б",4504127915730740,"Институт Здоровья, медико-диагностический комплекс",branch,,,1-3 этаж,,
"2-я Кабельная улица, 2 ст25",4504127908646783,Скандинавский центр,branch,"Москва, 2-я Кабельная улица, 2 ст25",Медицинское учреждение,1 этаж,,
"шоссе 1-е Успенское, 111",70000001047167480,"Лапино-2, клинический госпиталь",branch,"Лапино, Лапино-2, клинический госпиталь",Медицинское учреждение,40 подъезд,"Лапино-2, клинический госпиталь",
"Волочаевская улица, 15 к1",70000001020481477,"Медскан На Яузе, медицинский центр",branch,"Москва, Волочаевская улица, 15 к1",Медицинское учреждение,,,
"Мурановская улица, 5",70000001057597369,"Uniклиник, медицинский центр",branch,"Москва, Мурановская улица, 5",Медицинское учреждение,2 этаж,,
"Комсомольский проспект, 24 ст1",70000001031082199,"Поликлиника.ру, медицинский центр",branch,,,1 этаж,,
"Воронцовская улица, 13/14 ст9",70000001056478865,"Он клиник, международный многопрофильный медицинский центр",branch,,,2 этаж,,
"Октябрьский проспект, 133",4504127908854989,"100med, медицинский центр",branch,,,1 этаж,,
"улица Фадеева, 4а ст1",70000001041279128,"Гута клиник, медицинский центр",branch,,,1 этаж,,
"Часовая улица, 20",70000001030115189,"Отделение №2, Консультативно-диагностический центр",branch,"Москва, Научный клинический центр РЖД",Медицинское учреждение,,Научный клинический центр РЖД,
"Садовая-Сухаревская улица, 7/1",70000001049064764,"Олимп Клиник, многопрофильный медицинский центр",branch,,,,,
"Нижняя Первомайская улица, 65",70000001007110546,"Медико-хирургический центр им. Н.И. Пирогова, офтальмологическое отделение",branch,"Москва, Национальный медико-хирургический Центр им. Н.И. Пирогова",Медицинское учреждение,,Национальный медико-хирургический Центр им. Н.И. Пирогова,
"Песчаная улица, 7",4504127908681958,"Аэрофлот, медицинский центр",branch,"Москва, Песчаная улица, 7",Медицинское учреждение,,,
"Международная улица, 19",4504127908574821,"Major Clinic, многопрофильный медицинский центр",branch,"Москва, Международная улица, 19",Медицинское учреждение,,,
"Дербеневская улица, 6",70000001075547409,"Docmed, клиника доказательной медицины",branch,"Москва, Дербеневская улица, 6",Медицинское учреждение,,,
"проспект Маршала Жукова, 38 к1",4504127908576435,"Ниармедик, клиника",branch,,,1-2 этаж,,
"Алтуфьевское шоссе, 28 к1",4504128908747270,Поликлиника Отрадное,branch,"Москва, Алтуфьевское шоссе, 28 к1",Медицинское учреждение,,,
"улица Тимура Фрунзе, 15/1",4504127911908032,Лечебный центр,branch,,,,,
"Малая Полянка улица, 2",70000001068853808,"Согаз, поликлиника",branch,,,1 этаж,,
"Союзная улица, 32Б",4504127908644794,"Альтамед+, многопрофильный медицинский центр",branch,,,1 этаж,,
"Звёздная улица, 7 к1",4504127908568841,"Доктор Боголюбов, медицинский центр",branch,,,1-4 этаж,,
"Высокая улица, 19 к2",4504127908487842,"Медицинский центр в Коломенском, Медицинский центр",branch,"Москва, Высокая улица, 19 к2",Медицинское учреждение,1-4 этаж,,
"Комсомольский проспект, 17 ст11",4504127918092035,Альфа-Центр Здоровья,branch,,,,,
"Мичуринский проспект, 31 к7",70000001069388113,"Медлайн-сервис, медицинский центр",branch,,,2 этаж,,
"шоссе Энтузиастов, 62",4504127908658199,"ЦЭЛТ, многопрофильная клиника",branch,"Москва, шоссе Энтузиастов, 62",Медицинское учреждение,,,
"Школьная улица, 11",4504127911688881,"Чудо Доктор, стоматологическая клиника",branch,,,1-2 этаж,,
"Уланский переулок, 22 ст1",4504127908651229,"ЦАМ, медицинский центр",branch,,,вход с проспекта Академика Сахарова,,
"Ленинградский проспект, 36 ст38",70000001063839991,"Твоя клиника, стоматологическая клиника",branch,,,1 этаж,,
"Большой Кондратьевский переулок, 7",70000001024708017,"Seline, клиника эстетической медицины",branch,"Москва, Большой Кондратьевский переулок, 7",Медицинское учреждение,1-3 этаж,,
"улица 3-е Почтовое отделение, 102",70000001034061631,"Евромедклиник 24, медицинский центр",branch,,,"1, 2 этаж",,
"Ломоносовский проспект, 27 к10",70000001020387173,"Медицинский научно-образовательный центр МГУ им. М.В. Ломоносова, университетская клиника",branch,,,,,
"Якорная улица, 7 к1",4504127920868538,"Президент, сеть многопрофильных клиник",branch,"Москва, Якорная улица, 7 к1",Медицинское учреждение,2 этаж,,
"Брянская улица, 7",70000001089207601,Медицинский центр доктора Александровского,branch,"Москва, Брянская улица, 7",Медицинское учреждение,,,
"улица Льва Толстого, 10 ст1",4504128908658271,"ABC-медицина, медицинский центр",branch,,,1 этаж,,
"Мосфильмовская улица, 53",70000001025495962,"Inwhite Medical, премиум-стоматология для взрослых и детей",branch,,,1 этаж,,
"улица Лётчика Бабушкина, 48Б",70000001020378673,"Столица, многопрофильный медицинский центр",branch,"Москва, улица Лётчика Бабушкина, 48Б",Медицинское учреждение,,,
"улица Щепкина, 35",4504128908411387,Европейский Медицинский Центр,branch,"Москва, улица Щепкина, 35 / Олимпийский проспект, 16 ст3",Медицинское учреждение,,,
"улица Фадеева, 4а",70000001024525488,"Refformat, клиника имплантации и хирургии",branch,,,1 этаж,,
"Ленинский проспект, 66",4504127908444873,"Андреевские больницы, медицинский центр",branch,,,1 этаж,,
"Комсомольская улица, 3",70000001023040520,"Медина, медицинский центр",branch,"Электросталь, Комсомольская улица, 3",Медицинское учреждение,,,
"Кольская улица, 2 к3",4504127908970847,Поликлиника №6 им. Г.Е. Порхачевой,branch,"Москва, Кольская улица, 2 к3",Медицинское учреждение,,,
"улица Гайдара, 12а",70000001029261774,"Жемчужина Подолья, семейный медицинский центр",branch,"Подольск, улица Гайдара, 12а",Медицинское учреждение,1 этаж,,
"улица Говорова, 18/1",70000001022234627,"Верамед, медицинский центр",branch,,,"1, 2, 3, 4 этаж",,
"Ленинградское шоссе, 16а ст3",70000001022327309,"Чайка Метрополис, клиника",branch,,,1 этаж,,
"Хорошёвское шоссе, 48",4504128908460440,"Дантистофф, сеть стоматологических центров",branch,,,,,
"Марксистская улица, 5",70000001006208428,"Имплант Сити, стоматологический центр",branch,,,1 этаж,,
"улица 1905 года, 7 ст1",4504128908541831,"Открытая клиника, медицинский центр",branch,,,1 этаж,,
"улица Корнилаева, 26",70000001064226067,Стоматология рядом,branch,,,1 этаж,,
"улица Декабристов, 24",70000001105086733,"Здоровье, клиника",branch,"Королёв, улица Декабристов, 24",Медицинское учреждение,,,
"Савёлкинский проезд, 4",4504127908965700,"Детство плюс, семейная медицинская клиника",branch,,,1-3 этаж,,
"Дмитровское шоссе, 81",70000001060475294,"КДС Клиник, многопрофильный медицинский центр",branch,,,2 этаж,,
"улица Липовый парк, 4 к1 ст1",70000001029497824,"Imma, медицинская клиника",branch,,,1 этаж,,
"Украинский бульвар, 6",70000001033490179,"ИмплантЛаб, стоматологическая клиника",branch,,,1 этаж,,
"Андропова проспект, 8",70000001031471770,"Cerecon, центр стоматологии",branch,,,6 этаж,,
"Каширское шоссе, 74 к1",4504127915361101,"Медквадрат, клиника",branch,"Москва, Каширское шоссе, 74 к1",Медицинское учреждение,,,
"Старая Басманная улица, 7 ст1",70000001046733063,"CityMed, медицинский центр",branch,,,2 этаж,,
"Можайское шоссе, 2",4504127908566295,"Мать и дитя, центр ЭКО",branch,,,1 этаж,,
"улица Маршала Бирюзова, 4 к1",70000001061760288,"Docdeti, детская клиника доказательной медицины",branch,,,1 этаж,,
"проспект Мира, 16 ст2",70000001060776282,"Dr.Mun, стоматология",branch,,,,,
"улица Станционная, 33",4504127915847263,"Семейная поликлиника №4, взрослое и детское отделение",branch,"Королёв, улица Станционная, 33",Медицинское учреждение,"1, 2 этаж",,
"улица Шаболовка, 54",70000001091622078,"Бест клиник, медицинский центр",branch,,,1 этаж,,
"улица Арбат, 42 ст3",4504127908668888,"Юнидент, стоматологическая клиника",branch,"Москва, улица Арбат, 42 ст3",Медицинское учреждение,1 этаж,,
"Пролетарская улица, 1/3",70000001057849714,"Медина-С, медицинский центр",branch,,,2 этаж; вход в арку,,
"Малая Филёвская улица, 22",70000001066665742,Стоматологическая клиника доктора Фадина,branch,,,1 этаж,,
"Факультетский переулок, 4",4504127908435096,"Зуб.ру, стоматологическая клиника",branch,,,1 этаж,,
"Новая Басманная улица, 5 ст1",4504127908669294,"РЖД-Медицина, центральная поликлиника",branch,,,,,
"улица Талалихина, 2/1 ст7",70000001021679712,"Династия врачей, клиника стоматологии",branch,"Москва, улица Талалихина, 2/1 ст7",Медицинское учреждение,1 этаж,,
"Космодамианская набережная, 22",70000001047923964,"Центр Плюс, медицинская клиника",branch,"Москва, Космодамианская набережная, 22",Медицинское учреждение,1 этаж,,
"улица Удальцова, 77",4504127908576947,"Олимп, медико-диагностический центр",branch,,,1-3 этаж,,
"Солнцевский проспект, 19",70000001018396589,"МедСемья, клиника",branch,,,1 этаж,,
"Садовая-Кудринская улица, 28-30",70000001032231711,Медицинский стоматологический центр Министерства обороны РФ,branch,,,1 этаж,,
"Шелепихинская набережная, 42 к2",70000001061501961,"L.A clinic, клиника натуральной эстетики лица",branch,,,1 этаж,,
"Товарищеский переулок, 10 ст1",70000001019781135,"Креде эксперто, группа клиник",branch,,,1 этаж,,
"Садовая-Самотечная улица, 16 ст1",4504127908569553,Многопрофильный медицинский центр им. Святослава Федорова,branch,"Москва, Садовая-Самотечная улица, 16 ст1",Медицинское учреждение,,,
"Зелёная улица, 45",4504127909075560,"Бобер, лечебно-оздоровительный центр",branch,,,"1, 2, 3, 4 этаж",,
"Рождественская улица, 7",4504127917141186,Городской медицинский центр,branch,,,1 этаж,,
"улица Матросская Тишина, 14а",4504127908918470,"Союз, многопрофильная клиника",branch,"Москва, Союз, многопрофильная клиника",Медицинское учреждение,1 этаж,"Союз, многопрофильная клиника",
"Советская улица, 50",70000001037384236,"Бэл-ар мед, клиника",branch,,,1-3 этаж,,
"Мясницкая улица, 13 ст13",70000001103752407,"Орис, медицинский центр",branch,,,,,
"Можайское шоссе, 4 к1",4504128908459900,"Элегия, медицинский центр",branch,,,1 этаж,,
"Бутырская улица, 46 к2",70000001043921291,"Авторская стоматология доктора Муссурова, стоматологическая клиника",branch,,,2 этаж,,
"Известковый переулок, 5 ст1",70000001055237960,Студия современной стоматологии Александра Газарова,branch,,,1 этаж,,
"улица Лавочкина, 22",70000001039548459,СМК Клиника | Семейная Медицинская Клиника,branch,,,1 этаж,,
"Каланчёвская улица, 17",4504128908548101,"Новостом, стоматологический центр",branch,,,2 этаж; 1 подъезд,,
"Валовая улица, 8 ст1",4504127908382261,Стоматологическая клиника Генри Кларка,branch,,,2 этаж,,
"улица Красная Пресня, 21",70000001030167509,"АстраДент, стоматологическая клиника",branch,,,1 этаж,,
"Пригородное шоссе, 3",70000001047537917,"GoldenMed, медицинская клиника",branch,,,1 этаж,,
"4-й Верхний Михайловский проезд, 10 к6",4504127908630888,"Евромедсервис, медицинский центр",branch,"Москва, 4-й Верхний Михайловский проезд, 10 к6",Медицинское учреждение,,,
"Варшавское шоссе, 75 к1",4504127915235527,"Здоровье, многопрофильный медицинский центр",branch,,,1 этаж,,
"Ломоносовский проспект, 25 к1",4504128908603855,"Shifa, многопрофильный медицинский центр",branch,,,1 этаж,,
"Можайское шоссе, 119",70000001061807939,"Хэлс Мед, медицинский центр",branch,,,1 этаж,,
"улица Маяковского, 21",4504128908354534,"Парацельs, медицинский центр",branch,"Истра, Парацельs, медицинский центр",Медицинское учреждение,1-3 этаж,"Парацельs, медицинский центр",
"Мясницкая улица, 13 ст13",70000001044390883,"Центральная, медицинский центр",branch,,,,,
"Шелепихинская набережная, 34 к1",70000001037977264,"Улыбнись, стоматологический центр",branch,,,1 этаж,,
"улица Герасима Курина, 16",70000001007401525,"Spectra, многопрофильный медицинский центр",branch,,,"1, 2 этаж; вход с торца",,
"Мантулинская улица, 9 к1",70000001089505253,"Флоренция, стоматология",branch,,,,,
"улица Комарова, 10",4504127920620557,"Исток, клиника здоровья",branch,"Звенигород, улица Комарова, 10",Медицинское учреждение,,,
"Гарибальди улица, 15",70000001031811703,"Дентал Фэнтези, детская стоматологическая клиника",branch,,,1 этаж,,
"Сосновая аллея, 2а",70000001024145516,"КДЦ, медицинский центр",branch,"Зеленоград, Сосновая аллея, 2а",Медицинское учреждение,,,
"Напрудный переулок, 15",70000001095745140,"Миа.РФ, центр имплантации и стоматологии",branch,,,,,
"Новокузнецкая улица, 3",4504127908393373,"Дентавита, стоматологическая клиника",branch,,,1 этаж,,
"улица Большая Молчановка, 18",70000001028411186,"Проприкус, стоматология",branch,,,,,
"Зеленоград, к1130",70000001020947070,"Аксис, медицинский центр",branch,,,,,
"Луговой проезд, 4 к1",70000001034717161,"ПрезиДЕНТ на Луговом, сеть стоматологических клиник",branch,,,1 этаж,,
"Коровинское шоссе, 13 к2",70000001029195519,"Латум клиника, многопрофильная медицинская клиника",branch,,,,,
"проспект Маршала Жукова, 3",70000001023438110,"Дентум, стоматологическая клиника",branch,,,1 этаж,,
"Южная улица, 10/1",70000001006478141,"ВТМ, клиника",branch,"Люберцы, Южная улица, 10/1",Медицинское учреждение,1 этаж,,
"жилой комплекс Бутово-Парк, 23 к1",70000001006411100,"ПреАмбула, детский медицинский центр",branch,,,2 этаж,,
"Вокзальная улица, 25 ст1Б",70000001024002773,"Фабрика Улыбок, медицинский центр",branch,,,1 этаж,,
"Большая Дорогомиловская улица, 5",70000001060850551,"OrthoLike, клиники грамотной ортодонтии",branch,,,1 этаж,,
"9-я Парковая улица, 8а",4504127908365814,"Тигренок, детская клиника",branch,,,,,
"улица им. К.И. Вороницына, 1 к2",70000001101693188,"YourMed, медицинский центр для всей семьи",branch,,,,,
"улица Калинина, 26",4504127908382038,"Реутдент, стоматологическая клиника",branch,"Реутов, улица Калинина, 26",Медицинское учреждение,,,
"улица Прокудина, 4а",70000001096263294,"Сомед ГКЛДЦ №1, многофункциональный медицинский центр",branch,"Ивантеевка, улица Прокудина, 4а",Медицинское учреждение,1 этаж,,
"Цветной бульвар, 21 ст6",70000001037261535,"Твой Стом, стоматологическая клиника",branch,,,1 этаж,,
"Юбилейный проспект, 16",70000001021163419,"Моя семья, клиника",branch,,,1 этаж,,
"улица Палиха, 10 ст10",70000001110445844,"Eurokappa, научно-клинический ортодонтический центр",branch,,,,,
"проспект Ленинского Комсомола, 5а",4504127908376060,"Ваш Доктор, медицинский центр",branch,,,1 этаж,,
"Дмитровское шоссе, 71Б",70000001040003321,"abc clinic Moscow, стоматология",branch,,,306 офис; 3 этаж; А подъезд,,
"Волгоградский проспект, 1 ст1",70000001080728932,"Доктор Гудман, частная стоматология",branch,,,1 этаж,,
"Волгоградский проспект, 4а",70000001068225446,"Рутт, клиника",branch,,,2 этаж,,
"Чертановская улица, 38 к1",70000001061316713,"Аполлония-мед, медицинский центр-стоматология для детей и взрослых",branch,,,1 этаж,,
"Смоленская набережная, 2 к2",4504127908682816,"Лечебно-оздоровительный центр МИД России, отделение платных услуг",branch,"Москва, Лечебно-оздоровительный центр МИД России, ФГБУ",Медицинское учреждение,,"Лечебно-оздоровительный центр МИД России, ФГБУ",
"улица Арбат, 28/1 ст1",4504127908575761,"Моситалмед, медицинский центр",branch,,,1 этаж,,
"улица Недорубова, 15",70000001042759897,"МариЛав, клиника красоты",branch,,,1 этаж,,
"Шмитовский проезд, 3 ст2",70000001036059418,"Crocodent, федеральная стоматологическая клиника",branch,,,1-2 этаж,,
"Нагатинская улица, 10",70000001041828719,"Эльклиник, медицинский центр",branch,,,1 этаж,,
"Профсоюзная улица, 104",70000001041650917,"Ист Клиника, многопрофильная медицинская клиника",branch,,,2 этаж,,
"Таганская улица, 26",70000001048443263,"Ами Клиник, стоматологический центр",branch,,,1 этаж,,
"Золоторожский Вал улица, 32 ст29",70000001028968710,"Muras Сlinic, медицинский центр",branch,,,1 этаж,,
"4-й Монетчиковский переулок, 1/6 ст3",4504127917833195,Клиника доктора Мясникова,branch,"Москва, 4-й Монетчиковский переулок, 1/6 ст3 / 6-й Монетчиковский переулок, 6 ст3",Медицинское учреждение,"1, 2 этаж",,
"бульвар Дмитрия Донского, 8",4504127908568572,"Добромед, сеть клиник семейной медицины",branch,,,,,
"Мичуринский проспект, 26",70000001034195788,"Эволюция, стоматологический центр",branch,,,2 этаж,,
"улица Образцова, 11 ст2",4504127908584302,"Рамбам, медицинский центр",branch,,,1 этаж,,
"Коровинское шоссе, 9 к2",70000001025241767,Клиника доктора Матара,branch,,,1 этаж,,
"Рабочая улица, 75а",70000001032825565,"А-Медика, многофункциональный медицинский центр",branch,,,"цокольный, 1 этаж",,
"улица Столетова, 19",70000001065365929,"InLine, стоматологическая клиника",branch,,,,,
"Строительная улица, 3",4504128908491593,"Вита Медикус, поликлиника №2",branch,,,1 этаж,,
"Старопименовский переулок, 8 ст1",4504127908463771,"Лик, стоматологическая клиника",branch,,,1 этаж,,
"Нагорная улица, 9",70000001027292909,"Никсор, многопрофильный медицинский центр",branch,,,1 этаж,,
"Большой Афанасьевский переулок, 22",70000001019236144,Международная Клиника Гемостаза,branch,,,1 этаж,,
"Зеленоград, к1801",70000001024066965,"Дали, стоматологическая клиника",branch,,,2 этаж,,
"Пятницкая улица, 47 ст2",70000001036506930,"Дентал Бьюти Бутик, клиника стоматологии и косметологии",branch,,,1 этаж,,
"Лубянский проезд, 15 ст2",70000001040983425,"Зубландия, детская стоматологическая клиника",branch,,,1 этаж,,
"улица Авиаконструктора Миля, 16",4504127908481052,"Дежавю, стоматологическая клиника",branch,,,1 этаж,,
"бульвар Энтузиастов, 2",70000001065520737,Стоматология на 22 этаже,branch,,,5 офис; 22 этаж,,
"Строгинский бульвар, 10 к3",4504127908640025,"Студия Смайл, медицинский центр",branch,,,1 этаж,,
"улица Свердлова, 9а",70000001019292757,"Дорсуммед, медицинский центр",branch,,,2 этаж,,
"Московская улица, 14",4504127908842386,"Клиника №1, многопрофильный медицинский центр",branch,,,"цокольный, 3, 4 этаж",,
"Большая Дорогомиловская улица, 5",70000001028434950,"Центр спортивной медицины и реабилитации, отделение спортивной медицины",branch,,,1 этаж,,
"проезд Берёзовой Рощи, 8",4504128908905619,"Рудента Кидс, стоматологическая клиника",branch,,,2 этаж,,
"проезд Берёзовой Рощи, 6",4504127918735954,"Рудента, центр стоматологии",branch,,,2-3 этаж,,
"улица Мира, 32а",70000001019365910,"ДенталКрафт, стоматологическая клиника",branch,,,1 этаж,,
"Спортивная улица, 15",70000001035880798,"AniDent, стоматология",branch,,,1 этаж,,
"Кронштадтский бульвар, 13/2 к1",70000001046774445,"Добромед, медицинская клиника",branch,,,,,
"улица Дмитрия Ульянова, 4 к1",70000001069518412,"Dental City Group, стоматология",branch,,,1 этаж; вход со двора,,
"улица Михаила Кутузова, 5а",70000001006680527,"Бэби плюс, семейный медицинский центр",branch,,,3 этаж,,
"Стремянный переулок, 26",70000001055164514,"Все Улыбки All smiles, стоматологическая клиника",branch,,,2 этаж,,
"улица Островитянова, 9 к1",4504127908426697,"Клиника доктора Осиповой, стоматологический центр",branch,,,1 этаж,,
"улица Крымский Вал, 3 ст2",70000001061852186,"New Iceberg, центр естественной стоматологии",branch,,,1 этаж,,
"улица Германа Титова, 10",70000001055905549,"Гиппократ, медицинский центр",branch,,,1 этаж,,
"улица Сретенка, 9",4504128908360413,Столичная Медицинская Клиника,branch,,,1 этаж,,
"проспект Ленина, 30",4504127908839063,"Рефлекс, медицинский центр",branch,,,1 этаж,,
"Киевская улица, 22",4504127908502068,"Первый доктор, медицинская клиника",branch,,,1 этаж,,
"Северный бульвар, 7г ст2",70000001094548263,"П-Дент, сеть стоматологических комплексов",branch,,,3 этаж,,
"Большая Серпуховская улица, 33",70000001024391582,"Витакор, медицинский центр",branch,,,1-2 этаж,,
"Вернадского проспект, 11",70000001081071328,"Все свои!, сеть стоматологических клиник",branch,,,1 этаж,,
"Летниковская улица, 10 ст4",70000001060413185,Умная стоматология,branch,,,1 этаж,,
"Елецкая улица, 16 к1",70000001029552359,"Medical Star, многопрофильный медицинский центр",branch,,,1 этаж,,
"1-я Брестская улица, 43",70000001034371333,"Estetus, клиника доктора Севака",branch,,,1 этаж,,
"Гагаринский переулок, 5 ст1",70000001041367338,"Prodent concept, стоматологическая клиника",branch,,,1 этаж,,
"улица Генерала Белобородова, 35/2",4504128908733870,"Уткинзуб, детская стоматология",branch,,,1 этаж,,
"Мичуринский проспект, 34",70000001065671151,"Mela, клиника цифровой стоматологии и косметологии",branch,,,1 этаж,,
"Малый Кисловский переулок, 9 ст3",4504127918567651,"Эдем, медицинский центр",branch,,,1 этаж,,
"Кожевнический проезд, 4/5 ст5",4504127908972687,"Диал-Дент, семейный стоматологический центр",branch,,,"2, 3 этаж",,
"Свободный проспект, 28",70000001064069917,"Alif dent, стоматологическая клиника",branch,,,1 этаж,,
"Трёхгорный Вал улица, 12 ст2",4504127915031746,"Неватекс.Москва, стоматологическая клиника имплантации и доказательной хирургии",branch,,,1 этаж,,
"Новослободская улица, 36/1 ст1",70000001021394983,"Mendeleev, стоматологическая клиника",branch,,,2-3 этаж,,
"Профсоюзная улица, 104",70000001018396326,"Ви-Терра, клиника",branch,,,2 этаж,,
"улица Михалевича, 49",70000001023771231,"Медина, многопрофильная медицинская клиника",branch,,,,,
"улица Островитянова, 53",70000001033507224,"Рудента Фэмили, центр стоматологии",branch,,,1 этаж,,
"Ботанический переулок, 16",70000001065653072,Европейский стоматологический университет,branch,,,1 этаж,,
"Комсомольский проспект, 32",70000001060723533,"DocDeti, стоматологическая клиника",branch,,,2 этаж,,
"Пятницкая улица, 54 ст2",4504127908558813,"Нормадент-Премиум, стоматологическая клиника",branch,,,2 этаж,,
"улица Вертолётчиков, 1",70000001064200425,"Kinder Dent, семейная стоматологическая клиника",branch,,,1 этаж,,
"улица Айвазовского, 2",4504127908494918,"Новодента+, стоматологическая клиника",branch,,,1 этаж,,
"Тимирязевская улица, 11 к1",70000001020531011,"Здоровая улыбка, сеть стоматологических центров",branch,,,1 этаж,,
"переулок Капранова, 3 ст4",4504127908453386,"Крафтвэй, клиника",branch,,,1 этаж,,
"Марксистский переулок, 3",4504127908510464,"Илатан, сеть семейных стоматологических клиник",branch,,,1 этаж,,
"улица Гризодубовой, 1а",4504128908889079,"Наудент, научная стоматология",branch,,,7 офис; 2 этаж,,
"Судостроительная улица, 40",4504127908389676,"Дент-Ист, стоматологическая клиника",branch,,,,,
"Новопесчаная улица, 16 к2",70000001040101068,"Трилогия, медико-стоматологический центр",branch,,,вход со двора,,
"Кутузовский проспект, 45",70000001020333297,"InSmile by dr. Pekli, стоматологическая клиника",branch,,,1 этаж,,
"Кутузовская улица, 1",70000001030859447,"НовоДент, стоматология",branch,,,1 этаж,,
"Наставнический переулок, 17 ст1",70000001047933426,Семейная стоматология Михаила Агами,branch,,,1 этаж; 17 подъезд,,
"3-й проезд Марьиной Рощи, 41",70000001036938611,"СМ-Клиника, клиника для детей и подростков",branch,,,1-5 этаж,,
"улица Мишина, 38",4504127908658940,"ЭспаДент, центр дентальной имплантации",branch,,,1 этаж,,
"Лазоревый проезд, 3",70000001055317983,"Система, клиника эстетической стоматологии Ирины Буториной",branch,,,1 этаж,,
"Зеленоград, к403а",4504127908576766,"Норма-XXI, медицинский центр",branch,,,2 этаж,,
"Хорошёвское шоссе, 25а к2",70000001090819880,"Люкс Смайл, стоматология современной медицины",branch,,,2/1 помещение,,
"Ярцевская улица, 14",70000001025092087,"Лимон, стоматологическая клиника",branch,,,1 этаж,,
"улица Кржижановского, 13 к2",70000001022477052,"Альгарди, стоматологическая клиника",branch,,,1 этаж,,
"Астраханский переулок, 10/36 ст1",4504127908364676,"Elite Denta, стоматология",branch,,,1 этаж,,
"Мясницкая улица, 19",4504127918791484,"Heartman, лечебно-диагностический центр",branch,,,2 этаж,,
"3-й Монетчиковский переулок, 16 ст1",70000001050686537,"A medclinic, медицинский центр",branch,,,1 этаж,,
"Родионовская улица, 2",70000001097451966,"Мир, клиника здоровья и красоты",branch,,,1 этаж,,
"Стремянный переулок, 2",70000001098161779,Стоматология Глотова,branch,,,1 этаж,,
"Профсоюзная улица, 113 к2",70000001039859741,Клиника Семейной Стоматологии,branch,,,1 этаж,,
"улица Лестева, 20",4504127914784691,"Здоровое поколение, медицинская ассоциация",branch,,,1-2 этаж,,
"улица Льва Толстого, 7а",4504127908463282,"Легкое дыхание, клиника",branch,,,1 этаж,,
"Руновский переулок, 11/13 ст2",4504127909063707,"Доктор смайл, стоматологическая клиника",branch,,,1 этаж,,
"Ленинградское шоссе, 37 к1",70000001034078087,Центр стоматологии Юлии Селютиной,branch,,,1 этаж; первая дверь слева белого цвета,,
"Федеративный проспект, 9 к1",70000001041707206,"Mdc Clinic, многопрофильный медицинский центр",branch,,,1 этаж,,
"Малая Семёновская улица, 15/17 к4",4504127908902710,"Специальный МДЦ-С, медцентр",branch,,,1 этаж,,
"Кантемировская улица, 53 к1",70000001028120829,"Трит, многопрофильный медицинский центр",branch,,,1 этаж,,
"Гурьевский проезд, 25 к1",70000001055488587,"Зубной патруль, клиника семейной стоматологии",branch,,,1 этаж,,
"улица Авиаконструктора Микояна, 14 к1",4504128908469376,"401, стоматология",branch,,,1 этаж,,
"Щёлковское шоссе, 44 к5",70000001025544124,"Диамед, стоматологическая клиника",branch,,,1 этаж,,
"проспект Мира, 12 ст3",4504127908969962,"Столица, стоматологическая клиника",branch,,,,,
"Профсоюзная улица, 56",70000001055659758,"Инпромед, медицинский центр",branch,,,5 этаж,,
"1-я Коммунистическая улица, ст1",4504127908989073,"Домостом, семейная стоматологическая клиника",branch,,,"2, 3 этаж",,
"Краснобогатырская улица, 90 ст1",70000001048544406,"Zemsclinic, стоматологическая клиника",branch,,,1 этаж; 3 подъезд,,
"Петровско-Разумовская аллея, 10 к2",70000001081125154,"Новостом, стоматологический центр",branch,,,,,
"Садовая-Каретная улица, 24/7",4504127908410113,"Дента-Эль, сеть стоматологических клиник",branch,,,1 этаж,,
"Большой Николопесковский переулок, 13 ст1",4504127909059691,"Имплант тайм, стоматологический центр",branch,,,1 этаж,,
"Лялин переулок, 7/2 ст4",70000001106135395,Центр Имплантации Доктора Федорова,branch,"Москва, Лялин переулок, 7/2 ст4",Государственное учреждение,1-3 этаж,,
"Школьная улица, 2",70000001022079443,"Город здоровья, клиника",branch,,,"1, 2 этаж",,
"улица Правды, 24 ст4",70000001036482843,"iOrtho, ортодонтическая клиника",branch,,,1 этаж,,
"улица Ленина, 44",70000001022949151,"Новая медицина, медицинский центр",branch,,,1 корпус,,
"улица Маршала Захарова, 10 к1",70000001035798703,МедСемья Орехово,branch,,,1 этаж,,
"Ленинградский проспект, 66",4504127918812568,"Ортодонт-Комплекс, стоматологический центр",branch,,,1 этаж,,
"Одесская улица, 2 к C",70000001028356644,"Лотос, стоматологическая клиника",branch,,,4 этаж,,
"Страстной бульвар, 4 ст1",70000001067763648,"Новый формат, стоматологическая клиника",branch,,,2 этаж,,
"улица Советской Армии, 17/52",4504127908369791,"Агами, стоматологическая клиника",branch,,,1 этаж,,
"Люсиновская улица, 72",70000001038331945,"Regale, центр инновационной стоматологии",branch,,,1 этаж,,
"Новорязанская улица, 38 ст3",4504127911583503,"СеллаДент на Бауманской, стоматологический центр",branch,"Москва, Новорязанская улица, 38 ст3",Медицинское учреждение,,,
"Большая Семёновская улица, 32",70000001007102633,"Мой Ортодонт, стоматологический центр",branch,,,1 этаж,,
"Багратионовский проезд, 7 к20в",70000001022902768,"Сити-Дент, стоматологическая клиника",branch,,,9 офис; 2 этаж,,
"Вернадского проспект, 8а",70000001059321090,"Доктор Левин, центр приватной стоматологии",branch,,,1 этаж,,
"Нижняя Первомайская улица, 81",4504127920444237,"Онмед, многопрофильный медицинский центр",branch,,,1 этаж,,
"Большой Факельный переулок, 22",70000001053886707,Лёгкая стоматология,branch,,,1 этаж,,
"улица Обручева, 11а",70000001048778875,"Dentaklad, стоматология",branch,,,1 этаж,,
"Орлово-Давыдовский переулок, 8",70000001079653927,"Пумпа Клиника, стоматология",branch,,,,,
"Малая Пироговская улица, 16",70000001050187676,"Альфа-Клиник, стоматологический центр",branch,,,1 этаж,,
"Шарикоподшипниковская улица, 13а",4504127908649817,"Клиника №1, медицинский центр",branch,,,2 этаж,,
"улица Шолохова, 5",4504127908567270,"Медиарт, медицинский центр",branch,,,1 этаж,,
"улица Вавилова, 4",70000001044693470,"SLclinic, стоматологическая клиника",branch,,,1 этаж,,
"Таганская улица, 15 ст2",70000001071837291,"Империя Улыбок, стоматология",branch,,,1 этаж,,
"Почтовая улица, 107",70000001006771070,"Сибирь, центр здоровья",branch,"Чехов, Почтовая улица, 107",Медицинское учреждение,1 этаж,,
"Олимпийский проспект, 22",70000001047614854,"Эта-Стом, цифровая стоматология",branch,,,1 этаж,,
"Люблинская улица, 165 к2",70000001027993039,"Добрый доктор в Марьино, стоматологическая клиника",branch,,,2 этаж,,
"улица Говорова, 87",70000001065946072,"Belo, стоматологическая клиника",branch,,,6 этаж,,
"Центральная улица, 30",70000001024956979,"Красная Звезда, филиал №1",branch,"Гольево, Красная звезда, госпиталь",Медицинское учреждение,,"Красная звезда, госпиталь",
"Серебрянический переулок, 3 ст1",70000001104895822,Европейская стоматологическая академия,branch,,,,,
"Ленинский проспект, 105 к1",70000001017565101,Клиника реконструктивной стоматологии,branch,,,1 этаж,,
"улица Архитектора Щусева, 2 к2",70000001052638077,"Hollywood Smile, стоматологическая клиника",branch,,,1 этаж,,
"1-й микрорайон, 5Б",4504127916708242,"АК ПрофиДент, стоматологическая клиника для всей семьи",branch,,,1 этаж,,
"Сивашская улица, 7 к2",70000001063171544,"Умбем, медицинский центр",branch,,,1 этаж,,
"Перовская улица, 23",4504127915208624,Горклиника в Перово,branch,,,1 этаж,,
"Станционная улица, ст7",70000001019459294,"Dental way, стоматологический центр",branch,,,3 этаж,,
"Кутузовский проспект, 5/3",4504127908569410,Медицинский центр А.Г. Гриценко,branch,,,1 этаж,,
"улица Маршала Чуйкова, 12",4504127921505234,"Медалюкс, стоматологический и медицинский центр",branch,,,1 этаж,,
"Малая Черкизовская улица, 14",4504127908577629,"Пангея, семейный медицинский центр",branch,,,1 этаж,,
"Нахимовский проспект, 56",70000001022624697,"Фэйс Смайл Центр, стоматологическая клиника",branch,,,1 этаж,,
"Каширское шоссе, 24 ст8",4504127908567032,"МедБиоСпектр, медицинский научный центр",branch,"Москва, Каширское шоссе, 24 ст8",Медицинское учреждение,,,
"Октябрьская улица, 1",70000001039267100,"DR. RUDOMIN, стоматология",branch,,,1 этаж,,
"улица Тихомирова, 1",4504128908794760,"Денто-люкс, стоматологическая клиника",branch,,,1 этаж,,
"улица Барышевская Роща, 14",70000001033456021,"Стоматология Супергероев, клиника осознанного лечения",branch,,,2 этаж,,
"Большая Филёвская улица, 3 к4",70000001079728378,"32 карата, стоматологическая клиника",branch,,,4 помещение; 1 этаж,,
"улица Шилова, 15Б",70000001023879155,"Семейный доктор, лечебно-диагностический центр",branch,,,48 помещение,,
"Котельническая набережная, 25 ст1",70000001032188004,"Белая радуга, клиника семейной стоматологии",branch,,,1 этаж,,
"Старопименовский переулок, 18 ст2",70000001055484298,"Миссия 32, стоматология",branch,,,1 этаж,,
"Зелёная улица, 32 к3",70000001017419483,"Галимед, семейная клиника",branch,,,1 этаж,,
"улица Архитектора Щусева, 3",70000001059941013,Клиника Доктора Омарова,branch,,,1 этаж,,
"4-й Крутицкий переулок, 14",4504127909242019,"АктивСтом, стоматологическая клиника",branch,,,1 этаж,,
"1-й Смоленский переулок, 2",70000001044397844,"Dr. Tochiev, стоматологическая клиника",branch,,,2 этаж,,
"Ленинский проспект, 111 к1",70000001044858594,Стоматология Доктор Когина,branch,,,3 этаж,,
"улица Маршала Бирюзова, 2а",70000001024209231,"Новый век, стоматология",branch,,,1 этаж,,
"улица Станиславского, 11",70000001028367172,"Smile-at-Once, стоматология инновационных технологий",branch,,,1 этаж,,
"Малая Пионерская улица, 21 ст1",70000001037975180,"iZub.ru, стоматологический центр",branch,,,1 этаж,,
"улица Циолковского, 7",4504127908867768,"Медика Менте, медико-хирургический центр",branch,,,,,
"Октябрьская улица, 69",70000001032350037,"Мудрый зуб, стоматологическая клиника",branch,,,1 этаж,,
"Зубовский бульвар, 15 ст4",70000001063940939,"Mavie clinique, клиника косметологии",branch,"Москва, Зубовский бульвар, 15 ст4",Медицинское учреждение,,,
"Алтуфьевское шоссе, 56",4504127908612770,"Эстетик, центр медицины и красоты",branch,,,,,
"улица Западный квартал, 6 к1",70000001095117178,"Нам по зубам, стоматологическая клиника",branch,,,1 этаж,,
"Новогиреевская улица, 52",4504127908971265,"Маки-клиник, медицинский центр",branch,,,1 этаж,,
"Калининградская улица, 15",70000001031562400,"Ндц, медицинский центр",branch,,,1 этаж,,
"Серпуховский Вал улица, 21 к4",70000001042874141,"Артикон, центр цифровой стоматологии",branch,,,1 этаж; вход со стороны трамвайных путей,,
"Скандинавский бульвар, 1 к3",70000001074747602,"Скандис, стоматологический центр",branch,,,1 этаж,,
"Инициативная улица, 7в",70000001006498786,"Мир улыбок, стоматологическая клиника",branch,,,1 этаж,,
"проспект Мира, 36 ст1",70000001033418843,"Белгравия Дентал, сеть премиальных стоматологий",branch,,,6 этаж,,
"улица Пилота Нестерова, 9",4504127908366929,"Natadent, стоматологический центр",branch,,,1 этаж,,
"улица Малыгина, 3 ст2",4504127908381014,"Витадент, стоматологическая клиника",branch,,,,,
"1-я Аэропортовская улица, 5",4504127908452273,Стоматологическая клиника на Ленинградке,branch,,,4 этаж,,
"бульвар Любы Новоселовой, 18",4504127920430969,"Медлюкс, медицинский центр",branch,,,1 этаж,,
"Кронштадтский бульвар, 6 к3",70000001046882820,"Белая эстетика, стоматология",branch,,,1 этаж,,
"Рабочая улица, 33",70000001007112610,"Сити Дента Плюс, стоматологический центр",branch,,,1 этаж,,
"Петровско-Разумовская аллея, 10 к1",4504127908394868,"Дмитрович Фэмили, стоматологическая клиника",branch,,,2 этаж,,
"Производственная улица, 12 к2",70000001047683971,"Ястом, стоматология",branch,,,4 секция; 1 этаж,,
"Космодамианская набережная, 4/22 к Б",70000001058777084,"Bionika, центр превентивной медицины",branch,,,1 этаж,,
"улица Камова, 5 к2",70000001064301037,"Royal dent, стоматологическая клиника",branch,,,1 этаж,,
"Рабочая улица, 46",70000001030433221,"Панацея, медицинская компания",branch,,,1 этаж,,
"Люсиновская улица, 53",4504127921371081,"Beauty line, медицинский центр стоматологии и косметологии",branch,,,1 этаж,,
"Богословский переулок, 12а",70000001045470010,"Квинта Ганау, стоматологическая клиника",branch,,,1 этаж,,
"Краснопролетарская улица, 8 ст1",70000001085355053,Клиника Доктора Лобанова,branch,,,4/1 помещение; 1 этаж,,
"Андропова проспект, 8",70000001031379347,"Элайнер.РФ, стоматологическая клиника",branch,,,609 офис; 6 этаж,,
"бульвар Маршала Крылова, 23",4504127908370084,"Альтамед-С, медицинский центр",branch,,,1 этаж,,
"Адмирала Лазарева улица, 43",70000001051416693,"Счастливый доктор, клиника",branch,,,1 этаж,,
"Митинская улица, 16",70000001007373870,"TopSmile, клиника экспертной стоматологии",branch,,,408Б офис; 4 этаж,,
"проезд Русанова, 11",70000001063408200,"Ренуар, стоматология",branch,,,1 этаж; вход рядом с 1 подъездом,,
"Чечёрский проезд, 130",70000001063502745,"Бутово Мед, многопрофильная семейная клиника",branch,,,1 этаж,,
"улица Василия Ощепкова, 3",70000001094472348,"Медсити, медицинский центр",branch,,,8 помещение; 1 этаж,,
"Таганская улица, 36 к2",70000001038647777,"Медалье, клиника",branch,,,,,
"Складочная улица, 1Б",4504127920487973,Спецмедпроф,branch,,,1 этаж,,
"Зюзинская улица, 3",70000001025647979,"Индивита, клиника",branch,,,2 этаж,,
"Волжский бульвар 113а квартал, к9",70000001034212114,"Implant Clinic, стоматологическая клиника",branch,,,,,
"Тимирязевская улица, 7",4504127915098804,"Дез-сервис, многопрофильная компания",branch,,,1 этаж,,
"улица Рогожский Вал, 6",70000001050297299,"Мээрим, стоматологический центр",branch,,,1 этаж,,
"Ботаническая улица, 33в ст1",70000001053696331,"DoReMi, стоматология",branch,,,12 помещение; 1 этаж,,
"Северный бульвар, 7г ст2",4504127908474080,"Медиус С, стоматологическая клиника",branch,,,1 этаж,,
"Люсиновская улица, 13 ст1",70000001026465108,"Миромед, многопрофильный медицинский центр",branch,,,мансардный этаж,,
"Бескудниковский бульвар, 58 к1",70000001024006539,"Стоматология удивительных цен, стоматологический центр",branch,,,1 этаж,,
"улица Кирова, 3",70000001094293309,"Либерти Кидс, частная детская стоматология",branch,,,1 этаж,,
"улица Кадырова, 4 к1",70000001039750787,"Центр качества, клиника",branch,,,1 этаж,,
"улица Маршала Тимошенко, 17 к2",70000001017565135,"Sanabilis, центр стоматологии и челюстно-лицевой хирургии",branch,,,1 этаж,,
"Крымская улица, 2",70000001026897375,"Новые медтехнологии, медицинский центр",branch,,,1 этаж,,
"Южнобутовская улица, 80",70000001033064248,"Доктор Борменталь, медицинский центр",branch,,,,,
"улица Гиляровского, 39 ст2",4504128908486748,"Триа-мед2, медицинский центр",branch,"Москва, улица Гиляровского, 39 ст2",Медицинское учреждение,,,
"Юбилейный проспект, 4 ст1",70000001065134632,"М23 Клиник, центр современной стоматологии",branch,,,2 этаж,,
"посёлок Завода Мосрентген, 37",70000001018394799,"ВиДентис, стоматологическая клиника",branch,,,1 этаж,,
"улица Зои и Александра Космодемьянских, 39",4504127908568673,"Щелкунчик, стоматологический центр",branch,,,1 этаж,,
"улица Казакова, 25",70000001054808663,Клиника доктора Сарычевой,branch,,,1 этаж,,
"Солянский тупик, 1/4 ст3",70000001029533102,"Doctor Martin, стоматологическая клиника",branch,"Москва, Солянский тупик, 1/4 ст3",Медицинское учреждение,1 этаж,,
"Нижегородская улица, 2 к1",70000001017312879,"Фэмили Клиника, медицинский центр",branch,,,1-2 этаж,,
"Малый Головин переулок, 8",70000001045002004,"Dr.Преображенский, стоматологический центр",branch,,,1 этаж,,
"улица Сущёвский Вал, 5 ст28",70000001047841247,"Белая Магия, стоматологическая клиника",branch,,,2 этаж; 2 подъезд,,
"Ходынский бульвар, 20а",70000001044866643,"abiclinic, стоматология",branch,,,1 этаж,,
"Борисовская улица, 1",70000001049933917,"Улыбайся Чаще, стоматологическая клиника",branch,,,1 этаж,,
"Ленинградский проспект, 28",70000001056372306,"Implantlive, стоматологическая клиника",branch,,,1 этаж,,
"Алтуфьевское шоссе, 9",4504127908576051,"МЦ-Альтернатива, медицинский центр",branch,,,2 этаж,,
"2-й Грайвороновский проезд, 38 к2",70000001101467398,"Астевита, стоматологическая клиника",branch,,,1 этаж,,
"улица Знаменские Садки, 1 к1",4504127908473325,"МедикаСтом, стоматологическая клиника",branch,,,1 этаж,,
"Вернадского проспект, 11/19",70000001048798017,Центр стоматологической имплантологии,branch,,,1 этаж,,
"Кастанаевская улица, 9 к1",70000001018360183,"Radix, стоматологическая клиника",branch,,,1 этаж,,
"улица Кирова, 3",4504127908648521,"Сходня, лечебно-диагностический центр",branch,,,"1, 2 этаж",,
"Октябрьский проспект, 141",70000001026886154,"Мама Папа Я, семейная клиника",branch,,,1 этаж,,
"Малая Грузинская улица, 29",70000001036172842,"Митралаб, центр стоматологии",branch,,,,,
"Никулинская улица, 27 к2",4504127908391494,"Дента-рус, стоматологическая клиника",branch,,,1 этаж,,
"Ельнинская улица, 14 к2",70000001027630082,West Dental Clinic,branch,,,,,
"2-й Грайвороновский проезд, 42 к1",70000001046117537,"Ильфа, клиника эстетической стоматологии и ортодонтии",branch,,,,,
"Малая Полянка улица, 12а",70000001062672133,Стоматология доктора Кардаковой,branch,,,1 этаж,,
"Петровско-Разумовская аллея, 4",4504127908568501,"Частный дантист и Коллеги, стоматологическая клиника",branch,,,4 этаж,,
"Лермонтовский проспект, 10 к2",70000001023267802,"AppleStom, центр современной стоматологии",branch,,,,,
"улица Александры Монаховой, 97",70000001033061797,"Байкальская Улыбка, стоматологическая клиника",branch,,,,,
"1-й Кожевнический переулок, 8",70000001036241086,Клиники Столицы,branch,,,1 этаж,,
"Фабричная улица, 1 к1",4504127920313604,Национальный диагностический центр,branch,,,1 этаж,,
"улица Фадеева, 6 ст3",70000001033371050,"Спасибо. Клиник, стоматологический центр",branch,,,1 этаж,,
"Олимпийский проспект, 15 к4",4504127908941061,"Исида, медицинский центр",branch,,,1 этаж,,
"улица Маяковского, 2",4504128908783436,"Medgalaxy, медицинский центр",branch,,,3 этаж,,
"набережная Тараса Шевченко, 1/2",4504127909245081,Немецкий Имплантологический Центр,branch,,,1 этаж,,
"Красноармейская улица, 5",70000001037100946,"Мирамед, медицинский центр",branch,,,1 этаж,,
"улица Александра Солженицына, 6а ст1",70000001045323471,Центр профессиональной стоматологии,branch,,,1 этаж,,
"Киевская улица, 24",70000001041933042,"Академстом, центр имплантации",branch,,,1 этаж,,
"Мосфильмовская улица, 53",70000001041287963,"Aquarelle, клиника",branch,,,"2, 3 этаж",,
"Балаклавский проспект, 2 к5",4504127912401135,"Зубрёнок, детская стоматологическая клиника",branch,,,1 этаж,,
"улица Строителей, 4/2",4504127908577920,"Пластика c, медицинский центр",branch,"Королёв, улица Строителей, 4/2",Медицинское учреждение,1 этаж,,
"Нагатинская набережная, 46",70000001034757857,"Lotus Dent, стоматология",branch,,,1 этаж,,
"Шарикоподшипниковская улица, 6/14",70000001033662793,"Ортодонт Сити, стоматологический центр",branch,,,1 этаж,,
"1-я улица Машиностроения, 10",70000001060675910,"Смайл Студия, стоматология для всей семьи",branch,,,1 этаж,,
"Кастанаевская улица, 43 к2",4504128908477759,"32 Дент, стоматологическая клиника",branch,,,1 этаж,,
"улица Руднёвка, 33",70000001028600004,"Доктор с Вами, медицинский центр",branch,,,1 этаж,,
"Мячковский бульвар, 13",70000001036590407,"Экстра, медицинский центр",branch,,,"2, 3 этаж",,
"Советская улица, 1Б",4504127916783556,"Альтамед, медицинский центр и стоматология",branch,,,2 этаж,,
"3-й Павелецкий проезд, 3",70000001038186341,"Марти, центр цифровой стоматологии",branch,,,1 этаж,,
"Новая Басманная улица, 12 ст2",70000001054818250,"Эстетик дэнт, клиника гнатологии",branch,,,1 этаж,,
"улица Воронцовские Пруды, 3",4504127908814600,"Альфа-клиник, стоматологический центр",branch,,,1 этаж; 23 подъезд,,
"улица Ленина, 1/5",70000001038092266,"Айсберг, стоматологическая клиника",branch,,,1 этаж,,
"улица Жилинская, 27 к6",70000001022010693,"Никор-Мед, медицинский центр",branch,,,1-2 этаж,,
"1-й Николощеповский переулок, 6 ст1",70000001022502823,"GMS Dental, стоматологическая клиника",branch,,,,,
"Весковский переулок, 3",70000001082709896,"Практика доктора Склярука, стоматологическая клиника",branch,,,1 этаж,,
"Триумфальная улица, 4",70000001023839548,"Поликлиника №1, многопрофильный медицинский центр",branch,,,1 этаж,,
"бульвар Веласкеса, 8",70000001067023659,"Добрый Крокодил, центр стоматологии для детей и взрослых",branch,,,1 этаж,,
"Щёлковское шоссе, 61",70000001021638504,"ИмплаДент, сеть стоматологических комплексов",branch,,,1 этаж,,
"улица Соловьиная Роща, 16",70000001023535851,"Ионика, стоматологический центр",branch,,,1 этаж,,
"Покровская улица, 17 к2",70000001044286720,"Aureli dent, стоматологическая клиника",branch,,,1 этаж,,
"Симферопольский бульвар, 29 к1",4504127908464803,"Май, стоматологическая клиника",branch,,,,,
"Наставнический переулок, 17 ст1",70000001038687311,"Orthoffice, стоматологическая клиника",branch,,,"1, 2 этаж; 18 подъезд",,
"бульвар Маршала Крылова, 25а",70000001048372907,"Maxima, медицинский центр",branch,,,10 офис; 2 этаж,,
"Боровское шоссе, 30а",70000001081228706,"Легенда, стоматологический комплекс",branch,,,3 этаж,,
"Дубнинская улица, 27 к1",4504127908493944,"НоваДент, сеть стоматологических клиник",branch,,,,,
"улица 26 Бакинских Комиссаров, 14",70000001050635380,"Айвори Dental Home, стоматология",branch,,,1 этаж,,
"Люблинская улица, 76 к2",70000001081668385,Стоматология Елизаровых,branch,,,1 этаж,,
"Мичуринский проспект, 7 к1",4504127908399679,"Бостонский институт эстетической медицины, стоматологическая клиника",branch,,,1 этаж,,
"улица Улофа Пальме, 1",4504128908911343,"Малыш и Карлсон, детская стоматологическая клиника",branch,,,2 этаж,,
"Мясницкая улица, 22",70000001027922345,"Денталайн, стоматологическая клиника",branch,,,3 этаж,,
"Крымская улица, 13",70000001060626325,"Акула дент, стоматология",branch,,,1 этаж,,
"проезд Шокальского, 11",4504127908368016,"Кариесу.нет, центр стоматологии",branch,,,1 этаж,,
"Волоколамское шоссе, 45",4504127908481872,"Мирана Дент, стоматологическая клиника",branch,,,1 этаж,,
"Малая Грузинская улица, 20/13 ст1",70000001087279076,"Ортоинтеллект, стоматологическая клиника",branch,,,1 этаж,,
"Нижний Сусальный переулок, 5 ст17",70000001025703758,"The dent, стоматология",branch,,,4 этаж,,
"Совхозная улица, 6",70000001039384761,"Верба, семейная клиника",branch,,,1 помещение; цокольный этаж,,
"Гражданская улица, 86а к1",70000001075968368,"Зубр, клиника стоматологии",branch,"Коломна, Гражданская улица, 86а к1",Медицинское учреждение,1 этаж,,
"Ярославское шоссе, 12 к2",70000001036126368,"Мегадент, центр стоматологии",branch,,,1 этаж,,
"Смольная улица, 44 к2",70000001046926169,"White Art, стоматология",branch,,,1 этаж,,
"Молодогвардейская улица, 41",4504127908519710,"Силикон, стоматологическая клиника",branch,,,вход со двора,,
"Новодмитровская улица, 1 ст6",70000001031470974,"Be`u clinic, стоматология",branch,,,201 офис; 2 этаж,,
"улица Эдварда Грига, 18 к3",70000001069726278,"Амадент-М, медицинский центр",branch,,,1 этаж,,
"Мытная улица, 7 ст1",70000001036678515,"Cid, клиника инновационной стоматологии",branch,,,1 этаж,,
"проспект Будённого, 9",70000001054660200,"Мастер дент, стоматологическая клиника",branch,,,1 этаж,,
"улица Удальцова, 5 к1",70000001041900377,"Моя улыбка, стоматологическая клиника",branch,,,1 этаж,,
"Народная улица, 22/13",4504127912021068,"Лаки Смайл, комплексный стоматологический центр для всей семьи",branch,,,1 этаж,,
"1-й Красносельский переулок, 3",70000001096413560,"InMoscow, стоматологическая клиника",branch,,,,,
"улица Бианки, 2 к2",70000001024500780,"Доктор Вита, медицинский центр",branch,,,1 этаж,,
"Куликовская улица, 7",4504127908423656,"Бутово, стоматологический центр",branch,,,1 этаж,,
"проспект Мельникова, 25",70000001006480551,"Мекамед, многопрофильный медицинский центр",branch,,,1 этаж,,
"Ярцевская улица, 28",70000001028918518,"Стимул, медицинский центр",branch,,,1 этаж,,
"улица Намёткина, 13 к2",70000001020934108,"Элисан, стоматологическая клиника",branch,,,1 этаж,,
"улица Дмитрия Ульянова, 32",70000001083996548,"M. Smile, экспертная стоматология",branch,,,1 этаж,,
"Ленинский проспект, 11 ст1",70000001062941923,"M. Arch, стоматология",branch,,,1 этаж,,
"Михневская улица, 8",70000001071451656,"Интелмед, клиника",branch,,,1 этаж,,
"1-я Владимирская улица, 34 к1",70000001070541744,Клиника Маманова,branch,,,,,
"Ленинградское шоссе, 9 к1",70000001109901199,"Белая точка, смайл-бар",branch,,,1 этаж,,
"улица Красная Пресня, 36 ст2",4504127908375575,"Бэби Дент, стоматологическая клиника",branch,,,,,
"Маломосковская улица, 21 к2",70000001094631258,"Норадент, стоматологическая клиника",branch,,,1 этаж,,
"1-й Очаковский переулок, 1",70000001059663274,"Берс, клиника",branch,,,1 этаж,,
"Ельнинская улица, 20 к1",70000001061576411,МосСмайл,branch,,,1 этаж,,
"Вешняковская улица, 11а",70000001080310028,"Вешняки, медицинский центр",branch,,,,,
"Юбилейная улица, 23 к1",4504127908463962,"Лина, стоматологический центр",branch,,,1 этаж,,
"улица Игоря Мерлушкина, 1",70000001021261100,"Кору-Дент, стоматологическая клиника",branch,,,1 этаж,,
"улица Александры Монаховой, 94 к2",70000001048722321,Дентал Диджитал Студио,branch,,,2 офис,,
"улица Ленина, 2/2",70000001024616458,Центр современной медицины,branch,,,,,
"улица Всеволода Вишневского, 4",70000001054255795,"ОФС, стоматология",branch,,,1 этаж,,
"Красноказарменная улица, 9",70000001006975060,"Здоровое поколение, стоматологический центр",branch,,,1 этаж,,
"улица Лобановский Лес, 11",70000001103421326,"Галерея Улыбок, стоматологическая клиника",branch,,,,,
"Партизанская улица, 24",4504127908367010,"ProSmile. Ru, стоматологическая клиника",branch,,,1 этаж,,
"6-я Кожуховская улица, 3 к1",4504127908364668,"Дентал Мир, стоматологическая клиника",branch,,,1 этаж,,
"Полярная улица, 1 к2",70000001053466025,"Эльклиник, медицинский центр",branch,,,,,
"Новогиреевская улица, 24 к4",70000001007476655,"ЛюмиДент, стоматологическая клиника",branch,,,,,
"улица Кашёнкин Луг, 6 к3",4504127916950811,"Наудент, семейная стоматология",branch,,,,,
"2-й Тверской-Ямской переулок, 10",70000001052136578,"Клиника академика Ройтберга, детская клиника",branch,,,,,
"Первомайская улица, 58Б ст1",4504128908455569,"Стомалина, стоматологическая клиника",branch,,,1 этаж,,
"улица Недорубова, 3",70000001034430348,"Alident, центр семейной стоматологии",branch,,,1 этаж,,
"Магеллана проспект, 3",70000001078927932,Стоматология доктора Вартана Саркисяна,branch,,,1 этаж,,
"Хорошёвское шоссе, 25а к3",70000001095595344,"ЗигоПаска, центр скуловой имплантации",branch,,,5Н помещение,,
"Большая Серпуховская улица, 30 ст3",70000001084450210,"Эстелайн, стоматология",branch,,,1 этаж,,
"Шарикоподшипниковская улица, 6/14",70000001082923423,"Дента-ви, стоматологический центр",branch,,,1 этаж,,
"проспект Мира, 52 ст5",70000001038861119,"Unimedkg, медицинский центр",branch,"Москва, проспект Мира, 52 ст5",Медицинское учреждение,"1, 2 этаж",,
"улица Островитянова, 5",70000001041026535,Семейная стоматология,branch,,,1 этаж,,
"Попов проезд, 4",4504127908510407,"Rio-Stom, центр эстетической и цифровой стоматологии и косметологии",branch,,,,,
"проспект Мира, 22 к2",70000001110414753,"Анидент, стоматология",branch,,,1 этаж,,
"Дмитровское шоссе, 72",70000001044714414,"BrainMark Dental Studio, стоматологический центр имплантации зубов",branch,,,1 этаж,,
"Малая Бронная улица, 26 ст1",70000001057794153,Patriki Smile,branch,,,3 этаж; домофон 22#,,
"Шипиловский проезд, 43 к1",70000001035727324,"Наш доктор, медицинский центр",branch,,,1 этаж,,
"улица Чехова, 2",70000001024031856,"Новый лекарь, многопрофильный медицинский центр со стоматологией",branch,,,1 этаж,,
"Октябрьский проспект, 8 к1",4504127908376797,"Визави, стоматология",branch,,,1 этаж,,
"улица Малая Ордынка, 3",70000001076783259,"Силк смайл, семейная стоматология",branch,,,2 этаж,,
"Бутырская улица, 46 к2",70000001020632793,"Prime Smile, стоматологический центр",branch,,,1 этаж; 2 подъезд,,
"Ленинградский проспект, 60а",4504127916858170,Современная стоматология,branch,,,1 этаж; вход с ул. 1-я Аэропортовская,,
"1-я Брестская улица, 33 ст2",70000001044223400,"Dental A.R.T. Center, стоматологическая клиника",branch,,,1 этаж,,
"6-я Радиальная улица, 5 к4",70000001093981204,Моя стоматология Три слона,branch,,,,,
"Ленинградский проспект, 72 к1",70000001090456407,"Alcon, стоматологическая клиника",branch,,,1 этаж,,
"улица Александры Монаховой, 84 к1",70000001090654820,"Потапово, центр стоматологии",branch,,,,,
"Переведеновский переулок, 7/7",70000001056978118,"Regale, центр инновационной стоматологии",branch,,,1 этаж,,
"Хлебников переулок, 4 ст2",70000001079675739,"А-Дент, стоматологический коворкинг-центр",branch,,,,,
"улица Улофа Пальме, 1",4504127908543180,"Святая Варвара, стоматологическая клиника",branch,,,2 этаж,,
"Вернадского проспект, 42 к2",70000001090175597,"Сто Зубов, клиника стоматологии и имплантации",branch,,,,,
"Сосновая аллея, 1",70000001065319715,Экспертная стоматология Доктора Маркова,branch,,,2 корпус; 2 этаж,,
"улица Маршала Захарова, 13 к1",70000001007512190,"Зуб Лечить!, центр стоматологии",branch,,,2 этаж,,
"улица Академика Опарина, 4 к1",70000001048888820,"Weident, стоматологическая клиника",branch,,,1 этаж,,
"Сытинский переулок, 5/10 ст3",4504128908440685,Стоматологическая клиника доктора Лемберга,branch,,,1 этаж; напротив кафе Tilda,,
"улица Липовый парк, 5 к1",70000001026239483,"Блистайм, стоматологическая клиника",branch,,,1 этаж,,
"2-й Мосфильмовский переулок, 12",70000001007438658,"Дентал студио, стоматологическая клиника",branch,,,1 этаж,,
"Дмитровское шоссе, 107 к4",70000001044991423,"Летний Сад, стоматологическая клиника",branch,,,1 этаж,,
"проспект Мира, 79",70000001056394476,"Zubfeya, стоматологический кабинет",branch,,,1 этаж,,
"Электродная улица, 2 ст32",4504127916571163,"Аванстом, стоматологическая клиника",branch,,,2 этаж,,
"Нижняя Красносельская улица, 35 ст23",70000001032990702,"Мастерская улыбок, стоматологическая клиника",branch,,,1 этаж,,
"Оболенский переулок, 9 к8",70000001030371700,Лаборатория Улыбок и Красоты Dr.Elmar,branch,,,,,
"Химкинский бульвар, 14 к4",70000001031813396,"Ваш Доктор, медицинский центр",branch,,,1 этаж,,
"улица Годовикова, 2",70000001098035914,"Morfo, центр ортодонтии и гнатологии",branch,,,,,
"Большой Афанасьевский переулок, 11/13",4504127912237723,"Центромед, клиника",branch,,,1 этаж,,
"улица Воровского, 8/1",70000001029376447,"Династия врачей, клиника стоматологии",branch,,,1 кабинет; 2 этаж,,
"3-я Парковая улица, 12",70000001025193969,"Ваш доктор А, медицинский центр",branch,,,1 этаж,,
"улица Пресненский Вал, 14 к3",70000001102568194,Клиника доктора Корякина,branch,,,1 этаж,,
"улица Ленина, 25Б",70000001059279283,"Era dental clinic, стоматологическая клиника",branch,,,2 этаж,,
"13-я Парковая улица, 10",70000001025032737,"Первая клиника Измайлово доктора Бандуриной, медицинский центр",branch,,,1 этаж,,
"Волгоградский проспект, 8",70000001082818863,Стоматология доктора Орджоникидзе,branch,,,1 этаж,,
"Кутузовский проспект, 30",70000001049286738,"ОртоГнатика, центр ортодонтии и гнатологии",branch,,,1 этаж,,
"Симферопольский бульвар, 24 к2",4504127909068301,"Аполлония, семейная стоматология",branch,,,1 этаж,,
"улица Грина, 1 к3",70000001063458272,"Смайл Крафт, стоматологический центр",branch,,,1 этаж,,
"улица Чугунова, 14",4504127916805746,MedЦентр,branch,"Раменское, улица Чугунова, 14",Медицинское учреждение,,,
"Ленинградское шоссе, 26 к1",70000001101964458,"Премиал Дент, стоматология",branch,,,1 этаж,,
"улица Лётчика Грицевца, 6",70000001019176090,"Sharkstom, семейный стоматологический центр",branch,,,1 этаж,,
"Садовая-Черногрязская улица, 3Б ст1",4504127908372858,"БельтаНова, стоматологическая клиника",branch,,,1 этаж,,
"улица Генерала Белобородова, 35/2",4504127919791865,"Денталь Профи, стоматологический центр",branch,,,1 этаж,,
"Октябрьский проспект, 1 к1",70000001026730928,"Белый медведь, стоматология",branch,,,1 этаж,,
"Ленинский проспект, 83 к1",70000001057586558,"Estet Clinic, стоматология",branch,,,,,
"Котельническая набережная, 21",70000001090481482,Implant Clinic,branch,,,,,
"шоссе Энтузиастов, 36",4504127908543254,"Стоматологическая Практика 14*14, стоматологическая клиника",branch,,,1 этаж,,
"Складочная улица, 1 ст1",70000001093869303,"Umetria, цифровая стоматология",branch,,,11 подъезд,,
"Люблинская улица, 104",4504127908566560,"В Марьино, медицинский центр",branch,,,1 этаж,,
"1-й Новоподмосковный переулок, 2/1",4504127914663003,"Один к одному, стоматологическая клиника",branch,,,,,
"Ратная улица, 10а",70000001021094891,"Главзуб, стоматологическая клиника",branch,,,,,
"бульвар Маршала Крылова, 25а",70000001100735112,"Альтамед Dent, стоматологическая клиника",branch,,,2 этаж,,
"Сеченовский переулок, 2",70000001029635027,"Clinic In, стоматологический центр",branch,,,,,
"улица Липовый парк, 7 к1",70000001062481692,"С-три эстэйт, стоматология",branch,,,1 этаж,,
"Окская улица, 3 к1",4504127908399630,"Дентал Макс, стоматологическая клиника",branch,,,1 этаж,,
"Марксистская улица, 20 ст1",4504127908591423,"Реставрация, стоматологическая клиника",branch,,,2 этаж,,
"Ломоносовский проспект, 25 к3",70000001028524425,"Доминион, стоматологический центр",branch,,,1 этаж,,
"Волгоградский проспект, 4",70000001055113421,"Сити-Смайл, стоматология",branch,,,1 этаж,,
"Парковый микрорайон, 1 к7",70000001104010006,"Доктор Брашков, стоматологический центр",branch,,,,,
"Мичуринский проспект, 21Б",4504127919251966,"Герпетический центр, Российская академия медико-технических наук",branch,,,1-2 этаж,,
"Садовая-Самотечная улица, 6 ст2",4504128908502679,"Формула Рошковского, стоматология",branch,,,1 этаж; вход со двора,,
"Можайское шоссе, 86Б",4504127908472213,"Мегадент+, стоматологическая клиника",branch,,,,,
"Московская улица, 84 к2",70000001029761823,"Cmd, центр молекулярной диагностики",branch,,,1 этаж,,
"улица Большие Каменщики, 6 ст1",4504127908666167,"Этна-дент на Таганской, стоматологическая клиника",branch,,,1 этаж,,
"улица Земляной Вал, 52/16 ст3",70000001026553213,Стоматологическая клиника Конникова,branch,,,1 этаж,,
"6-я Радиальная улица, 5 к4",70000001007142608,"Астра Дент, стоматологическая клиника",branch,,,2 этаж,,
"Хорошёвское шоссе, 12 ст1",70000001024950961,"Potyaev orthodontics, стоматологическая клиника",branch,,,3 этаж,,
"улица Академика Доллежаля, 4",70000001039675446,"Медсити, клиника семейного здоровья",branch,,,1 этаж,,
"Ломоносовский проспект, 29 к2",4504127915313559,"Амити, клиника семейной стоматологии",branch,,,2 этаж,,
"Сельскохозяйственная улица, 38 к2",70000001064776733,"Endentica, медицинский центр",branch,,,,,
"Калашный переулок, 5",4504127908568957,"Эвита Студия, стоматологическая клиника",branch,,,1 этаж,,
"Долгоруковская улица, 35",4504128908412222,"Мята, стоматологическая клиника",branch,,,1 этаж,,
"микрорайон 1 Мая, 4",70000001051176935,"Mesedclinic, медицинский центр",branch,,,189 помещение; 2 этаж,,
"7-й квартал, 2 к2",70000001079681921,Стоматтория,branch,,,1 этаж,,
"улица Маяковского, 3а",4504127915946058,"Герат, медицинский центр",branch,,,1 этаж,,
"Первомайская улица, 60 к1",70000001029336252,"Valident, стоматологическая клиника",branch,,,1 этаж,,
"улица Большая Полянка, 15",70000001035409147,"Vin Clinic, стоматологическая клиника",branch,,,1 этаж,,
"Болотниковская улица, 31",70000001041220654,"Royal smile, стоматология",branch,,,1 этаж,,
"улица Михайлова, 30а к6",70000001088264933,"Кристалл, стоматологическая клиника",branch,,,1 этаж,,
"Ботаническая улица, 19 к1",70000001020464017,"Сервантес, стоматологическая клиника",branch,,,,,
"Московская улица, 58",70000001027894944,"Ю-клиника, медицинский центр",branch,,,1 этаж,,
"улица Удальцова, 85 к2",4504127908496238,"Ортодонт-центр, стоматологическая клиника",branch,,,,,
"Люблинская улица, 163/1",70000001100588282,"Бэби Вита Дент и Белая Сова, стоматологическая клиника для детей и взрослых",branch,,,,,
"Смольная улица, 24а",4504127917151223,"Практика доктора Склярука, стоматологический центр",branch,,,цокольный этаж,,
"Кузьминская улица, 11",70000001006526675,"Профи-мед, медицинский центр",branch,,,1 этаж,,
"Московский проспект, 57 к3",70000001040599698,"Династия, стоматологическая клиника",branch,,,2 этаж,,
"Кутузовский проспект, 26",70000001058857131,"Just smile, стоматологическая клиника",branch,,,,,
"Гагаринский переулок, 7 ст1",4504127908804457,Первая Профессорская стоматологическая клиника,branch,,,цокольный этаж,,
"Заречная улица, 8а",70000001041153023,"Давинчи, стоматология",branch,,,2 этаж,,
"Берёзовая аллея, 17 к2",70000001046747102,"Адм Клиника, стоматология",branch,,,,,
"улица Малое Понизовье, 2",70000001083339750,"Улица Улыбок, стоматологическая клиника",branch,,,1 этаж,,
"Верхняя Красносельская улица, 20 ст1",70000001062343152,"ФиксСтом, центр цифровой стоматологии",branch,,,,,
"Лялин переулок, 5 ст3",4504127908463723,"Денто Лидер, сеть стоматологических клиник",branch,,,1 этаж; вход в арку,,
"Кантемировская улица, 45",70000001111347009,Мед.ком,branch,,,,,
"улица Сергея Макеева, 8",4504127918071782,"Имплант-эксперт, стоматологический центр",branch,,,цокольный этаж,,
"Центральный проспект, к435а",70000001021083726,"Медикал Профи, многопрофильный медицинский центр",branch,,,2 этаж,,
"Ковров переулок, 15",70000001036288013,"Мастера улыбки, стоматологический центр",branch,,,,,
"Малая Юшуньская улица, 3",70000001096454665,Эль-Стом,branch,,,,,
"Большой Дровяной переулок, 20 ст1",70000001019987579,Центр профессиональной стоматологии,branch,,,1 этаж,,
"улица Коцюбинского, 4",4504127908435228,"Зубастик, стоматологическая клиника",branch,,,257 павильон; 2 этаж,,
"Амурская улица, 1а к4",70000001056456463,"Эстетикс, стоматологический центр",branch,,,1 этаж,,
"улица 8 Марта, 32",70000001024044347,Клиника вашего стоматолога,branch,,,1 этаж,,
"Международная улица, 15а",4504127911983570,"Азбука улыбки, стоматологический центр",branch,,,202 офис; 2 этаж,,
"Чертановская улица, 9 ст3",70000001042725956,"Эв-клиника, стоматологический центр для взрослых и детей",branch,,,2 этаж,,
"Вятская улица, 3",70000001057248989,"Stom-i, стоматологическая клиника",branch,,,1 этаж,,
"Новоалексеевская улица, 22 к1",70000001097592898,"Титаниум, частная стоматология",branch,,,1 этаж,,
"2-я Новоостанкинская улица, 12",70000001038879247,"Медлайн люкс, стоматологическая клиника",branch,,,1 этаж,,
"Голиковский переулок, 5",4504127908367057,"Санитас, стоматологическая клиника",branch,,,1 этаж,,
"улица Покрышкина, 1 к1",70000001021170630,"Мелис, центр стоматологии и косметологии",branch,,,,,
"Ходынский бульвар, 2",70000001028171263,"Доктор Куров, стоматологическая клиника",branch,,,1 этаж,,
"Вокзальная улица, 39а",70000001007133459,"Комфорт, стоматологический центр",branch,,,2 этаж,,
"Дергаевская улица, 32",70000001023943179,"Мой доктор, медицинская клиника",branch,,,2 этаж,,
"улица Жуковского, 4 ст1",70000001039324099,"Инновация, стоматология",branch,,,1 этаж,,
"Троицкая улица, 8",70000001071549592,Клиника эстетической стоматологии доктора Марка Аликина,branch,,,,,
"улица Строителей, 6 к1",4504127908669474,Поликлиника на улице Строителей,branch,,,"1, 2 этаж",,
"проезд Стратонавтов, 9",70000001078761929,Семейная клиника,branch,,,1 этаж,,
"Вернадского проспект, 9/10",70000001089825103,Стоматология Малахова,branch,,,1 этаж; вход с проспекта Вернадского,,
"Осташковская улица, 7 к1",4504127908775424,"Дентокласс, стоматологическая клиника",branch,,,1 этаж,,
"Волоколамское шоссе, 13",4504128908610976,Философия стоматологии,branch,,,1 этаж,,
"Ленинградский проспект, 35 ст2",70000001043398847,"Smile Atelier, стоматология",branch,,,482 помещение; 2 этаж; 8 подъезд,,
"Береговой проезд, 3",70000001109502514,"Emirida, стоматология",branch,,,1 этаж,,
"Садовая-Сухаревская улица, 8/12",70000001098650456,"Белый кролик, стоматологическая клиника",branch,,,1 этаж,,
"улица Грекова, 11",70000001033827827,"Mig Dent, стоматологическая клиника",branch,,,1 этаж,,
"Саларьевская улица, 10 к1",70000001049286553,"Мой Дантист, стоматология",branch,,,,,
"Мясницкая улица, 24/7 ст3",70000001082853407,"Доктор Стом, стоматология",branch,,,1 этаж,,
"Ленинский проспект, 103",70000001034139853,"Смайл СПА, стоматология",branch,,,2 этаж,,
"улица Харлампиева, 50 к3",70000001064257784,"МойЗдрав, медицинский центр",branch,,,,,
"Рябиновая улица, 2",4504127918867234,"Альтамед+, многопрофильный медицинский центр",branch,,,3 этаж,,
"Балаклавский проспект, 18 к1",70000001089220852,"Галерея Улыбок, стоматологическая клиника",branch,,,1 этаж,,
"Ленинградский проспект, 36 ст33",70000001038872305,Стоматологическая клиника Доктора Минко,branch,,,1 этаж,,
"Ленинградский проспект, 29 к1",70000001064021297,"Пробел, стоматологическая клиника",branch,,,1 этаж,,
"Новомытищинский проспект, 43 к5",4504127908452908,"Королевство зубной щетки, детская стоматологическая клиника",branch,,,1 этаж,,
"Развилка посёлок, ст33а",70000001048045943,"Диво-мед, медицинский центр",branch,"Развилка, Развилка посёлок, ст33а",Медицинское учреждение,1-2 этаж,,
"Гончарная улица, 12 ст6",70000001110193244,"ЦПС 3, Центр профессиональной стоматологии",branch,,,,,
"Московский проспект, 7а",4504127908700918,"ЭкстроДент, стоматологическая клиника",branch,,,2 этаж,,
"проспект Мира, 75 ст1",70000001007288493,Стоматологическая клиника Елены Мокренко,branch,,,1 этаж,,
"Краснопролетарская улица, 7",70000001044931755,"Colibri Dental, стоматологический центр",branch,,,1 этаж,,
"улица Плещеева, 11в",4504127915486003,"Центральная клиника района Бибирево, многопрофильный медицинский центр",branch,,,1 этаж,,
"3-я улица Ямского Поля, 9 к6",70000001037115688,"Dazhaev, стоматологическая клиника",branch,,,Н102 офис; 1 этаж,,
"Волоколамское шоссе, 71 к1",70000001054408649,"K78dent, стоматологическая клиника",branch,,,1 этаж,,
"Профсоюзная улица, 57",4504127908544735,Центр междисциплинарной стоматологии и неврологии,branch,,,1 этаж,,
"Варшавское шоссе, 154 к1",4504128908845779,"Здоровье плюс, медицинская клиника",branch,,,1 этаж,,
"улица Ленина, 84",70000001039852877,"Клиника доктора Шаталова, медико-хирургический центр",branch,,,2 этаж,,
"Новорогожская улица, 6 ст1",70000001093600526,"Зефир, семейная стоматология",branch,,,1 этаж,,
"Новая Басманная улица, 35 ст1",70000001042876070,"Басманный, стоматологический центр",branch,,,1 этаж,,
"Комсомольский проспект, 41",70000001102212113,Complex Smile,branch,,,1 этаж,,
"Красногорский бульвар, 7",4504127916088832,Правильная стоматология,branch,,,1 этаж,,
"Марксистская улица, 34 к8",70000001075011138,"Зубы за один день, центр тотальной имплантации и протезирования",branch,,,2 этаж,,
"улица Гвоздева, 5",70000001064272639,"Medzon, клиника",branch,,,,,
"Нахимовский проспект, 65",70000001093874807,"Dsd, клиника",branch,,,,,
"Южнобутовская улица, 42",4504127909313480,"Imed, медицинский центр",branch,,,1 этаж,,
"Университетский проспект, 16",4504128908598235,"Academic Dentistry, стоматологическая клиника",branch,,,1 этаж,,
"улица Дениса Давыдова, 7",70000001057476533,"ИнДент, стоматологическая клиника",branch,,,31 помещение; 1 этаж,,
"Ангарская улица, 22 к1",4504127908372482,"Астра-Смайл, стоматологическая клиника",branch,,,1 этаж,,
"улица Малое Понизовье, 9 к3",70000001081282838,"С-Три Эстэйт, стоматология",branch,,,,,
"Тверской бульвар, 20 ст1",4504128908535607,"Вита дент, цифровая стоматология",branch,,,1 этаж,,
"Можайское шоссе, 112а",4504127915758700,"Оди, стоматология",branch,,,1 этаж,,
"Гвардейская улица, 11",70000001022044005,"Смайл СПА, семейная стоматология",branch,,,010 офис; 1 этаж,,
"Варшавское шоссе, 16 к1",70000001043776583,Первая Московская городская социальная стоматология,branch,,,1 этаж,,
"улица Говорова, 87",70000001035268093,"Арт, центр стоматологических и косметических услуг",branch,,,319 офис; 3 этаж,,
"Советская улица, 9",4504127908640245,"Зенит-Медсервис, медицинский центр",branch,,,1 этаж,,
"5-я улица Соколиной Горы, 25 к3",4504127908969937,"Адент, стоматологический центр",branch,,,,,
"улица Пудовкина, 7в",70000001022767299,"Периодент, стоматологическая клиника",branch,,,1 этаж,,
"Селезнёвская улица, 34 к1",70000001044822408,"Usmile, семейная стоматологическая клиника",branch,,,2 этаж,,
"Большая Спасская улица, 10 к1",4504127908836283,"ДентаЛюкс-М, стоматологическая клиника",branch,,,1 этаж; 6 подъезд,,
"Адмирала Лазарева улица, 19",70000001039775587,"Smile Expert, стоматологическая клиника",branch,,,1 этаж,,
"улица Архитектора Щусева, 2 к3",70000001051561850,"DentalRoom, стоматологический центр",branch,,,1 этаж,,
"улица Потаповская Роща, 26 к3",70000001083254408,"Вида, стоматология",branch,,,1 этаж,,
"улица Дзержинского, 16",4504128908425039,Центральная больница экспертизы летно-испытательного состава,branch,"Жуковский, Центральная больница экспертизы летно-испытательного состава",Медицинское учреждение,,Центральная больница экспертизы летно-испытательного состава,
"Защитников Москвы проспект, 14",70000001070150911,"Акула, клиника стоматологии и косметологии",branch,,,1 этаж,,
"улица Свободы, 45 ст1",70000001049010043,"БьютиСтом, стоматологическая клиника",branch,,,,,
"Братиславская улица, 13 к1",4504127908376951,"ВизиоДент, стоматологическая клиника",branch,,,1 этаж,,
"Автозаводская улица, 23 ст931 к3",70000001033984736,"Лечим Зубы, стоматологическая клиника",branch,,,1 этаж,,
"Туристская улица, 16 к4",70000001093987871,"Доктор в Доме, медицинский центр",branch,,,1/3 помещение; 1 этаж,,
"Вилора Трифонова улица, 1",70000001037365165,"Av Clinic, стоматология",branch,,,1 этаж,,
"Ленинградский проспект, 35 ст2",70000001058685673,"Dentaire Avenir Clinique, стоматологический центр",branch,,,1 этаж,,
"улица Удальцова, 16",70000001056444534,"Dent&Аrt, стоматологическая клиника",branch,,,1 этаж,,
"улица Пресненский Вал, 14 к1",70000001036356054,"Ml Clinic, стоматологическая клиника",branch,,,1 этаж,,
"улица Фонвизина, 18",70000001087225175,"Доктор Хардиков, стоматологическая клиника",branch,,,1 этаж,,
"улица Каховка, 25",70000001058884256,"Grand clinic, медицинский центр",branch,,,2 этаж,,
"Мичуринский проспект, 9 к4",70000001061114269,"Feelclinic, стоматология",branch,,,1 этаж,,
"Береговой проезд, 5 к2",70000001056622762,"Ortho friends clinic, стоматологическая клиника",branch,,,1 этаж,,
"Пресненская набережная, 12",4504128908893956,"DHC, стоматологический центр",branch,,,1А офис; 46 этаж,,
"Варсонофьевский переулок, 8 ст1",4504127913884055,"Ланри Клиник, клиника эстетической стоматологии",branch,,,1 этаж; 1 подъезд; домофон 1,,
"Профсоюзная улица, 64 к2",70000001029235198,"Dr.Teeth, стоматологическая клиника",branch,,,1 этаж,,
"Новослободская улица, 3 ст3",70000001026637717,"Королевство Улыбок, стоматология",branch,,,2 этаж,,
"Студенецкий переулок, 3",70000001055270149,"РумСтом, стоматологическая клиника",branch,,,1 этаж,,
"Всеволожский переулок, 2 ст2",4504128908703102,"Swiss smile, швейцарская стоматологическая клиника",branch,,,1 этаж,,
"Филёвский бульвар, 40 ст1",70000001007437399,"Альфа клиника, медицинский центр",branch,,,1 помещение,,
"Полковая улица, 3 ст8",70000001034233857,Территория зубной феи и семи медиков,branch,,,2 этаж,,
"Долгопрудненское шоссе, 6а",70000001080039988,"YourMed, многопрофильный медицинский центр",branch,,,,,
"улица Авиаконструктора Микояна, 14 к4",4504127908400780,"Diezdent, клиника семейной стоматологии",branch,,,1 этаж,,
"Троицкая улица, 13",70000001032382312,"Mb smile, стоматологический центр",branch,,,1 этаж,,
"Фестивальная улица, 20 к2",70000001074362357,МедСемья,branch,,,,,
"улица Ленина, 19а",70000001040074446,"Центр-м, семейная стоматологическая и косметологическая клиника",branch,"Лобня, улица Ленина, 19а",Медицинское учреждение,,,
"Святоозёрская улица, 32",70000001060598841,"Ваш Стоматолог, стоматологическая клиника",branch,,,,,
"Минская улица, 14 к1",70000001082967511,"Астери мед, медицинский центр",branch,,,,,
"Шереметьевская улица, 27",70000001045419253,"Ао Стом, стоматологический центр",branch,,,1 этаж,,
"улица Покрышкина, 11",70000001024736603,"Tomident, стоматология",branch,,,1 этаж,,
"Хохловский переулок, 3 ст1",70000001032288530,"Созвездие, авторская стоматология",branch,,,1 этаж,,
"Ломоносовский проспект, 29 к2",4504127915313602,"Led clinic, клиника стоматологии",branch,,,8 офис; 2 этаж,,
"Велозаводская улица, 2 к3",70000001031173483,"Мед-амулет, медицинский центр",branch,,,1 этаж,,
"Ленинский проспект, 119",70000001104578218,"Клиника Суханова, стоматологическая клиника",branch,,,1 этаж,,
"улица Шверника, 20а",70000001102925389,Центр отоларингологии и челюстно-лицевой хирургии им. М.И. Федоровской,branch,,,,,
"Товарищеский переулок, 1 ст3",70000001099314453,"Zedent, стоматологическая клиника",branch,"Москва, Товарищеский переулок, 1 ст3",Медицинское учреждение,1 этаж,,
"улица Большая Полянка, 51а",70000001065083583,"Isabelle dentistry, клиника",branch,,,3 этаж,,
"3-й Самотёчный переулок, 2",4504127908905554,"Медстайл Эффект, медицинский центр",branch,,,1 этаж,,
"улица Борисовка, 28",70000001035202402,"Видент, центр современной стоматологии",branch,,,15 помещение; 1 этаж,,
"Новочерёмушкинская улица, 17",70000001089555957,"Рунадент, стоматологическая клиника",branch,,,1 этаж,,
"улица Макаренко, 9 ст2",4504127909061315,"Reform, стоматологическая клиника",branch,,,1 этаж,,
"3-я улица Бухвостова, 4",4504127918253268,"Арктика, стоматологическая клиника",branch,,,1 этаж,,
"Сокольническая площадь, 9",4504127909240961,"Alex-Dent, стоматологическая клиника",branch,,,2 этаж,,
"улица Народного Ополчения, 23 к3",4504128908606879,"Мед-Лайт, многопрофильный медицинский центр",branch,,,1 этаж,,
"улица Ефремова, 14",70000001041818871,Нью-Йоркский стоматологический центр,branch,,,1 этаж,,
"улица Удальцова, 30",4504127914366305,Стоматология Взаимоотношений Доктора Блюмкина,branch,,,1 этаж,,
"Шарикоподшипниковская улица, 40",70000001084430820,"Клиника здоровья, стоматологическая клиника",branch,,,1 этаж,,
"улица Грина, 3 к2",4504128908515254,"Легенда, стоматологический комплекс",branch,,,1 этаж,,
"улица Мира, 15",70000001043540128,"Best Family, стоматология",branch,,,1 этаж,,
"Спартаковская площадь, 14 ст4",70000001068619854,"Go Smile, стоматологический центр",branch,,,4208 офис; 2 этаж,,
"улица Сергия Радонежского, 23-25 ст1",4504127908369554,"Аб-клиника, стоматологическая клиника",branch,,,2 этаж,,
"улица 3-е Почтовое отделение, 90",4504127915627019,"Дента бейби, детская стоматология",branch,,,1 этаж; вход со стороны дороги,,
"улица Каляева, 3/1",70000001023759207,"Медиал, медицинский центр",branch,,,2 этаж,,
"улица Расплетина, 12 к1",70000001027449676,"Р-МеД, стоматологическая клиника",branch,,,1 этаж,,
"улица Хлобыстова, 10 к1",70000001061807606,"Sculpture Smile, стоматология",branch,,,,,
"Можайское шоссе, 22",70000001084109734,"Стоматолог рядом, стоматологическая клиника",branch,,,,,
"Каширское шоссе, 83",4504127908989063,"Домодент, стоматологическая клиника",branch,,,,,
"улица Дмитрия Ульянова, 30",70000001047978548,"Bivni dental club, стоматологическая клиника",branch,,,1 этаж,,
"Новочеркасский бульвар, 13",70000001078725713,"Мой Зубной, стоматологический центр",branch,,,2 этаж,,
"Бескудниковский бульвар, 6 к2",4504127909066394,"Русдент, стоматология",branch,,,1 этаж,,
"2-й Самотёчный переулок, 1",70000001038856783,"Солоклиник, стоматологический центр",branch,,,1 этаж,,
"улица Воронина, 6",70000001088018706,"Линия медицины, медицинский центр",branch,,,1 этаж,,
"Ореховый проезд, 41 к1",4504127908548527,"Стоматология №1, стоматологическая клиника",branch,,,1 этаж,,
"проспект Мира, 95",70000001079099960,"Первая Цифровая Стоматология, стоматологическая клиника",branch,,,2 этаж,,
"Нижняя Красносельская улица, 40/12 к20",4504128908866047,"DentaTech, стоматологическая клиника",branch,,,117 офис; 1 этаж; 3 подъезд,,
"улица Добролюбова, 21а к А",70000001007239370,"Эксперт, стоматологическая клиника",branch,,,1 этаж,,
"бульвар Веласкеса, 7 к5",70000001061445364,"Quartus, центр стоматологии",branch,,,1 этаж,,
"Боголюбская улица, 4а",4504127908519255,"Светоч, медицинский центр",branch,"Пушкино, Боголюбская улица, 4а",Медицинское учреждение,,,
"улица Толбухина, 13 к1",4504127908842084,"Авромед, взрослое отделение",branch,,,1 этаж,,
"Профсоюзная улица, 83 к1",4504128908492455,"Дентал Визит, стоматологический центр",branch,,,1 этаж,,
"Большая Очаковская улица, 1",70000001007446322,"Albertclinic, стоматологическая клиника",branch,,,1 этаж,,
"2-й квартал, к52",70000001064639272,"Березка, медицинский центр",branch,,,1 этаж,,
"улица Маршала Василевского, 1 к1",4504127908464836,"Макдент, стоматологическая клиника",branch,,,слева от 7 подъезда место; 1 этаж,,
"1-й Обыденский переулок, 10",70000001021609439,"Deva-Dent, эстетическая стоматология",branch,,,1 этаж,,
"Олимпийский проспект, 12",70000001093687841,"Семья, стоматологическая клиника",branch,,,1 этаж,,
"Грузинский Вал улица, 11 ст4",70000001006907056,"Зубики.ру, стоматологическая клиника",branch,,,2 этаж; 1 подъезд,,
"Огородный проезд, 16/1 ст3",70000001049880883,"Дентал Мания, стоматология",branch,,,805 офис; 8 этаж,,
"улица Героев Панфиловцев, 13 к3",70000001025300509,"OneDent, стоматологическая клиника",branch,,,1 этаж,,
"Нижняя Красносельская улица, 15 ст1",4504128908414256,"Esperanto Dental Clinic, стоматологическая клиника",branch,,,1 этаж,,
"Спасо-Тушинский бульвар, 7",70000001061003312,"Новомед, медицинский центр",branch,,,1 этаж,,
"Научный проезд, 19",70000001018624463,"Avantis, стоматологическая клиника",branch,,,1 этаж,,
"Новая Басманная улица, 18 ст1",70000001045297336,"AG-Smile, стоматологический центр",branch,,,1 этаж,,
"Киевская улица, 18",70000001006931301,"Бельта, стоматология",branch,,,2 этаж,,
"Нахимовский проспект, 33/2",4504127908658483,"Эркастом-студио, стоматологическая клиника",branch,,,1 этаж,,
"улица Чистяковой, 2",4504127921353747,"Меди Профи, стоматология",branch,,,,,
"Весковский переулок, 3",70000001021615829,"Mnk dent, стоматологическая клиника",branch,,,6 секция; 1 этаж,,
"Верхние Поля улица, 18",4504128908731015,Ортодонтический центр доктора Гусева,branch,,,1 этаж,,
"Воронцовская улица, 20",70000001021176791,"Family Smile, семейная стоматология",branch,,,1 этаж,,
"Привольная улица, 71 к1",70000001023820471,"Premium smile, стоматологическая клиника",branch,,,1 этаж,,
"улица Викторенко, 11",70000001065486892,"Gml, стоматологическая клиника",branch,,,1 этаж,,
"Красногорский бульвар, 17",70000001024917411,"Dentis by dr. Markevich, стоматологический центр",branch,,,3 помещение; 1 этаж,,
"Новоясеневский проспект, 13 к2",70000001044462255,"Оранж клиник, медицинский центр",branch,,,1 этаж,,
"Шлюзовая набережная, 2а",70000001045888421,Upgrade dental clinic,branch,,,1 этаж,,
"Мичуринский проспект, 27 к1",70000001061856142,Мичуринский центр имплантации и протезирования,branch,,,,,
"Нагатинская набережная, 14 к1",70000001082874431,"MonteClinic, клиника стоматологии",branch,,,1 этаж,,
"проспект Ракетостроителей, 9 к1",70000001029763672,"Мс-дентаклиник, клиника стоматологии",branch,,,,,
"Новороссийская улица, 25 к1",4504127909081109,"Ниа-мед, медицинский центр",branch,,,1 этаж,,
"Ломоносовский проспект, 25 к5",70000001022343587,"Мазот, стоматологический центр",branch,,,1 этаж,,
"Сходненская улица, 35",70000001035076321,"Первая Стоматология, стоматологическая клиника",branch,,,1 этаж,,
"Каширское шоссе, 65 к2",70000001055168837,"Кашалот, стоматологическая клиника",branch,,,1 этаж,,
"Хорошёвское шоссе, 5 к1",4504127908489781,"Smile Symphony, стоматологическая клиника",branch,,,1 этаж,,
"Трубниковский переулок, 13 ст1",70000001026162220,"Apico. pro, стоматологический центр",branch,,,2 этаж,,
"Свободный проспект, 37 к2",4504127916455134,"Доктор Дент, стоматологический центр",branch,,,,,
"переулок Васнецова, 3",70000001051263040,"Viva Smile, стоматологическая клиника",branch,,,1 этаж,,
"улица Академика Королёва, 8 к1",4504127914743208,"AcademMed, медицинский центр",branch,,,1 этаж,,
"улица Мишина, 38",70000001056583812,"Starlight, стоматологическая клиника",branch,,,1 этаж,,
"Берёзовая аллея, 17 к2",70000001040968183,"Ла Перегрина, стоматологическая клиника",branch,,,1 этаж,,
"Новодмитровская улица, 2 к4",70000001039603847,"Ле Мон, стоматология",branch,,,1 этаж,,
"улица Климашкина, 5",70000001019739540,"Alba Apex, стоматологическая клиника",branch,,,1 этаж,,
"Кантемировская улица, 45",4504127908464134,"Лпс-дента, стоматология",branch,,,1 этаж,,
"Бескудниковский бульвар, 11 к1",70000001046074744,"Сальвадора Дент, стоматология",branch,,,1 этаж,,
"Советская улица, 21",70000001063221501,Центр дентальной имплантации,branch,,,1 этаж,,
"2-й квартал, ст17",4504127908574527,"Ваш доктор, медицинский центр",branch,,,,,
"переулок Ангелов, 1",70000001065947006,"Митино Дент, стоматологическая клиника",branch,,,1 этаж,,
"Ленинский проспект, 122",4504127908417447,"ДокДент, стоматологическая клиника",branch,,,,,
"Родниковая улица, 9а к3",70000001064155798,"V Profi, стоматология",branch,,,14/1 помещение; 1 этаж,,
"проспект Мира, 40",70000001068077014,"Axdent, стоматология",branch,,,3 этаж,,
"Волгоградский проспект, 42 к12",70000001030794878,"СМ-Стоматология, сеть стоматологических клиник для взрослых и детей",branch,,,3 этаж,,
"Ленинский проспект, 68/10",70000001047077034,"Aspectclinic, стоматологический центр",branch,,,1 этаж,,
"Главмосстроя улица, 10",70000001088203675,"Зуб здоров, стоматология",branch,,,1 этаж,,
"Кутузовский проспект, 30/32",4504127908417269,"МедсвисДента, специализированная стоматологическая клиника",branch,,,3 этаж; 12а подъезд,,
"улица Горького, 5",4504128908418890,"Ника, стоматологическая клиника",branch,,,1 этаж,,
"улица Перерва, 39",4504128908832392,"Дантист, американский стоматологический центр",branch,,,2 этаж,,
"Верхние Поля улица, 35 к4",4504127917121905,"Империя, центр стоматологии и имплантологии",branch,,,,,
"1-й Тверской-Ямской переулок, 16",70000001032942091,"Денталь, клиника красоты и здоровья",branch,,,1 этаж,,
"Чонгарский бульвар, 26а к1",70000001036658338,"Родной город, стоматологическая клиника",branch,,,1 этаж,,
"Дубнинская улица, 26 к1",4504127908351214,"УстаДент, стоматологическая клиника",branch,,,1 этаж,,
"Хорошёвское шоссе, 25а к2",4504127909069301,"Эстетика, стоматологическая клиника",branch,,,,,
"Совхозная улица, 49",70000001055837607,"Ай клиник, стоматологическая клиника",branch,,,1 этаж,,
"Скандинавский бульвар, 2 к8",70000001061724421,Dental Luxury Clinic,branch,,,1 этаж,,
"Можайское шоссе, 165",70000001063913465,"Фреско, стоматология",branch,,,1 этаж,,
"проспект Космонавтов, 11",4504127908445967,"Интердентос, стоматологический центр",branch,,,1 этаж,,
"Петровско-Разумовская аллея, 6",70000001039484947,"Дан Клиник, стоматология",branch,,,1 этаж,,
"проезд Берёзовой Рощи, 12",4504127908481901,Медицинский центр доктора Кузнецова,branch,,,2 этаж,,
"улица Петра Алексеева, 10",70000001103294608,"Venus Dental Clinic, студия современной стоматологии",branch,,,,,
"Бескудниковский бульвар, 2а",70000001032710302,Стоматология Бескудниково,branch,,,1 этаж,,
"3-я улица Марьиной Рощи, 4 к2",4504127908371906,"Аминдент, стоматологическая клиника",branch,,,1 этаж,,
"2-я Кабельная улица, 10",70000001041763087,"Медклассика, стоматологический центр",branch,,,1 этаж,,
"улица Маршала Новикова, 11",70000001037905592,"Бего, стоматология",branch,,,1 этаж,,
"улица Липовый парк, 4 к3",70000001079670932,"Ю-стом, стоматология",branch,,,17/1 помещение; 1 этаж,,
"проспект Мира, 99",4504127908480682,"Медсервис М, стоматологическая клиника",branch,,,1 этаж,,
"улица Талсинская, 59",4504127921287148,"Улыбка, стоматологическая клиника",branch,,,203 офис; 2 этаж,,
"улица Академика Челомея, 2а",4504127908416880,"Дианта, стоматологический центр",branch,,,,,
"улица Руставели, 1/2",70000001027100235,"Адель, медицинский центр",branch,,,1 этаж,,
"3-я Нововатутинская улица, 2",70000001103333400,"Smile safe, стоматология",branch,,,1 этаж,,
"Восточная улица, 15/6",70000001030317646,"Первый Даниловский, многопрофильный медицинский центр",branch,,,,,
"Северная улица, 51",4504127915815154,"Трио Дент, стоматологическая клиника",branch,,,2 этаж,,
"улица Татьяны Макаровой, 8",70000001034261226,"Маленькая Гельвеция, стоматологическая клиника",branch,,,,,
"Профсоюзная улица, 64 к2",70000001025400498,"Nl-Clinic, центр доктора Крутова",branch,,,1 этаж,,
"Солнечная улица, 7",70000001030546465,"АльтаДент, стоматологическая клиника",branch,,,1 этаж,,
"Крымская улица, 19",70000001075860536,"Ав Медицина, семейная клиника",branch,,,1 этаж,,
"улица Фонвизина, 18",70000001080992797,"Самсон-дента, стоматологическая клиника",branch,,,,,
"Никулинская улица, 27 к3",4504127908503744,"Профидент, центр профилактической стоматологии",branch,,,1 этаж; вход со двора,,
"Нагорный бульвар, 19 к1",70000001007490182,"Евромед С, клиника",branch,,,,,
"Ленинградский проспект, 35",70000001090152062,"Avastom, стоматологический кабинет",branch,,,,,
"1-я Дубровская улица, 13",70000001056724495,"Kas-med clinic, медико-стоматологический центр",branch,,,,,
"Кутузовская улица, 3",70000001060657742,"Рай-стом, стоматологическая клиника",branch,,,,,
"Первомайская улица, 9",70000001061151517,Клиника Еремеева и Берберя,branch,,,,,
"Мичуринский проспект, 15",70000001089230709,"Ла Перегрина, стоматологическая клиника",branch,,,1 этаж,,
"улица Фадеева, 4а ст1",70000001075839141,"Гута клиник, стоматология",branch,,,5 этаж,,
"4-я улица Марьиной Рощи, 3",70000001037055993,"Премоляр, стоматологическая клиника",branch,,,1 этаж,,
"Спартаковская улица, 25/28 ст1",70000001105282709,"Меджик доктор, стоматологическая клиника",branch,,,2 этаж,,
"Минская улица, 2",70000001061710630,"Kovalchuk clinic, клиника эстетической стоматологии",branch,,,1 этаж,,
"Косинское шоссе, 10",70000001065264461,"Симфония Улыбки, стоматология",branch,,,1 этаж,,
"улица Покровка, 31 ст1",70000001023232786,"Клиника на Покровке, центр имплантации и стоматологии",branch,,,1 этаж,,
"улица Электрозаводская, 20",70000001024325189,"Smile, стоматологическая клиника",branch,,,1 этаж,,
"улица Дыбенко, 36 к1",70000001096445025,"Денталик, стоматологический центр",branch,,,1 помещение,,
"Комсомольский проспект, 36",70000001082046998,"Чиполлино в Хамовниках, детская стоматологическая клиника",branch,,,1 этаж,,
"Малый Сухаревский переулок, 9 ст1",70000001020064958,"Имплантмастер, центр имплантации и стоматологии",branch,,,1 этаж; вход со двора,,
"улица Удальцова, 52",70000001023488494,"Sense Clinic, клиника",branch,,,1 этаж,,
"улица Дыбенко, 38 к1",70000001061448099,"Виктория мед, медицинский центр",branch,,,2 этаж; детский клуб Манки,,
"Молодёжная улица, 2а",70000001020308731,"Нео смайл, стоматологическая клиника",branch,,,5 кабинет; 2 этаж,,
"Староалексеевская улица, 20",70000001076240019,"Blanche, швейцарская стоматология",branch,,,1 этаж,,
"Профсоюзная улица, 9",70000001029798200,"Фоксдент, стоматологический центр",branch,,,1 этаж,,
"Берсеневская набережная, 20/2",4504127908755337,"Александрия, стоматологическая клиника",branch,,,1 этаж; около 12-го подъезда,,
"улица Электрозаводская, 33 ст1",70000001084320623,"Денталити, стоматологическая клиника",branch,,,от поста охраны налево по коридору,,
"Алтуфьевское шоссе, 85",70000001066926282,"Edison Clinics, стоматологическая клиника",branch,,,2 этаж,,
"Новолесная улица, 4",70000001019808061,"Smart Clinic, стоматологическая клиника",branch,,,1 этаж,,
"Перовская улица, 66 к6",70000001018628775,"Фурор, стоматологический центр",branch,,,1 этаж,,
"Зеленодольская улица, 30 к2",70000001033871983,"Устадент, стоматологическая клиника",branch,,,2 этаж,,
"Дубравная улица, 36",70000001031356507,"Династия М, стоматологическая клиника",branch,,,1 этаж,,
"улица Генерала Ермолова, 10",4504128908888617,Городской стоматологический центр,branch,,,,,
"Рощинская улица, 9",70000001078719209,"Dental home family, клиника эстетической стоматологии",branch,,,,,
"Туристская улица, 16 к4",70000001090001022,"St dental, центр современной стоматологии",branch,,,1 этаж,,
"Петровско-Разумовский проезд, 5",70000001018000398,"Филигранно, стоматологическая клиника",branch,,,1 этаж,,
"улица Земляной Вал, 4 ст1",70000001076216600,"Зубной Стандарт, клиника ортодонтии и комплексной стоматологии",branch,,,1 этаж,,
"1-й Советский переулок, 7",4504127909024362,"Рич-Дент, стоматологическая клиника",branch,,,1 этаж,,
"улица 1812 года, 9",70000001062965483,"Постурадент, стоматологическая клиника",branch,,,1 этаж,,
"Нижегородская улица, 7",4504128908861841,Клиника лазерной стоматологии,branch,,,1 этаж,,
"Нововатутинский проспект, 10 к1",70000001024185600,"Новые Ватутинки, медицинский центр",branch,,,1 этаж,,
"Ленинский проспект, 72/2",70000001007425205,"NKclinic, имплантологический центр",branch,,,1 этаж,,
"9-я Парковая улица, 37",70000001020230044,Стоматологическая клиника,branch,,,1 этаж,,
"Зеленодольская улица, 41 к2",70000001074378840,"Aza&Buka, клиника детской стоматологии",branch,,,,,
"бульвар Яна Райниса, 29",4504127908390860,"Дент-оптимум, стоматологическая клиника",branch,,,,,
"Кировоградская улица, 38 к1",70000001025829946,"Зубсервис, стоматологическая клиника",branch,,,1 этаж,,
"3-й Хорошёвский проезд, 4",70000001032798946,"Зубная формула, стоматологическая клиника",branch,,,1 этаж,,
"улица Трофимова, 15",70000001112401776,"Дентал Гармония, стоматология",branch,,,1 этаж,,
"Лопухинский переулок, 3 ст3",4504127908542947,Центр персональной стоматологии Владимира Новикова,branch,,,1 этаж,,
"Красноказарменная улица, 14а к5",70000001076988853,"Dental Daily, стоматология",branch,,,1 этаж,,
"Ореховый бульвар, 7 к1",4504127908510565,"Medical Star, стоматологическая клиника",branch,,,1 этаж,,
"Советская улица, 60",4504127909024689,"САНИДЕНТ, стоматологическая клиника",branch,,,,,
"Центральная улица, 15",70000001025298075,"Денталис, клиника семейной стоматологии",branch,,,3 этаж,,
"Сосновая улица, 1 к3",70000001041699627,"Оранж, стоматология",branch,,,1 этаж,,
"Беломорская улица, 20 к2",70000001047887793,"32 плюс, стоматологическая клиника",branch,,,,,
"улица Маршала Рыбалко, 2 к3",70000001022728128,Фамильная стоматология,branch,,,103 офис; 1 этаж,,
"улица Раменки, 20",70000001101498314,МХ Медикал,branch,,,,,
"Гоголевский бульвар, 3",70000001109690883,"Иксора Дентал Клиник, стоматологическая клиника",branch,,,,,
"Мичуринский проспект, 5",4504127908400900,"Дентблан, семейная стоматологическая клиника",branch,,,1 этаж,,
"Новочерёмушкинская улица, 55 к2",70000001025302424,"Алм Медицина, медицинский центр",branch,,,2 этаж; центр Мои документы,,
"Садовническая набережная, 25",70000001077443092,"Sunrise, медицинский центр",branch,,,1 этаж,,
"улица Грина, 11",70000001081207470,"Клиника уха, горла и носа",branch,,,1 этаж,,
"Грохольский переулок, 30 к1",70000001033371103,"Altameta, стоматологическая клиника",branch,,,1 этаж,,
"Ермолинская улица, 3",70000001039015771,"Белый Носорог, стоматологическая клиника",branch,,,1 помещение; 1 этаж,,
"улица Дмитрия Ульянова, 31",4504128908475309,"Белла вита дент, стоматологическая клиника",branch,,,1 этаж,,
"проспект Мельникова, 10",4504128908562613,"Дентал Имплант, центр семейной стоматологии",branch,,,,,
"Павловская улица, 18",70000001036191367,"Альянс, медицинский центр",branch,,,1 этаж,,
"Ярославское шоссе, 105",70000001067152505,"Степдентал, стоматологическая клиника",branch,,,1 этаж,,
"Зелёная улица, 72/1",70000001034938222,"Семья, медицинский центр",branch,"Домодедово, Зелёная улица, 72/1",Медицинское учреждение,"цокольный, 1-2 этаж",,
"Минская улица, 1г к2",70000001078993397,"Реавиз, Московская академия стоматологии",branch,,,1 этаж,,
"Молодёжная улица, 3",70000001033999040,"Козак-дентал, стоматологическая клиника",branch,,,2 помещение; 1 этаж,,
"Огородный проезд, 25/20",70000001039148458,"Айза-Мед, стоматологическая клиника",branch,,,1 этаж,,
"2-й Митинский переулок, 5",70000001060667754,"Байкал Дент, стоматологический центр",branch,,,1 этаж,,
"Крымская улица, 12/11",70000001062646702,"Валдент, стоматологический центр",branch,,,,,
"проспект Ракетостроителей, 5 к2",70000001034695051,"Ваше здоровье, медицинская клиника",branch,,,1 этаж,,
"улица Удальцова, 73",4504128908882397,"Правильная стоматология, стоматологическая клиника",branch,,,1 этаж,,
"Севанская улица, 3 к2",70000001104903764,"Vivaldi, стоматология",branch,,,1 этаж; напротив входа,,
"Братиславская улица, 6",70000001045535368,Стоматология доктора Тарасовой,branch,,,1 этаж,,
"квартал Северный, 3",70000001028994596,"Чеширский кот, стоматология",branch,,,1 этаж,,
"улица Юности, 6",70000001087771504,"FS Dental Clinic, стоматология",branch,,,1 этаж,,
"Набережная улица, 35 к7",70000001027462281,"Dental Family, стоматологический центр",branch,,,1 этаж,,
"Советская улица, 58",70000001007214733,Альтамед-Голицыно,branch,,,,,
"Электролитный проезд, 16 к7",70000001029058050,"Smile land, семейная стоматология",branch,,,1 этаж,,
"улица Панфёрова, 4",70000001035222784,"VivaDent, стоматология",branch,,,28 кабинет; 2 этаж,,
"Сельскохозяйственная улица, 37",70000001077391544,"Sun clinic, клиника стоматологии и косметологии",branch,,,1 этаж; вход со стороны третьего подъезда,,
"2-й Мичуринский тупик, 1",70000001038228741,"Азмед, клиника",branch,,,1 этаж,,
"улица 8 Марта, 20 к2",70000001089113843,"Палитра, стоматология",branch,,,4 помещение,,
"Заречная улица, 9",70000001045797899,"Жемчужина, стоматология",branch,,,,,
"Школьная улица, 1",4504127916858512,"Новастом, стоматологический центр",branch,,,9 этаж,,
"улица Крупской, 1",70000001032969575,"Varvara, стоматологическая клиника",branch,,,IX помещение; 1 этаж,,
"1-й Самотёчный переулок, 17а",70000001066675911,"Алиев.Дентал, стоматологическая клиника",branch,,,1 этаж,,
"Скандинавский бульвар, 9",70000001102375055,"Ch dental clinic, центр комплексной стоматологии",branch,,,,,
"Большой Козихинский переулок, 10",4504127908569124,"Эдельвейс, стоматологическая клиника",branch,,,1 этаж; вход в арку,,
"Лесная улица, 16 к1",70000001099857565,"Александрит, стоматологическая клиника",branch,,,15 помещение,,
"улица Шаболовка, 23 к1",4504127908364275,"Avroraclinic, клиника стоматологии и косметологии",branch,,,1 этаж,,
"Якиманский переулок, 6",70000001017899853,"Стоматолог-эксперт, стоматологическая клиника",branch,,,3 этаж,,
"улица Лобачевского, 118 к2",70000001039647756,"Бриз, стоматологическая клиника",branch,,,1 этаж,,
"Ореховый бульвар, 59 к1",4504128908805146,"МедСтатус, медицинский центр",branch,,,1 этаж,,
"Профсоюзная улица, 68 к4",70000001047912090,"Delfi Clinic, стоматологическая клиника",branch,,,большая вывеска над входом,,
"Нахимовский проспект, 27 к5",4504127915400109,"Доктор БТБ, семейная стоматологическая клиника",branch,,,1 этаж,,
"Ольховая улица, 6",4504127918190581,"СтомаДим, стоматологическая клиника",branch,,,1 этаж,,
"Зоологическая улица, 2",4504128908351422,"Старс Дентал, стоматологический центр",branch,,,1 этаж,,
"Университетский проспект, 9",4504127908453856,"Keri, клиника",branch,,,1 этаж,,
"3-я Парковая улица, 9",70000001110956465,Актумед,branch,,,,,
"Ходынский бульвар, 20а",70000001044188440,"One Smile, стоматологическая клиника",branch,,,15В помещение; 2 этаж,,
"1-я Дубровская улица, 5",70000001105111911,"Мистер Зуб, стоматология",branch,,,1 этаж; вход с ул. 1-я Дубровская,,
"улица Гиляровского, 55",70000001026134919,"White line, центр гнатологии и комплексной стоматологии",branch,,,1 этаж,,
"Ломоносовский проспект, 34",4504127908480368,"Zeta dent, стоматологическая клиника",branch,,,1 этаж,,
"проспект Пацаева, 7 к8",70000001006615286,"Улыбка, клиника стоматологии",branch,,,,,
"Карамышевская набережная, 48 к2",70000001047576913,"DentalDate, стоматология",branch,,,,,
"улица Маршала Василевского, 17",4504127908769251,"Дент энд Кеа, стоматологическая клиника",branch,,,1 этаж,,
"Прокшинский проспект, 10",70000001082951691,"Три-А, стоматология",branch,,,1 этаж,,
"Берёзовая улица, 3",4504127908501361,"Oris, клиника",branch,,,1 этаж,,
"проспект Мира, 192",4504127908482026,"Mr.Dent, стоматологическая клиника",branch,,,1 этаж,,
"улица Талалихина, 1 к3",70000001021146765,"Королевская улыбка, стоматологический центр",branch,,,,,
"улица Эдварда Грига, 18 к1",70000001098588964,"Айронстом, стоматологическая клиника",branch,,,1 этаж,,
"улица Победы, 22",70000001006686367,"Ангел-дент, стоматологический центр",branch,,,1 этаж,,
"Фитарёвская улица, 6",70000001100083605,"Астом, стоматологическая клиника",branch,,,1 этаж; около салона Прованс,,
"Можайский Вал улица, 8",70000001058888109,"La Metamorphose, стоматологическая клиника",branch,,,1 этаж,,
"2-я Брестская улица, 46 ст1",70000001023469776,"Зууб.рф, стоматологический центр",branch,,,2 этаж,,
"Новая улица, 9",70000001059727277,Стоматологическая клиника доктора Захарова,branch,,,1 этаж,,
"улица Викторенко, 9 ст1",70000001086814156,"Academia, стоматологическая клиника",branch,,,2 этаж,,
"улица Авиаконструктора Петлякова, 13 к1",70000001029744203,"Во все 32, стоматологическая клиника",branch,,,1 этаж,,
"1-я улица Ямского Поля, 1 к1",70000001103062076,"Volviankin Ortho, стоматологическая клиника",branch,,,457 офис; 2 этаж,,
"улица Руднёвка, 43",70000001006532122,"Иденти, стоматологическая клиника",branch,,,1 этаж,,
"Молодёжная улица, 48",70000001027096161,"Миродент, стоматологическая клиника",branch,,,2 этаж,,
"проспект Мира, 176",70000001024988484,"Your dentist, стоматологическая клиника",branch,,,1 этаж,,
"Мясницкая улица, 35 ст2",70000001068592261,Центр профессиональной стоматологии,branch,,,5 этаж,,
"Селигерская улица, 18 к1",4504128908779458,"Мидодент, стоматологическая клиника",branch,,,,,
"Петрозаводская улица, 15 к5",70000001017436301,"Вилма-Дент, семейная стоматология",branch,,,2 этаж,,
"Пионерская улица, 10а к3",70000001027315156,"Пионер Дентал, стоматологический центр",branch,,,1 этаж,,
"15-я Парковая улица, 45",70000001037889127,"Доктор Жак, стоматологический центр",branch,,,1 этаж,,
"Фестивальная улица, 29",70000001075843796,"DinStom, центр цифровой имплантологии",branch,,,1 этаж,,
"Сельскохозяйственная улица, 38 к1",70000001086714443,"Smile progress, стоматологическая клиника",branch,,,1 этаж,,
"улица Кузнецкий Мост, 9/10",70000001019588816,"Зубнов, стоматологическая клиника",branch,,,3 этаж,,
"Ленинский проспект, 82",4504127908638912,"Здоровье-основа всего!, медицинский центр",branch,,,цокольный этаж,,
"Ленинский проспект, 111 к1",4504127917278912,"Доктор Анна, семейная клиника",branch,,,1 этаж,,
"улица Янковского, 1 к3",70000001086804117,Клиника функциональной стоматологии доктора Медведева,branch,,,"1, 2 этаж",,
"Шенкурский проезд, 11",70000001062547529,Кс-клиник,branch,,,2 этаж,,
"3-й Самотёчный переулок, 11 ст1",70000001098898014,Стоматология доктора Сердюк,branch,,,2 этаж,,
"Новослободская улица, 46 ст1",4504127908527722,"Специалист, стоматологическая клиника",branch,,,2 этаж,,
"Мичуринский проспект, 56",70000001084561763,"Айэм Клиник, клиника эстетической стоматологии",branch,,,1 этаж,,
"Олимпийский проспект, 16 ст5",4504127908369431,"US Dental Care, стоматологический центр",branch,,,2 этаж,,
"улица Удальцова, 12",4504127908493312,"Новадент, стоматологическая клиника",branch,,,1 этаж,,
"Киевская улица, 22",4504128908359631,"Эскулап, стоматологический центр",branch,,,1 этаж,,
"квартал 3А, 29",4504128908568219,"Здоровые дети, семейная клиника",branch,,,1 этаж,,
"2-я Черногрязская улица, 6 к2",70000001035900357,"MaxTreat, пародонтологический центр Максима Копылова",branch,,,1 этаж,,
"3-й Самотёчный переулок, 11 ст1",70000001095306039,Превентивная Стоматология,branch,,,2 этаж,,
"Куприна проспект, 34 к2",70000001084086873,"Дентал Диджетал Студио, центр стоматологии",branch,,,99 офис; 2l этаж; справа от подъезда №3,,
"Мичуринский проспект, 21 к4",70000001027659292,"Арм клиник, стоматологическая клиника",branch,,,1 этаж,,
"Ильинский бульвар, 4",70000001033890621,"Макс-дентал, стоматологический центр",branch,,,1 этаж,,
"улица Победы, 17 к1",70000001064280022,"Семейная стоматология, клиника",branch,,,1 этаж,,
"1-й Красносельский переулок, 3",70000001071242509,"La Dental soul, стоматологическая клиника",branch,,,1 этаж,,
"улица 3-е Почтовое отделение, 86",70000001057353667,"Мрг, медицинский центр",branch,,,1 этаж,,
"Ленинградский проспект, 80",4504128908356408,Дентал 7,branch,,,1 этаж,,
"улица Марьинский Парк, 19 к2",4504127908482264,"Москва, стоматологическая клиника",branch,,,1 этаж,,
"улица Карла Маркса, 25",70000001023184452,"Дюна, клиника 3D цифровой стоматологии",branch,,,1 этаж,,
"Шарикоподшипниковская улица, 38 ст3",70000001038497322,"Russmile, стоматологическая клиника",branch,,,отдельно стоящее здание с кирпичным фасадом,,
"Нарвская улица, 1а к4",70000001076194881,"Acula, стоматологическая клиника",branch,,,12 офис; 1 этаж,,
"Грузинский Вал улица, 26 ст1",70000001062941866,"Concept dental studio, стоматологическая клиника",branch,,,,,
"улица Барамзиной, 14/4",4504128908544944,"Профисмайл, стоматологическая клиника",branch,,,1 этаж,,
"Ленинградский проспект, 56",70000001061688599,"Академия Стоматологии, стоматологическая клиника",branch,,,1 этаж,,
"Краснобогатырская улица, 19а",4504127908535861,"Ортодонтика, ортодонт-центр",branch,,,3 этаж,,
"улица Лётчика Грицевца, 4",70000001041182567,"Алисар, стоматологический центр",branch,,,3 помещение,,
"улица Гиляровского, 57",4504127910930196,Поликлиника Центросоюза,branch,,,1 этаж,,
"бульвар Маршала Крылова, 15",4504127908453441,"Креатив дент Одинцово, стоматологическая клиника",branch,,,1 этаж,,
"Зелёный проспект, 66 к2",70000001022561742,"Мать и дитя, стоматологический центр",branch,,,1 этаж,,
"улица Белобородова, 2 к3",70000001057583940,Моя стоматология Три слона,branch,,,2 этаж,,
"улица Кирова, 1",4504127908366823,"Hi-Tech Clinic, стоматологическая клиника",branch,,,1 этаж,,
"Пятницкое шоссе, 37",70000001031804286,"Гаянэ, стоматология",branch,,,"1 этаж; между 3 и 4 подъездом, по лестнице правая дверь",,
"улица Октября, 38",70000001063592233,Авторская стоматология Громовой,branch,,,1 этаж,,
"улица Авиаконструктора Петлякова, 31",70000001080858036,"АльСмайлДент, стоматологическая клиника",branch,,,1 этаж,,
"Дмитровское шоссе, 165д к2",70000001081285001,"Д-Медико, стоматологическая клиника",branch,,,6/1 помещение,,
"микрорайон Гагарина, 29",70000001066789598,"Дентрум, стоматологическая клиника",branch,,,"вывеска Стоматология, отдельный вход за домом",,
"Перовская улица, 39 к2",70000001103037990,"Vivastom, стоматологическая клиника",branch,,,,,
"Трубниковский переулок, 21 ст2",70000001082545439,True Clinic,branch,,,1 этаж,,
"Беловежская улица, 79",70000001057289485,"Oria clinic, медицинская клиника",branch,,,2 этаж,,
"Никулинская улица, 15 к1",70000001022348183,"Ардента, стоматологическая клиника",branch,,,,,
"Троицкая улица, 8",70000001041531183,"Doctor x, стоматологическая клиника",branch,,,1 этаж,,
"Новодмитровская улица, 2 к2",70000001087225196,"Ede Clinical Practice, стоматология",branch,,,1707 офис; 17 этаж,,
"Куркинское шоссе, 17",70000001017527525,"МиПоль, авторская стоматологическая клиника",branch,,,1 этаж,,
"Ленинградский проспект, 75 к1Б",4504127911344765,"Вансон, стоматологическая клиника",branch,,,1 этаж,,
"Анны Ахматовой улица, 11 к1",70000001090068136,"Mr.Doc, стоматология",branch,,,5Н помещение; 1 этаж,,
"Пятницкое шоссе, 15",4504127908972517,"МультиМед Митино, многопрофильный медицинский центр",branch,,,,,
"улица Хачатуряна, 12 к3",70000001020402273,"Доктор Плюс, медицинский центр",branch,,,1 этаж,,
"Молодёжная улица, 76",70000001067254447,"Номи дент, стоматологическая клиника",branch,,,1 этаж,,
"улица Юных Ленинцев, 71 к1 ст5",4504127908842388,"Медцентрум, лечебно-диагностический центр",branch,"Москва, улица Юных Ленинцев, 71 к1 ст5",Медицинское учреждение,,,
"Лихачёвский проспект, 70 к2",70000001019233167,"Дентал студия, стоматологическая клиника",branch,,,1 этаж,,
"Нахимовский проспект, 4",70000001027914634,"Ога дент групп, стоматологическая клиника",branch,,,1 этаж,,
"Дмитровское шоссе, 107а к1",70000001045071681,"Аедент, стоматология",branch,,,1 этаж,,
"Измайловский бульвар, 58",70000001062600167,"Мосденталклуб, стоматологическая клиника",branch,,,2 этаж; вход со двора,,
"улица Удальцова, 79",70000001020879484,"Азбука, стоматологическая клиника",branch,,,,,
"Ленская улица, 28",4504127908454091,"Лагуна-стом, стоматологическая клиника",branch,,,1 этаж,,
"бульвар Дмитрия Донского, 11 к2",4504127908372281,"Арбаль, стоматологический центр",branch,,,,,
"бульвар Космонавтов, 1",70000001028170432,"Аркобалено, стоматологическая клиника",branch,,,2 этаж,,
"Есенинский бульвар, 10 к1",70000001040002385,"Умный доктор, медицинский центр",branch,,,,,
"Чертановская улица, 55",70000001055593841,"СМДент, стоматология",branch,,,,,
"улица Столетова, 19",70000001087224188,Институт Гнатологии,branch,,,,,
"Совхозная улица, 2",70000001006324923,"МедиВел, стоматология",branch,,,,,
"Каширское шоссе, 16",70000001039700368,"Андерсон, стоматологическая клиника",branch,,,1 этаж,,
"Высокая улица, 12",4504127908435939,"Ива-дент, стоматологический центр",branch,,,1 этаж,,
"10-я Парковая улица, 3",4504127921319427,"Айсдент, стоматологическая клиника",branch,,,1 этаж,,
"улица Куусинена, 19 к3",70000001054544671,"Dental brothers, детский стоматологический центр",branch,,,1 этаж,,
"Покровский бульвар, 4/17 ст10",4504127908472891,"Меди на Покровском, стоматологическая клиника",branch,,,1 этаж,,
"Минусинская улица, 3",4504127915267327,"Профмедпомощь, многопрофильный лечебно-диагностический комплекс",branch,,,1 этаж,,
"Можайский Вал улица, 11",4504127908682959,"Первый МГМУ им. И.М. Сеченова Минздрава России, стоматологический центр",branch,,,7 этаж,,
"Малый Сухаревский переулок, 9 ст1",70000001034000069,"Вальтерсон, стоматологическая клиника",branch,,,1 этаж,,
"проспект Мира, 95",70000001099250618,"Дентомо Клиник, стоматологическая клиника",branch,,,3 этаж; домофон 130,,
"Карманицкий переулок, 9",4504127908550210,Стоматология На Смоленской,branch,,,3 этаж,,
"Зеленоградская улица, 39 к1",70000001020710684,"М-Вита, медицинский центр",branch,,,1 этаж,,
"Лазоревый проезд, 3 к3",70000001046783735,"Дентси, стоматологическая клиника",branch,,,1 этаж,,
"проспект Маршала Жукова, 19 к1",70000001066778976,"OrthoClick доктора Лукбанова Т.Е., стоматологическая клиника",branch,,,115 офис; 1 этаж,,
"Большой Каретный переулок, 24 ст2",70000001055350643,"Meira, стоматология",branch,,,4 офис; 2 этаж,,
"Кутузовский проспект, 35",70000001022450073,"Studio32, клиника функциональной стоматологии и имплантологии",branch,,,"1, 2 этаж; вход с ул. Киевской",,
"Поречная улица, 9",70000001039818075,Клиника доктора Красниковой,branch,,,1 этаж,,
"Кузьминская улица, 15",70000001064321569,"Дентал&Смайл, стоматологическая клиника",branch,,,1 этаж,,
"3-й Некрасовский проезд, 3 к2",70000001044307992,"Антей, стоматологический комплекс",branch,,,2 помещение; 1 этаж,,
"Можайское шоссе, 169",70000001045191248,"Оптима, стоматологическая клиника",branch,,,1 этаж,,
"улица Колпакова, 26 к2",70000001054264213,"Ортофея, стоматологическая клиника",branch,,,1 этаж,,
"Зеленоград, к1557",4504128908443642,Центр функциональной стоматологии,branch,,,1 этаж,,
"Изюмская улица, 61 к1",70000001006206532,"Real Мед, медицинский центр",branch,,,,,
"Юбилейная улица, 8/1",70000001032170513,"Дента-профит, стоматологическая клиника",branch,,,1 этаж,,
"2-й Кожуховский проезд, 17",70000001056730992,"Юга дент, стоматологический центр",branch,,,1 этаж,,
"улица Александры Монаховой, 94 к2",70000001045036334,"Москва, стоматологическая клиника",branch,,,,,
"улица Дмитриевского, 1",70000001006433984,Центр Семейной Стоматологии,branch,,,,,
"улица Барышиха, 12 к1",70000001007412912,Центр семейной стоматологии,branch,,,1 этаж,,
"улица Фрунзе, 1д к2",4504127908496811,"Павлин, стоматологический центр",branch,,,1 этаж,,
"Каширское шоссе, 12",70000001020353395,"Имплант профи, стоматология",branch,,,1 этаж,,
"Сивашская улица, 7 к1",70000001111319948,Balance dent,branch,,,,,
"жилой комплекс Бутово-Парк, 23 к1",70000001030431872,"Лм-клиника, медицинский центр",branch,,,2 этаж,,
"село Новлянское, ст8м",70000001034742724,"Ситимед, центр семейной медицины",branch,,,,,
"Трифоновская улица, 57а",4504127908527980,"Стом1, стоматологическая клиника",branch,,,1 этаж,,
"Большая Очаковская улица, 5",70000001018525893,Европейский центр стоматологии,branch,,,1 этаж,,
"Бирюлёвская улица, 13 к4",70000001023066087,"Клиник дент, стоматологическая клиника",branch,,,,,
"Барабанный переулок, 4",70000001027197830,"Ортосклиник, стоматология",branch,,,мансардный этаж,,
"Большой Николопесковский переулок, 6",4504127908416899,"Дилос, стоматологическая клиника",branch,,,цокольный этаж,,
"Таллинская улица, 32 к3",4504127908568072,"Форум-Экспо, стоматологическая клиника",branch,,,1 этаж,,
"шоссе Энтузиастов, 11а к2",70000001062592243,"Dofamin, стоматологическая клиника",branch,,,1 этаж; со стороны трамвайных путей,,
"Первомайская улица, 56",4504127908473326,"МедикаСтом, стоматологическая клиника",branch,,,1 этаж,,
"Большая Филёвская улица, 25",70000001040489241,"Элит Дент Фили, стоматологическая клиника",branch,,,1 этаж,,
"улица Мира, 38",70000001040540075,"ProfDental, стоматология",branch,,,1 этаж,,
"Авиационная улица, 63",70000001094108986,"Резиденция улыбок, стоматологическая клиника",branch,,,2 этаж,,
"улица Вавилова, 15",70000001040394469,"Medstone, авторская стоматология, косметология",branch,,,1 этаж,,
"Широкая улица, 8",4504127908399655,"Дентал ньюз, стоматологическая клиника",branch,,,7 офис; 2 этаж,,
"улица Героев Панфиловцев, 12 к1",70000001066594690,"Мар-Мед, многопрофильный медицинский центр",branch,,,вход с ул. Героев Панфиловцев,,
"3-я Парковая улица, 8/19",70000001092816537,"Iq Denta, стоматологический центр",branch,,,1 этаж,,
"улица Земляной Вал, 54 ст2",70000001102631003,Стоматология и учебный центр Артуша Джангиряна,branch,,,2 этаж; 2 подъезд,,
"улица Парковая, 1",70000001060429927,"Зуб Доктор, цифровая стоматология",branch,,,1 этаж,,
"Мичуринский проспект, 6 к3",70000001032139428,"G&G clinic, стоматологическая клиника",branch,,,1 этаж,,
"Фрунзенская набережная, 38/1",70000001111080019,Enamel by Alexander Dubkov,branch,,,,,
"Кировоградская улица, 9 к2",4504127908365989,"Dentberg, стоматологическая клиника",branch,,,1 этаж,,
"Можайское шоссе, 55",4504127908391117,"Дента Прайм, стоматологическая клиника",branch,,,1 этаж,,
"Профсоюзная улица, 7а",70000001006496146,"Smile Dent, медицинский центр",branch,,,1 этаж,,
"Рязановское шоссе, 31 к1",70000001078271258,"Glav Stom, стоматологическая клиника",branch,,,1 этаж,,
"проспект Ленина, 98/9",70000001083046957,"Зубные Врачи, стоматологическая клиника",branch,,,,,
"Марксистская улица, 3 ст3",4504127908780828,Стоматология №4,branch,,,2 этаж,,
"Коровинское шоссе, 1 к2",70000001043518189,"Совершенная улыбка, стоматологическая клиника",branch,,,,,
"Зеленоград, к445",70000001054233985,"Никор, стоматологическая клиника",branch,,,1 этаж,,
"Сущёвская улица, 27 ст2",70000001041484855,"Prodент, стоматологическая клиника",branch,,,3.10 офис; 3 этаж; B4 подъезд,,
"улица Архитектора Щусева, 2 к3",70000001081669510,"Tetradent, стоматология",branch,,,1 этаж,,
"Малый Козловский переулок, 6",4504127908446334,"Исцеление, клиника",branch,,,цокольный этаж,,
"улица Белобородова, 2 к3",4504127908489080,"Никадент, стоматологическая клиника",branch,,,1 этаж,,
"3-й микрорайон, 10",70000001029794001,"Дентал клиник плюс, центр семейной стоматологии",branch,,,2 этаж,,
"Ленинский проспект, 104",70000001042680479,"Биг смайл, стоматологическая клиника",branch,,,,,
"улица Громова, 10/2",70000001080535965,"Умная медицина, стоматологическая клиника",branch,"Удельная, улица Громова, 10/2",Медицинское учреждение,,,
"Марьинский переулок, 1",70000001025712227,"Иммунитет, медицинский центр",branch,,,,,
"Кременчугская улица, 5 к3",70000001033947967,"20/32, детская и взрослая стоматология",branch,,,1 этаж,,
"Спартаковская площадь, 14 ст2",70000001050743565,"Миодент, стоматологическая клиника",branch,,,2101 офис; 1 этаж,,
"5-й Монетчиковский переулок, 18",70000001055894550,"Z.A.H., стоматология",branch,,,1 этаж,,
"Ельнинская улица, 15 к3",70000001066297695,"Элизиум, клиника стоматологии и косметологии",branch,,,1 этаж,,
"Профсоюзная улица, 104",70000001039748348,"Союз, медицинский центр",branch,,,2 этаж,,
"Набережная улица, 21 к1",70000001034022333,"Водники, стоматологическая клиника",branch,,,,,
"2-й Сыромятнический переулок, 10",70000001032572417,"IqDent, стоматологическая клиника",branch,,,2 этаж,,
"Донецкая улица, 30 к2",70000001075272296,"Колибри, стоматологическая клиника",branch,,,1 этаж,,
"Солдатская улица, 3",70000001075288044,"Атк мед-профи, диагностический центр",branch,,,1 этаж,,
"Институтская улица, 17",4504127919401899,"Новастом, стоматологический центр",branch,,,2 этаж; рядом с супермаркетом Пятерочка,,
"Ленинский проспект, 131",70000001093771807,"Damas Medical, центр стоматологии",branch,,,,,
"Заречная улица, 9",70000001021283829,"Улыбка, частная стоматологическая клиника",branch,,,,,
"улица Сергия Радонежского, 12 к1",70000001078640401,"Радонеж, стоматология",branch,,,1 этаж,,
"улица Горького, 7",70000001006826734,"Профмед, стоматология",branch,,,1 этаж,,
"Люблинская улица, 76 к5",70000001101595549,"Белая медведица, детская стоматология",branch,,,1 этаж,,
"Нарвский просек, 25",70000001039367295,"Белла Денте, стоматологическая клиника",branch,,,,,
"улица Циолковского, 7",70000001104866361,"Просто Улыбка, стоматологическая клиника",branch,,,,,
"улица Дмитрия Ульянова, 43 к1",70000001080892917,"32 истории, стоматологическая клиника",branch,,,1 этаж,,
"Флотская улица, 76",4504127908393393,"Дентадизайн, стоматологический центр",branch,,,1 этаж,,
"Вернадского проспект, 105 к4",4504127921033387,Центр современной стоматологии,branch,,,2 этаж,,
"улица Сколковская, 3а",70000001048493985,"EcoDent, стоматологическая клиника",branch,,,1 этаж,,
"Перовское шоссе, к2/2",70000001097623810,"Monro Dental Clinic, стоматологический центр",branch,,,,,
"Покровская улица, 17 к5",70000001044286500,"ДентАс, стоматологическая клиника",branch,,,1 этаж,,
"Бакунинская улица, 17/28",4504127908382002,"Вэнстом, стоматологическая клиника",branch,,,1 этаж,,
"Дубнинская улица, 53 к3",4504128908372202,"МединаМед, медицинский центр",branch,,,,,
"Свободный проспект, 37/18",70000001031550279,"Мед-Эконом, стоматологическая клиника",branch,,,,,
"Неглинная улица, 13",4504127908364286,"Bosco, стоматологическая клиника",branch,,,2 этаж,,
"Андропова проспект, 38",70000001036202025,"Элемент, стоматологический центр",branch,,,1 этаж,,
"Ломоносовский проспект, 25 к3",70000001007195112,"Элефант, центр красоты и здоровья",branch,,,1 этаж,,
"улица Липовый парк, 11",70000001033577276,"Коммунарка, стоматология",branch,,,вход с ул. Александры Монаховой,,
"Шлюзовая набережная, 4",70000001058861786,"Фуллдент, стоматологическая клиника",branch,,,1 этаж,,
"Центральная улица, 39",70000001007372562,"Altis med, медицинский центр",branch,,,2 этаж,,
"Пионерская улица, 19",70000001034590434,"Милар клиник, центр косметологии и красоты",branch,,,9 офис; 1 этаж,,
"улица Гиляровского, 7",70000001021926412,"Вива клиник, центр профессиональной стоматологии",branch,,,1 этаж,,
"шоссе Энтузиастов, 3 к2",4504128908774573,Стоматология доктора Жукова,branch,,,,,
"Волоколамское шоссе, 71 к2",70000001082348753,"Доктор Дент, стоматология",branch,,,,,
"Новочеркасский бульвар, 51",70000001091801000,"Медикал Амир, медицинский центр",branch,,,1 этаж,,
"Ильинский бульвар, 3",70000001026765220,"Fresh dental, стоматологическая клиника",branch,,,1 этаж,,
"Набережная улица, 35",70000001038779449,"СаМед, медицинский центр",branch,,,НП 02 помещение; 1 этаж,,
"Кожевническая улица, 14 к1 ст2",70000001020824885,"Бьюти смайл, стоматология",branch,,,1 этаж,,
"улица Покрышкина, 3",70000001061722853,"Stomio, стоматология",branch,,,1 этаж,,
"Гагаринский переулок, 37 ст1",70000001006149931,"Арбатский, стоматологическое отделение",branch,,,цокольный этаж,,
"улица Недорубова, 10",70000001033162528,"Family Dent, стоматологическая клиника",branch,,,1 этаж,,
"Новокрюковская улица, 10",70000001045036880,"Эмидент, стоматологическая клиника",branch,,,2 этаж,,
"Привольная улица, 61 к1",70000001023770875,"Мона Лиза, стоматология",branch,,,1 этаж,,
"Соколово-Мещерская улица, 14",4504127920076629,"Кдс дентал, стоматологический центр",branch,,,1 этаж,,
"улица Большая Ордынка, 17",70000001101966354,"FaDentist, стоматологическая клиника",branch,,,1 этаж,,
"улица Ватутина, 18 к2",4504127909258717,"Улыбайся!, центр стоматологии",branch,,,1 этаж,,
"Варшавское шоссе, 132 ст9",70000001048507983,"Оксиль, стоматологическая клиника",branch,,,1 этаж,,
"Трубная улица, 25 ст1",70000001060445013,"Nova, стоматологический центр",branch,,,1 этаж,,
"Ленинский проспект, 81/2",70000001031353019,"Veneer Clinic, стоматологическая клиника",branch,,,,,
"Новокузнецкая улица, 33 ст1",70000001102756945,"Имплантс, стоматологическая клиника",branch,,,,,
"Хавская улица, 1",4504127921669279,"Дентомир плюс, центр семейной стоматологии и косметологии",branch,,,1 этаж,,
"жилой комплекс Бутово-Парк, 14",70000001020924202,"CMD, многопрофильный медицинский центр",branch,,,1 этаж,,
"Зельев переулок, 3",70000001034558418,Центр экспертной стоматологии,branch,,,1 этаж,,
"Чапаевский переулок, 3",4504128908911540,"Queen nella, стоматологический центр для взрослых",branch,,,5А секция; 1 этаж,,
"бульвар Веласкеса, 7 к4",70000001061596425,"Клиника МЦДК, медицинский центр",branch,,,1 этаж,,
"улица Строителей, 5",70000001068052506,Дуо клиник,branch,,,1 этаж,,
"улица Палиха, 13",70000001017940501,"Дента, стоматологическая клиника",branch,,,2 этаж,,
"Новокосинская улица, 9 к1",4504127908453448,"Кредо, стоматологический центр",branch,,,1 этаж,,
"улица Генерала Антонова, 3а",70000001066900149,"Затми Солнце, стоматология",branch,,,2 этаж,,
"Сходненская улица, 13",70000001088798938,"М.Ф. Клиник, многопрофильная медицинская клиника",branch,,,,,
"Ленинский проспект, 99",70000001031089572,"Академия стоматологии, современная стоматология для всей семьи",branch,,,2 этаж,,
"Краснохолмская набережная, 13 ст1",70000001026677568,Стоматология на Таганке №1,branch,,,1 этаж,,
"Октябрьский проспект, 18/3",70000001028661279,"Ваш доктор, медицинский центр",branch,,,2 этаж,,
"Садовая-Черногрязская улица, 20/28",70000001063408282,"Yan’s clinic, клиника",branch,,,2 этаж,,
"3-й Кадашёвский переулок, 6/13 ст1",70000001024904388,"Доктор Жан, стоматологическая клиника",branch,,,,,
"Варшавское шоссе, 94",70000001025024311,"Космедент. ру, стоматологическая клиника",branch,,,2 этаж,,
"Сущёвская улица, 27 ст2",4504127908386287,"Grinder, стоматологическая клиника",branch,,,1 этаж,,
"Архангельская улица, 2",70000001065472965,"Аве Дентал Клиник, стоматологическая клиника",branch,,,1 этаж,,
"улица Карбышева, 1",4504127908957778,"Элексир дента, стоматологическая клиника",branch,,,1 этаж,,
"3-я Парковая улица, 41а",4504127909074817,"Зубки Всем!, стоматологическая клиника",branch,,,2 этаж,,
"Кастанаевская улица, 58",70000001024816283,"Kg clinic, медицинский центр",branch,,,1 этаж,,
"Литературный бульвар, 1",70000001055176024,"Royal dent, стоматологическая клиника",branch,,,1 этаж,,
"Большая Очаковская улица, 2",70000001101135585,"Esenli, семейная стоматологическая клиника",branch,,,"1, 2 этаж",,
"Цветной бульвар, 21 ст6",4504127908435815,"Улыбка, стоматологическая клиника",branch,,,1 этаж,,
"Вокзальная площадь, 7 ст5",4504127920819592,"Гармония, медицинский центр",branch,,,2 этаж,,
"улица 1905 года, 15",4504127908501363,"М-р Вайт, стоматологическая клиника",branch,,,1 этаж,,
"Юбилейный проспект, 72",70000001018772748,"Бриллиант Дент, стоматологическая клиника",branch,,,1 этаж,,
"улица Самуила Маршака, 23 к1",70000001035383985,"Созидание, стоматологическая клиника",branch,,,1 этаж,,
"улица Малая Дмитровка, 25 ст1",70000001081093511,"Videnta, стоматология",branch,,,21 помещение; 1 этаж,,
"Мичуринский проспект, 9",4504127908416783,"Диамант, стоматологическая клиника",branch,,,1 этаж,,
"улица Обручева, 8",70000001032607562,"Арт-Дентале, стоматологическая клиника",branch,,,1 этаж; вывеска Стоматология,,
"Цветной бульвар, 30",70000001044695790,"N-clinic, стоматологический центр",branch,,,,,
"Вернадского проспект, 61 к1",70000001046975066,"ДС клиник, стоматологическая клиника",branch,,,1 этаж,,
"Профсоюзная улица, 56",70000001055659799,"Vimontale, стоматологическая клиника",branch,,,5 этаж,,
"улица Лихоборские Бугры, 12",70000001060530075,Стоматология 360,branch,,,1 этаж,,
"Большая Тульская улица, 2",4504127908393741,"Дента Нэкст, стоматологическая клиника",branch,,,2 этаж,,
"Осенний бульвар, 5 к1",4504127908369491,"Вейлаком, стоматологическая клиника",branch,,,1 этаж,,
"улица Васильцовский Стан, 9",4504128908747897,"Неомед, стоматологический центр",branch,,,1 этаж,,
"Профсоюзная улица, 68 к1",70000001091796492,"Воронцово Мед, частная клиника",branch,,,,,
"улица Богданова, 2 к1",4504127915639440,"КДК Дент, стоматологическая клиника",branch,,,1 этаж; вход с ул. Главмосстроя,,
"Вспольный переулок, 17",4504128908699662,Стоматология dr. Яковлевой,branch,,,1 этаж,,
"Молодогвардейская улица, 15",70000001039381737,"СтомВилль, стоматологическая клиника",branch,,,1 этаж,,
"посёлок Аничково, 3",70000001028167441,"Доктор Вока, медицинский центр",branch,,,1 этаж,,
"улица 8 Марта, вл16 к1",70000001075020628,"Респект клиник, стоматологическая клиника",branch,,,1 этаж,,
"Жулебинский бульвар, 14",4504127908495076,"Смартлайн, стоматологическая клиника",branch,,,1 этаж,,
"Ярцевская улица, 3",4504127908918032,Институт врождённых заболеваний челюстно-лицевой области,branch,,,1 этаж,,
"улица Гризодубовой, 4 к4",4504127915378528,"Личный доктор, стоматологическая клиника",branch,,,,,
"улица Москвитина, 3 к1",70000001040784609,"Денталь вк, стоматологическая клиника",branch,,,1 этаж,,
"улица Зои и Александра Космодемьянских, 4 ст2",4504127908498977,"ЛидерСтом, стоматологическая клиника",branch,,,,,
"Рязановское шоссе, 19",4504128908667360,"Griart Dent, стоматологическая клиника",branch,,,1 этаж,,
"улица Берзарина, 16",70000001020709964,"Бобров Клиник, стоматологическая клиника",branch,,,2 этаж,,
"Зеленоград, к251",4504127908502641,"Стар, стоматологическая клиника",branch,,,1 этаж; вход с проспекта Генерала Алексеева,,
"Центральный проезд, 1",70000001017564930,"Стома, стоматологический центр",branch,,,1 этаж; 1 подъезд,,
"набережная Тараса Шевченко, 1",4504127908388611,"DemoStom, стоматологический центр",branch,,,1 этаж,,
"улица Авиаконструктора Миля, 20",4504128908756537,"Сити Дент, стоматологический центр",branch,,,1 этаж,,
"Ленинградский проспект, 35 ст1",4504127908495767,"Ордовский и коллеги, стоматологическая клиника",branch,,,1 этаж,,
"Корабельная улица, 9",70000001067126004,"К-9, клинико-диагностический центр превентивной медицины",branch,,,1 этаж,,
"Юбилейная улица, 1 к2",70000001034387421,Центр семейной стоматологии,branch,,,1 этаж,,
"Северная улица, 5 к4",70000001067939195,"Вайтис, стоматологическая клиника",branch,,,1 этаж,,
"Парковая улица, 44 к1",70000001095330960,"Денталь-К, стоматологическая клиника",branch,,,,,
"Бескудниковский бульвар, 32 к6",70000001054831482,"Great smile, стоматология",branch,,,,,
"Денисовский переулок, 22",70000001056248556,"Доктор Жеваго, стоматологическая клиника",branch,,,1 этаж,,
"улица Новаторов, 4 к5",70000001047165104,"VivaStom, стоматологическая клиника",branch,,,1 этаж,,
"улица Фрунзе, 5",70000001066161816,"Новая Медицина, медицинский центр",branch,"Киржач, улица Фрунзе, 5",Медицинское учреждение,,,
"Беломорская улица, 18а",70000001093015592,"КенгаРу, стоматологическая клиника",branch,,,,,
"улица Александры Монаховой, 109 к3",70000001039466678,"Артадент, стоматология",branch,,,,,
"улица Марии Рубцовой, 3",4504127908362567,"Полистом, стоматологическая клиника",branch,,,1 этаж,,
"Зеленоград, к2008",4504127909288880,"Ортодонт премьер, стоматологический центр",branch,,,1 этаж,,
"улица Александры Монаховой, 94 к2",70000001039828763,"Стоматология.ру, стоматологический центр",branch,,,,,
"Варшавское шоссе, 141 к13",70000001041384969,"Лира, стоматологическая клиника",branch,,,1 этаж,,
"4-я Гражданская улица, 36",70000001047165128,"VivaStom, стоматологическая клиника",branch,,,1 этаж,,
"улица Некрасова, 9",4504127916108675,"Добрый доктор, стоматологическая клиника",branch,,,1 этаж,,
"улица Дыбенко, 18 к1",4504128908468376,Первая стоматология,branch,,,1 этаж,,
"Алма-Атинская улица, 11 к1",70000001018972045,"Пять плюс, медицинский центр",branch,,,1 этаж,,
"Тайнинская улица, 15 к1",70000001064286764,"Доктор Карамелькин, семейная стоматология",branch,,,1 этаж,,
"улица Генерала Кузнецова, 16 к1",70000001067914581,"Cryonic, стоматологическая клиника",branch,,,,,
"улица Академика Анохина, 9",4504127914406930,Современная Стоматологическая Клиника,branch,,,1 этаж; вход с внешней стороны дома,,
"Бескудниковский бульвар, 6 к3",4504127908447957,"Совершенство, медицинский центр",branch,,,1 этаж,,
"Заводская улица, 4",4504127909216989,Стоматологическая клиника Александра Горбачева,branch,,,1 этаж,,
"улица Гудкова, 21",70000001104544114,"Ника family, стоматологический центр",branch,,,,,
"Холодильный переулок, 4",70000001109738878,"ProDental на Тульской, стоматология",branch,,,1 этаж,,
"улица Дугина, 28/12",4504127908372731,"Атака, стоматологическая клиника",branch,,,,,
"Варшавское шоссе, 170е к10",70000001088973884,"Дентес, стоматологическая клиника",branch,,,,,
"1-й Спасоналивковский переулок, 17 ст1",4504127908447105,"Институт базальной имплантации, стоматологическая клиника",branch,,,,,
"улица Курыжова, 1 к1",70000001043703951,"Поликлиника №1, медицинский центр",branch,,,1 этаж,,
"Дмитровское шоссе, 27",4504127908495910,"Орис-Плюс, стоматологическая клиника",branch,,,6 этаж,,
"улица Крузенштерна, 10 к1",70000001090212493,"Дентальная история, стоматологическая клиника",branch,,,,,
"Большая Садовая улица, 5 к1",70000001032617951,"Smile Space, стоматологическая клиника",branch,,,1 этаж,,
"Кронштадтский бульвар, 6 к1",70000001029789730,"Atlantis Dental Clinic, стоматология",branch,,,1 этаж,,
"улица Сергия Радонежского, 15-17 ст24",70000001067032410,"Ital Dent, комплексная стоматология",branch,,,1 этаж,,
"Ногинское шоссе, 14",70000001090421448,"Жемчужина, стоматологический центр",branch,,,1 этаж,,
"7-я Парковая улица, 15 ст3",4504127908424357,"Добрый Доктор Восток, стоматологическая клиника",branch,,,1 этаж,,
"улица Жуковского, 2",70000001030574090,"Art Oral, стоматологический бутик",branch,,,,,
"Дмитровское шоссе, 90 к2",70000001035164117,"YniClinic, стоматология",branch,,,1 этаж,,
"Ангарская улица, 67 к3",70000001049125009,"Кимберлит, стоматология",branch,,,1 этаж,,
"Трифоновская улица, 55",70000001092845342,"Союзсити, медицинский центр",branch,,,,,
"Университетский проспект, 16",70000001094065468,"White House, стоматологическая клиника для детей и взрослых",branch,,,1 этаж; около Ozon,,
"Авиационная улица, 68 к3",4504127908364115,"Санация, стоматологическая клиника",branch,,,2 этаж,,
"Солнцевский проспект, 5",4504127908392347,"Дантист, стоматологический центр",branch,,,1 этаж,,
"Саларьевская улица, 16 к3",70000001060970888,Стоматология доктора Малькова,branch,,,,,
"улица Академика Волгина, 8а",70000001101652536,Dc Clinic,branch,,,1 этаж,,
"Новороссийская улица, 25 к1",4504127908372415,"Архидент, стоматологическая клиника",branch,,,1 этаж,,
"улица Арбат, 9 ст2",4504127908503680,Профессорская авторская стоматологическая клиника и Ко,branch,,,1 этаж,,
"Советская улица, 8",4504127908944047,"Дентапрофит, стоматологическая клиника",branch,,,1 этаж,,
"улица 3-е Почтовое отделение, 82",70000001024780043,"Добрый Доктор, стоматология",branch,,,5 кабинет,,
"Бескудниковский бульвар, 24 к1",4504127908370111,"Альфа-Дент, стоматология",branch,,,,,
"бульвар Зелёные аллеи, 1",70000001090007903,"Santa apolonia, стоматологический центр",branch,,,1 этаж,,
"проспект Мира, 21 ст1",70000001109790006,"Dental clinic, стоматологическая клиника",branch,,,,,
"Верхняя Радищевская улица, 13 ст2",70000001101996948,Зуб в квадрате,branch,,,,,
"Лихачёвское шоссе, 6 к4",70000001019235382,"Genyuk dental clinic, стоматологическая клиника",branch,,,2 этаж,,
"Большой Предтеченский переулок, 31",70000001057407290,"MKDent, стоматологическая клиника",branch,,,1 этаж,,
"3-я Фрунзенская улица, 9",70000001109886244,Клиника Доктора Ногина,branch,,,,,
"Маломосковская улица, вл14",70000001026100204,"Dental rooms, стоматологическая клиника",branch,,,2 этаж; слева от 18 подъезда,,
"улица Кирова, 7",70000001048598667,"Леви-Дент, стоматологическая клиника",branch,,,1 этаж,,
"улица Ленинская Слобода, 17",70000001062208453,"Мир здоровья, медицинский центр",branch,,,2 этаж,,
"6-я Нововатутинская улица, 3",70000001024020567,"Artemida dental clinic, стоматологическая клиника",branch,,,1 этаж,,
"Варшавское шоссе, 141а к4",70000001089108512,"Rous-dent, стоматологическая клиника",branch,,,1 этаж,,
"улица Дыбенко, 26 к3",4504127909309981,"Арт-смайл центр, стоматологическая клиника",branch,,,1 этаж; вход со двора,,
"улица Генерала Белова, 28 к3",70000001075511216,"New Dent, клиника",branch,,,,,
"улица Генерала Белова, 17",4504127908386427,"Даат, стоматологическая клиника",branch,,,1 этаж,,
"Измайловский проезд, 5а",70000001069489867,"Ивомакс, медицинская клиника",branch,,,1 этаж,,
"Люблинская улица, 80 к4",70000001082349007,Харли Дент,branch,,,1 этаж,,
"улица Чистяковой, 2",70000001078618185,"Феникс, стоматология",branch,,,"вход с внутренней стороны дома, рядом с отделом полиции и клиникой Семейное здоровье",,
"Шипиловский проезд, 31 ст2",70000001041485148,"Надежный ДОКТОР, стоматологическая клиника",branch,"Москва, Шипиловский проезд, 31 ст2",Медицинское учреждение,1 этаж,,
"улица Горького, 3",70000001100808448,"Дыши, медицинский центр",branch,"Михнево, улица Горького, 3",Строящееся здание,,,
"Главмосстроя улица, 6",4504128908376854,"Интел Мед, клиника",branch,,,1 этаж,,
"Ломоносовский проспект, 25 к3",70000001020763618,"Жемчужина, стоматологическая клиника",branch,,,1 этаж,,
"Ильинский бульвар, 7",70000001035882290,"Навита, стоматологическая клиника",branch,,,1 этаж,,
"Радужная улица, 14 к1",70000001007142970,"ПерфектоМед, медицинский центр",branch,,,1 этаж; вход со двора,,
"Бауманская улица, 42",70000001017267273,"Клиника им. доктора О.А. Кульневича, медицинский центр",branch,,,2 этаж,,
"Ленинградский проспект, 60а",70000001087277539,"ДР. Сухова, стоматологическая клиника",branch,,,вход со двора,,
"Яузская улица, 8 ст2",70000001089544148,Цифровая стоматологическая клиника,branch,,,2 этаж,,
"улица Генерала Кузнецова, 13 к2",4504127908400156,"Денталцентр, стоматологическая клиника",branch,,,1 этаж,,
"Соколово-Мещерская улица, 25",4504127921693637,"Денталия, стоматологическая клиника",branch,,,1 этаж,,
"посёлок городского типа Калининец, ст4",70000001029166178,"Одинмед мо, многопрофильный медицинский центр",branch,,,2 этаж,,
"улица Новая Башиловка, 3",70000001027393604,"Евролазер, клиника эстетической медицины",branch,,,1 этаж,,
"Большая Марфинская улица, 4 к2",4504127917291232,"Dental Clinic, стоматологическая клиника",branch,,,"1 этаж; вход с внешней стороны, рядом со вторым подъездом",,
"Старое Дмитровское шоссе, 13 к2",70000001087225003,"Эмакс, стоматологическая клиника",branch,,,,,
"Солнечная аллея, к934",70000001080363009,"Era Smile, стоматологическая клиника",branch,,,,,
"Протопоповский переулок, 17 ст3",70000001029569090,"Эльдент, центр функциональной стоматологии и имплантологии",branch,,,1 этаж,,
"Народная улица, 12",70000001047826163,"Фулл клиник, стоматологическая клиника",branch,,,1 этаж; 2 подъезд,,
"Вертолётная улица, 18",70000001037036604,"Мистер зуб, стоматология",branch,,,,,
"Большая Серпуховская улица, 31 к12",70000001052940046,"SoulMateClinic, клиника",branch,,,2 этаж,,
"Динамовская улица, 9 ст1",70000001026056139,"Adс, стоматологическая клиника",branch,,,1 этаж,,
"Кронштадтский бульвар, 5а",70000001038319294,Стоматология доктора Белоуса,branch,,,1 этаж,,
"проезд Серебрякова, 2 к1",70000001065089377,"Botanica Dental Clinic, стоматология",branch,,,27Б офис; 8 этаж,,
"Беговая улица, 7",70000001024033319,"Бюро 32, стоматологическая клиника",branch,,,1 этаж,,
"Дубнинская улица, 15 к1",70000001046355218,"Gauss, стоматология",branch,,,1 этаж,,
"улица Герасима Курина, 42",70000001083365213,"Макс, медицинский кластер",branch,,,1 этаж; вход с торца,,
"улица Академика Волгина, 14 к2",70000001044963572,Стоматология на Волгина,branch,,,1 этаж,,
"улица Петровка, 23/10 ст5",70000001023119968,"Коренной житель, стоматологический центр",branch,,,3 этаж; 3 подъезд,,
"Железнодорожный переулок, 1а",70000001038855368,"Добрая Стоматология, стоматологическая клиника",branch,,,2 этаж,,
"улица Гиляровского, 50",70000001083831868,"Братья Вайт, стоматологическая клиника",branch,,,2 этаж,,
"3-й Самотёчный переулок, 21",4504127908640215,"Клиника Авс, медицинский центр",branch,,,1 этаж,,
"улица Пречистенка, 33/19 ст1",4504127909309746,Стоматология докторов Копыловых,branch,,,1 этаж,,
"3-й Новомихалковский проезд, 8",70000001057821422,"Гранатт дентал групп, стоматологическая клиника",branch,,,1 этаж,,
"улица Сущёвский Вал, 3/5",70000001029588755,"Нур, медицинский центр",branch,,,1 этаж,,
"Щёлковское шоссе, 26 к1",70000001082455859,Центр стоматологии и имплантологии Геворга Мирзояна,branch,,,,,
"Мичуринский проспект, 11 к1",70000001046644426,"Fantasy smile, стоматологическая клиника",branch,,,1 этаж,,
"Гжатская улица, 5 к7",70000001060398902,Стоматология на Гжатской,branch,,,1 этаж,,
"17-й проезд Марьиной Рощи, 1",70000001031570573,"Рокосклиник, клиника стоматологии и косметологии",branch,,,1 этаж,,
"улица Сущёвский Вал, 9 ст1",70000001034191158,"Стоматикс, стоматологический центр",branch,,,902 офис; 9 этаж,,
"Садовническая улица, 11 ст2",4504127908364452,"Дентал Арт, стоматологическая клиника",branch,,,1 этаж,,
"улица 3-е Почтовое отделение, 51",4504127911339159,Стоматологическая клиника Феоктистовой,branch,,,1 этаж,,
"улица Большая Якиманка, 32",70000001062786368,"Этика, стоматологическая клиника",branch,,,1 этаж,,
"Хорошёвское шоссе, 32а",4504127915187188,"Николь, стоматологический центр",branch,,,421 офис; 4 этаж; 12 подъезд,,
"улица Главная, 2",4504128908372410,"Вита-дент, стоматологическая клиника",branch,,,1 этаж,,
"Волжский бульвар, 19",70000001021637223,"Улыбка Удачи, стоматология",branch,,,,,
"улица Асеева, 2",70000001059084991,"Natural beauty clinic, клиника эстетической медицины",branch,,,1 этаж,,
"Киевская улица, 18",70000001067402379,С вами доктор,branch,,,1 этаж,,
"1-й Котляковский переулок, 2а к3",70000001099320406,"ПроУлыбки, центр протезирования, имплантации и хирургической стоматологии",branch,,,,,
"Спартаковская площадь, 14 ст2",70000001021602241,"Студия улыбки, ортодонт-центр",branch,,,2104 офис; 1 этаж,,
"Авиационная улица, 77 к2",70000001035574068,"Madident, стоматологическая клиника",branch,,,21 офис; 4 этаж,,
"Перовская улица, 49/53",70000001044023556,"Виста, стоматология",branch,,,1 этаж; вход со двора,,
"Каштановая улица, 7",70000001100385684,"ЭМ-дент, стоматологическая клиника",branch,,,1 этаж,,
"улица Лётчика Бабушкина, 32 к2",4504127908427394,"Евростом, стоматологическая клиника",branch,,,1 этаж,,
"улица Тёплый Стан, 7",4504127917524984,"МираДент, стоматологическая клиника",branch,,,1 этаж,,
"Большая Бронная улица, 17",70000001020087646,"White story, стоматологическая клиника",branch,,,1 этаж,,
"улица Панфёрова, 7 к2",4504127908392152,"Дента Престиж, стоматологическая клиника",branch,,,1 этаж,,
"улица Богородский Вал, 6 к1",70000001047843598,"Олдент, стоматологическая клиника",branch,,,1 этаж,,
"Люсиновская улица, 41 ст1",70000001061372364,Центр стоматологии и гнатологии доктора Лямина,branch,,,1 этаж,,
"улица Римского-Корсакова, 11 к4",70000001091796598,Европейская Стоматология,branch,,,1 этаж,,
"Зелёный проспект, 48 к3",4504127908495228,"Стомалюкс, стоматология",branch,,,1 этаж,,
"улица Талалихина, 6-8/2 ст3",4504127908715883,"MG clinic, стоматологический центр",branch,,,1 этаж,,
"улица Сервантеса, 1 к3",70000001019803883,"Гармония, стоматологическая клиника",branch,,,1 этаж,,
"жилой комплекс Бутово-Парк, 6",70000001025812125,"Дентал парк, стоматологическая клиника",branch,,,1 этаж,,
"Кулаков переулок, 17 ст1",70000001040745851,"Догма, стоматологическая клиника системной реабилитации",branch,,,2 этаж,,
"улица Александры Монаховой, 90 к4",70000001054456629,"Аликсма премиум, стоматологическая клиника",branch,,,,,
"улица Милашенкова, 22",70000001061401081,"SG dental clinic, стоматологическая клиника",branch,,,,,
"2-й Грайвороновский проезд, 42 к3",70000001061503415,Мдент,branch,,,1 этаж,,
"Варшавское шоссе, 114 к1",70000001087278922,"СмДент, стоматолoгия",branch,,,1 этаж,,
"Зоологическая улица, 2",4504127917375040,"Дентал Дрим, стоматологический центр",branch,,,"1, 2 этаж; 9 подъезд",,
"Ашхабадская улица, 27 к3",4504128908740473,"Дентпрофи, стоматологический центр",branch,,,1 этаж,,
"проспект Ленина, 7/1",70000001052225687,"Сан Дентал центр, стоматологическая клиника",branch,,,1 этаж,,
"Беговая улица, 4",4504127908453660,"Кск-Дент, стоматологическая клиника",branch,,,57 офис; 1 этаж; 5 подъезд,,
"Лухмановская улица, 33",4504128908742060,"Золотая орхидея, многопрофильный медицинский центр",branch,,,,,
"Спасо-Тушинский бульвар, 5",70000001077136793,"Будь здоров, пункт неотложной стоматологической помощи",branch,,,,,
"шоссе Энтузиастов, 5Б",70000001042707621,"ОДП Клиник, стоматология",branch,,,1 этаж,,
"Вертолётная улица, 42",70000001042812882,"Пломбиръ, стоматологическая клиника",branch,,,1 этаж,,
"Зеленоград, к2016",4504127908398328,"Дантистъ, стоматологическая клиника",branch,,,,,
"Ломоносовский проспект, 6",4504127909068278,"Инндент профи, стоматологическая клиника",branch,,,1 этаж,,
"Комсомольский проспект, 24/2",70000001019139855,"Krh-medical, медицинский центр",branch,,,,,
"улица Борисовка, 22",70000001030576783,"МаВиЖа, семейная стоматология",branch,,,1 этаж,,
"2-й Хорошёвский проезд, 9 к1",70000001069161424,"Артэсаниа, стоматологическая клиника",branch,,,1 этаж,,
"Шарикоподшипниковская улица, 15",70000001087775697,"Lume Dent, центр профессиональной стоматологии",branch,,,1 этаж,,
"улица Вавилова, 79 к1",4504128908979518,"Moscow dental clinic, профессорская стоматологическая клиника",branch,,,1 этаж,,
"микрорайон Рекинцо, 33",70000001023364712,"Дента-мед, стоматология",branch,,,,,
"Московская улица, 56 к3",70000001036055883,"ДЕНТА-ЛЮКС, стоматологическая клиника",branch,,,,,
"Красноармейская улица, 5",70000001023974875,Клиника доктора Лемберга,branch,,,1 этаж,,
"улица Маршала Бирюзова, 13",4504127908391100,"Дента, стоматологическая клиника",branch,,,1 этаж,,
"улица Фадеева, 4а",70000001047143072,"Мидия медикал, стоматологическая клиника",branch,,,1 этаж,,
"Липецкая улица, 36/20",70000001044524459,"Дива, стоматологическая клиника",branch,,,,,
"Трифоновская улица, 55",70000001084327981,"Smile Plus, стоматология",branch,,,,,
"Валовая улица, 32/75 ст1",70000001029811847,"Sana Dent, стоматологический центр",branch,,,1 этаж,,
"Новорязанская улица, 31/7 к9",70000001044606346,"Доктор Бештоев, стоматологическая клиника",branch,,,1 этаж,,
"улица Сайкина, 13",70000001048203590,"Ортопоинт, стоматологическая клиника",branch,,,1 этаж,,
"3-я Хорошёвская улица, 19а",70000001049730904,"ПоллиДента, стоматология",branch,,,5А офис; 1 этаж,,
"Ходынский бульвар, 17",70000001076392073,"Дентаскрин, стоматологический центр",branch,,,1 этаж,,
"Авиамоторная улица, 32Б",70000001082570897,"Дентал Ресурс, стоматология",branch,,,1 этаж,,
"Главмосстроя улица, 20",70000001019242612,"Стоматолог и я, стоматологический центр",branch,,,1 этаж,,
"Измайловский бульвар, 38",4504127909068718,"Белые Клематисы, стоматологическая СПА-клиника",branch,,,1 этаж,,
"улица Чехова, 1 к2",4504127916444118,"Возрождение, клинико-диагностический центр",branch,,,2 этаж,,
"Центральная улица, 6",70000001035338841,"Гармония дент, стоматологическая клиника",branch,,,1 этаж,,
"Молодёжная улица, 2",70000001026503560,"Космо-дент, медицинский центр",branch,,,1 этаж,,
"Новокуркинское шоссе, 31",70000001055498694,"Майтрейя, стоматологическая клиника",branch,,,1 этаж,,
"2-я Брестская улица, 39 ст2",70000001033463978,"Декадент, стоматология",branch,,,5 офис; 3 этаж,,
"Балаклавский проспект, 16а",70000001055071364,"MiA Smile, стоматологическая клиника",branch,,,3 этаж,,
"Павшинский бульвар, 5",4504127916353067,"Линия Улыбки, центр семейной стоматологии",branch,,,1 этаж,,
"жилой комплекс Бутово-Парк, 23 к2а",70000001007490107,"Мигона, клиника",branch,,,2 этаж,,
"Благовещенский переулок, 3 ст1",70000001047255056,"Versalign, стоматологическая клиника",branch,,,210 офис; 2 этаж,,
"Вернадского проспект, 61 к1",70000001037038026,"Амк-dental, стоматологическая клиника",branch,,,1 этаж,,
"улица Покровка, 21-23/25 ст3",4504127908452734,"Авангард, стоматология",branch,,,,,
"улица Усиевича, 13",4504127916983772,"В Путь, стоматологическая клиника",branch,,,,,
"улица Дубки, 4",70000001037090944,"Зубная формула, стоматология",branch,,,1 этаж,,
"Ломоносовский проспект, 11/70",70000001047284195,"Соната клиник, центр стоматологии и косметологии",branch,,,1 этаж,,
"Волков переулок, 13 ст1",70000001100655773,"Волстом, стоматологическая клиника",branch,,,2 этаж,,
"Фестивальная улица, 12",4504127908488604,Стоматология на Фестивальной,branch,,,,,
"Юбилейный проспект, 42",70000001032543056,"Smile32Dent, стоматологическая клиника",branch,,,014 помещение,,
"улица Лобачевского, 92 к4",70000001043927321,Km dental,branch,,,,,
"Новотушинская улица, 3",70000001032812614,"White line, стоматология",branch,,,,,
"Каширский проезд, 25 к3",70000001082782467,"ProImplant, стоматологическая клиника",branch,,,1 этаж,,
"улица Паршина, 10",70000001075274182,"Art smile, стоматологическая клиника",branch,,,1 этаж,,
"Большая Марьинская улица, 11",70000001077268531,"Relax Dental Clinic, стоматологическая клиника",branch,,,1 этаж,,
"1-й Павловский переулок, 5",70000001080374852,Центр стоматологии Доктора Дзуцева,branch,,,1 этаж,,
"улица Мира, 32Б",70000001061111365,"Your dentist, стоматологическая клиника",branch,,,1 этаж,,
"улица Дзержинского, 41",70000001031297438,"Клиника-НМ, медицинский центр",branch,,,"1, 2 этаж",,
"Шмитовский проезд, 39 к1",70000001062161401,"Дентс-в, стоматологическая клиника",branch,,,1 этаж,,
"Никитский бульвар, 12",4504128908496676,"Арбат-денталь, стоматологический центр",branch,,,1 этаж,,
"улица Викторенко, 16",70000001044836072,"Priority, центр ортодонтии и функционально-эстетической стоматологии",branch,,,501 офис; 5 этаж,,
"улица Усиевича, 5",70000001060338266,Стоматология №8,branch,,,1 этаж,,
"Комсомольская улица, 24",70000001022906815,"Зубная фея, семейная стоматология",branch,,,"1, 2 этаж",,
"улица Милашенкова, 3 к1",70000001045648006,"Асмед, медицинский центр",branch,,,1 этаж,,
"Лукинская улица, 6",70000001019153049,"Ю.Т.А., стоматологическая клиника",branch,,,1 этаж,,
"Вернадского проспект, 127",70000001020881998,"Сальвео, стоматологическая клиника",branch,,,1 этаж,,
"Подсосенский переулок, 3",70000001022145675,"AestheticA, стоматологическая клиника",branch,,,1 этаж,,
"Шипиловская улица, 58 к1",70000001006204649,"Venta dent, стоматологический центр",branch,,,102 офис; 1 этаж,,
"аллея Жемчуговой, 5 к4",70000001018525070,"Владстом Вешняки, стоматологический центр",branch,,,1 этаж,,
"Лазоревый проезд, 1а к1",70000001050623205,"Faceline, стоматологическая клиника",branch,,,1 этаж,,
"Лазоревый проезд, 3",70000001088733612,Стоматология Перевозникова и Солтановой,branch,,,801 помещение; 1 этаж,,
"шоссе Энтузиастов, 1 к2",70000001103098254,"Edentiss, клиника эстетической медицины",branch,,,,,
"Восточное шоссе, 5",4504127916619913,"Березка, стоматологическая клиника",branch,,,2 этаж,,
"Юбилейная улица, 26",70000001018622571,"DentiCool, стоматологическая клиника",branch,,,11 помещение; 1 этаж,,
"улица Маршала Рыбалко, 2 к6",70000001027354573,"Дента Люкс, стоматологическая клиника",branch,,,1 этаж,,
"улица Перерва, 45 к1",70000001037351758,"Smiletown, центр эстетической стоматологии",branch,,,1 этаж,,
"Луговой проезд, 6",4504127908568491,"Медикл клуб, медицинский центр",branch,,,1 этаж,,
"улица Маяковского, 14а",70000001034194610,Семейный медицинский центр,branch,,,1 этаж,,
"Октябрьская улица, 26/15",4504127918354006,"New white smile, стоматологическая клиника",branch,,,1 этаж,,
"улица Преображенский Вал, 4",70000001048982066,"Базис-Мед, медико-стоматологический центр",branch,,,1 этаж,,
"Просторная улица, 7",70000001082478460,"Здоровые Зубы, стоматология",branch,,,вход с торца,,
"Фрунзенская набережная, 52",70000001021719272,"Lege artis, стоматологическая клиника",branch,,,,,
"Южная улица, 19",70000001032710741,Центр Современной Имплантации,branch,,,1 этаж,,
"Комсомольский проспект, 15 ст2",70000001026137622,"Моситалдент, стоматологическая клиника",branch,,,1 этаж,,
"улица Сукромка, 6",70000001028622832,"Витлон, стоматологическая клиника",branch,,,1 помещение; 1 этаж,,
"Стрельбищенский переулок, 29а",70000001036592432,"Нава, отделение платных услуг",branch,,,1 этаж,,
"Коломенский проезд, 6",4504127908653600,"Самсон, стоматологическая клиника",branch,,,,,
"1-й микрорайон, 23г ст1",70000001033820945,"ПрофиДентист, стоматологическая клиника",branch,,,2 этаж,,
"Зеленоград, к1604",70000001051421661,"Жемчужина, стоматологический центр",branch,,,,,
"улица Сайкина, 19",70000001033463502,"Доктор Дол, стоматологическая клиника",branch,,,1 этаж,,
"Молодёжная улица, 63 к2",4504127908669652,"Орбиталь, стоматологическая клиника",branch,,,1 этаж,,
"проспект Мира, 76",70000001090566877,"Khatib medical clinic, медицинский центр",branch,,,1 этаж,,
"улица Ефремова, 10 ст1 к4/1",70000001038566104,"Generation Family Dentistry, стоматологическая клиника",branch,,,1 этаж,,
"улица Вавилова, 2/1",70000001083491320,Mir Dental Clinic by Dr. V. Pantsulaya,branch,,,1 этаж,,
"улица Нижняя Масловка, 8",4504127909258295,"Дента АЛ, стоматологический центр",branch,,,1 этаж,,
"улица Генерала Белякова, 1",4504127916374598,"Вадир, медицинский центр",branch,,,1 этаж,,
"Полярная улица, 27 к3",70000001057656570,"Bleach, центр современной стоматологии",branch,,,,,
"улица Бориса Галушкина, 15",4504127908510022,"Ренессанс, стоматологическая клиника",branch,,,1 этаж,,
"Дмитровский переулок, 2 ст1",4504127908561523,"Титания, стоматологическая клиника",branch,,,1 этаж,,
"Большая Семёновская улица, 42 ст1",70000001098963739,"Мед Семья, стоматологическая клиника",branch,,,2 этаж,,
"Ленинский проспект, 131",4504127908500645,Дока-Дент на Ленинском,branch,,,"1, 2 этаж",,
"Дубнинская улица, 13",4504127917705609,"Квалитет, стоматологическая клиника",branch,,,1 этаж,,
"улица Александры Монаховой, 90 к1",70000001062161252,"Ariadent, стоматология",branch,,,,,
"Новомытищинский проспект, 4а",70000001082805162,"Milar Clinic, цифровая стоматология",branch,,,,,
"Цветной бульвар, 24 ст2",70000001087224748,Добрый доктор центр,branch,,,2 этаж,,
"1-й Грайвороновский проезд, 11 к2",70000001095045506,"МФ Дентал клиник, стоматологическая клиника",branch,,,1 этаж,,
"Амурская улица, 2а к4",70000001092782388,"Стоматома, медицинский центр",branch,,,1 этаж,,
"улица Фрунзе, 1д к1",4504127908867805,"Дарьял, медицинский центр",branch,,,1 этаж,,
"улица Дмитрия Ульянова, 6 к1",70000001066438561,"Семантика Дент, стоматологическая клиника",branch,,,1 этаж,,
"Рождественская улица, 14",70000001044263648,"Элион, медицинская клиника",branch,,,,,
"улица Авиаконструктора Сухого, 2 к1",70000001047284453,Стоматологическая клиника доктора Надточего,branch,,,4 этаж,,
"улица Лобачевского, 118 к5",70000001055991325,"Композит, стоматологическая клиника",branch,,,1 этаж,,
"улица Дмитрия Ульянова, 28",4504127908372472,"Emas clinic, центр эстетической медицины",branch,,,1 этаж,,
"улица Жуковского, 18",4504128908420428,"Алекс, стоматологическая клиника",branch,,,,,
"улица Октября, 28",70000001017421211,"Гермес дент, стоматология",branch,,,1 этаж,,
"Советская улица, 1Б",4504127917706270,"Улыбка, стоматологический центр",branch,,,,,
"Зеленодольская улица, 31 к1",70000001049994291,"El`dent, стоматологический центр",branch,,,цокольный этаж,,
"Мироновская улица, 9",70000001029124106,"Белая линия, стоматологическая клиника",branch,,,,,
"улица Бутлерова, 17",70000001057052713,"Фэмили Дэнтал Клаб, авторская клиника стоматологии братьев Левковских",branch,,,213 офис; С блок; 2 этаж,,
"проспект Пацаева, 7 к5",4504127908482141,"Мл Дент, стоматологическая клиника",branch,,,3 офис; 1 этаж,,
"Азовская улица, 15",70000001063057997,"Омникер, клиника функциональной и эстетической стоматологии",branch,,,1 этаж; вход через калитку,,
"Красноармейская улица, 64",70000001089490394,"Dentrium, стоматологическая клиника",branch,,,27 помещение,,
"улица Маршала Бирюзова, 7",70000001060454446,"VK Dental Clinic, стоматологическая клиника",branch,,,1 этаж; вывеска стоматология,,
"Радужная улица, 1",70000001007149447,"Дента-Лайф плюс, стоматологическая клиника",branch,,,1 этаж,,
"Клинская улица, 14 к2",70000001035579751,"Клиника доктора Курятникова, стоматология",branch,,,1 этаж,,
"Дмитровское шоссе, 13",70000001065494066,"Cefus, стоматологическая клиника",branch,,,1 этаж,,
"Амурская улица, 2 к2",70000001111211011,"Ортоплант Клиник, стоматология",branch,,,1 этаж,,
"улица Большая Якиманка, 40 ст7",4504127918800737,"Роял-Дент, центр эстетической стоматологии",branch,,,1 этаж,,
"Боровское шоссе, 2а к1",70000001036725406,"Тип-Топ, стоматологический центр",branch,,,1 этаж,,
"Новодмитровская улица, 2 к1",70000001035191073,"Imed City Clinic, стоматологическая клиника",branch,,,9 этаж,,
"Семёновская набережная, 3/1 к6",4504128908457062,"Ваша стоматология, стоматологическая клиника",branch,,,1 этаж,,
"улица Борисовские Пруды, 16 к6",70000001045283781,"Денти, стоматология",branch,,,1 этаж,,
"улица Куусинена, 7 к3",70000001027398984,"Галарт, стоматология",branch,,,1 этаж; вход с торца,,
"Шараповский проезд, вл2",70000001028362444,"Кит, стоматологический центр",branch,,,181 офис; 5 этаж,,
"Климентовский переулок, 2",70000001028478123,"High Guard Clinic, абсолютная стоматология",branch,,,1 этаж,,
"Звонарский переулок, 1",70000001038472880,"M.Arch, стоматологическая клиника",branch,,,1 этаж,,
"Октябрьская улица, 33",70000001042992813,"Мирадент, стоматология",branch,,,6 этаж,,
"Петровский бульвар, 5 ст1",70000001103608603,"Digital Dental, частная стоматология",branch,,,,,
"улица Макаренко, 1/19",70000001038990932,Стоматологическая клиника доктора Чалого,branch,,,,,
"Краснобогатырская улица, 44 ст1",4504127908426743,Стоматологическая клиника доктора Разуменко,branch,,,2 этаж,,
"Железнодорожная улица, 33 к1",70000001098236466,"V-Bekya, стоматологическая клиника",branch,,,1 подъезд,,
"Новый бульвар, 18",4504127908661938,"Эстет дент, стоматологическая клиника",branch,,,1 этаж,,
"Флотская улица, 14",70000001025639721,"Sdi, стоматологическая клиника",branch,,,1 этаж,,
"Новокосинская улица, 12 к2",70000001092695885,"Mори Мед, стоматология",branch,,,1 этаж,,
"улица Большая Дмитровка, 20 ст2",4504127908369980,"Аксон, стоматология",branch,,,7 подъезд,,
"Институтская улица, 14",70000001048773935,"Эвидент Лайт, стоматологическая клиника",branch,,,1 этаж,,
"улица Докторова, 12а",70000001039493106,"Юми, центр стоматологии",branch,,,1 этаж,,
"2-й Новый переулок, 5",4504127908392452,"Saint-Dent, стоматологическая клиника",branch,,,,,
"улица Шолохова, 12",4504127908452611,"А2, стоматологическая клиника",branch,,,1 этаж,,
"Первомайская улица, 126",4504127909067857,"Агул, стоматологическая клиника",branch,,,1 этаж,,
"улица Воздвиженка, 9",4504128908912325,"ФайвСтарсДент, стоматологическая клиника",branch,,,1 этаж,,
"Ходынский бульвар, 17",70000001019761388,"Лада дент, стоматологическая клиника",branch,,,1 этаж,,
"Электролитный проезд, 16 к3",70000001049065064,"Voevodin Dental Clinic, стоматологическая клиника",branch,,,1 этаж,,
"1-й микрорайон, 18а",4504127915939188,"Дента лайф, стоматологический центр",branch,,,,,
"Тихвинская улица, 9",70000001088822389,"Benadent.pro, стоматологическая клиника",branch,,,1 этаж,,
"Садовая-Кудринская улица, 21а",4504127908364233,"American Russian Dental Center, стоматологическая клиника",branch,,,1 этаж,,
"улица Академика Королёва, 4 к1",4504127914736335,"Селфи Смайл, стоматологическая клиника",branch,,,1 этаж,,
"Волоколамское шоссе, 94",4504127908381951,"ВТВ, стоматологическая клиника",branch,,,1 этаж,,
"проспект Мира, 89",4504127908822807,"22 век, профессорская стоматология",branch,,,1 этаж,,
"улица Ленина, 6",70000001006710938,"Тонус, медицинский центр",branch,,,1 этаж,,
"улица Жилгородок, 1",70000001091422179,"Ленкост, стоматологическая клиника",branch,,,,,
"Краснопролетарская улица, 16 ст2",70000001020970562,"Андент, стоматология",branch,,,2-314 офис; 3 этаж; 7 подъезд,,
"Уральская улица, 23 к3",4504127908376387,"Вероника, стоматологическая клиника",branch,,,1 этаж,,
"улица Ленинская Слобода, 4",70000001046600266,"Доктор Галишников, стоматология",branch,,,,,
"улица Коштоянца, 47 к1",70000001077292379,"Идентика, стоматологическая клиника",branch,,,,,
"Большой Сергиевский переулок, 5",4504127911589401,"Вива дент, стоматологическая клиника",branch,,,1 этаж,,
"Комсомольский проспект, 35",70000001024628528,"Славдент, стоматологическая клиника",branch,,,1 этаж,,
"Совхозная улица, 13",70000001036435043,"Династия, центр стоматологии и имплантации",branch,,,2 этаж,,
"улица Удальцова, 50",70000001017565277,"Аридео, стоматологическая клиника",branch,,,1 этаж; вход со двора,,
"Новорязанская улица, 31/7 к9",70000001042854888,"Dentodel, стоматологический центр",branch,,,1 этаж,,
"Гарибальди улица, 21",70000001047136844,"Garibaldi, стоматологическая клиника",branch,,,2 этаж,,
"Щёлковское шоссе, 91",4504127908408211,"Денто-гранд, стоматологическая клиника",branch,,,,,
"Краснохолмская набережная, 13 ст1",70000001030325091,"Доктор лэнд, медицинский центр",branch,,,1 этаж,,
"Ярославская улица, 8 к5",70000001110879946,"ДарДент, стоматология",branch,,,219 офис; 2 этаж,,
"Халтуринская улица, 18",4504127908392775,"Дента-хаус, стоматологическая клиника",branch,,,1 этаж,,
"улица Тимура Фрунзе, 16",4504127908563533,"Полуев Дент, стоматологическая клиника",branch,,,,,
"Набережная улица, 23 к1",70000001039915349,Моя стоматология,branch,,,1 этаж,,
"проспект Мира, 51 ст1",4504127908563554,"Артукова, клиника эстетической стоматологии и косметологии",branch,,,цокольный этаж,,
"1-я Брестская улица, 13/14",4504127908658568,"На Маяковке, клиника",branch,,,1 этаж,,
"Бескудниковский бульвар, 6 к2",70000001067915968,"Silver D, стоматологический центр",branch,,,1 этаж,,
"микрорайон Гагарина, 18",4504127915764141,"Дентаград, стоматологическая клиника",branch,,,1 этаж,,
"улица Столетова, 19",70000001098240375,Стоматологический центр Мичуринский,branch,,,,,
"Большая Академическая улица, 85 к3",70000001104042061,"Виспа, стоматологическая клиника",branch,,,,,
"проезд Дежнёва, 26",70000001067425943,"ДН-Стом, стоматологическая клиника",branch,,,,,
"переулок Васнецова, 3",4504127917337110,"Zahnarzt hilfe, стоматологическая клиника",branch,,,1 этаж,,
"Дмитровское шоссе, 107а к2",70000001046419215,"ОптимистДент, семейная стоматология",branch,,,1 этаж,,
"улица Генерала Белова, 28 к2",70000001057899557,"Небо, стоматологическая клиника",branch,,,1 этаж,,
"Большая Сухаревская площадь, 16/18 ст2",70000001067595559,"Оригами, стоматологический центр",branch,,,1 этаж,,
"улица Вертолётчиков, 11",70000001075271011,"КосмиДент, стоматология",branch,,,8 помещение; 1 этаж,,
"улица Крылатские Холмы, 32 к2",70000001076497582,Стоматологический центр доктора Латышевой,branch,,,1 этаж,,
"5-й Котельнический переулок, 12",70000001080460591,"Densa med, стоматологическая клиника",branch,,,1/1 помещение; 1 этаж,,
"Зубовский бульвар, 16-20 ст1",4504127914310844,"На Зубовском, стоматологическая клиника",branch,,,1 этаж,,
"Павшинский бульвар, 20",4504127916353672,"Авиценна, стоматологическая клиника",branch,,,1 этаж,,
"Ленинский проспект, 126",70000001007449539,"Лазер Плюс, стоматологический центр",branch,,,1 этаж,,
"улица Вилиса Лациса, 1",70000001069509145,"Пароль 32, стоматологическая клиника для детей",branch,,,1 этаж,,
"улица Обручева, 3",70000001105811410,"Davidov Family Clinic, стоматологическая клиника",branch,,,1 этаж,,
"Санникова улица, 13",4504127909217640,"Клиника доктора Толкачева, стоматологическая клиника",branch,,,,,
"Хорошёвское шоссе, 9",4504127915289418,"Риаль, медицинский центр",branch,,,1 этаж,,
"Варшавское шоссе, 160 к1",70000001036498456,"Стоматолог и я, центр стоматологии",branch,,,1 этаж,,
"Таганская улица, 26 ст1",4504127908503000,"Премьер Дент, стоматологическая клиника",branch,,,1 этаж,,
"Челябинская улица, 13",70000001055772031,"Рассвет Империи, стоматологическая клиника",branch,,,,,
"Верхние Поля улица, 4",4504127912403351,"СтомСити, стоматологический центр",branch,,,1 этаж,,
"1-я Владимирская улица, 14",4504127915392113,"Перово, стоматологический центр",branch,,,1 этаж,,
"улица Константина Симонова, 4 ст4",70000001052594892,"Happysmile+, стоматология",branch,"Москва, улица Константина Симонова, 4 ст4",Медицинское учреждение,2 этаж,,
"2-й переулок Петра Алексеева, 5",70000001082475673,"Доктор Конфидент, стоматологическая клиника",branch,,,Н1 офис; 1 этаж; вход со двора,,
"3-й Лихачёвский переулок, 7 к4",4504127911086252,"Дента Проф, стоматологическая клиника",branch,,,,,
"улица Ленина, 8",70000001038893746,Клиника эстетической стоматологии,branch,,,1 этаж,,
"Носовихинское шоссе, 25",70000001041195510,"DentalStr25, стоматологическая клиника",branch,,,1 этаж,,
"Краснодонская улица, 13 к2",70000001043821316,"Меддобро, медицинский центр",branch,,,1-2 этаж,,
"Скандинавский бульвар, 6",70000001055203349,"General Dentist, стоматология",branch,,,1 этаж,,
"улица Мусы Джалиля, 27 к2 ст2",70000001078985792,Центр имплантации и эстетической стоматологии,branch,,,,,
"Новая улица, 39",70000001019026295,"Династия, стоматологический центр",branch,,,1 этаж,,
"проспект Королёва, 5д",70000001083513647,"Армония, стоматологическая клиника",branch,,,413 офис; 4 этаж,,
"Павелецкая площадь, 1",4504127908391669,Стоматология профессора Абакарова,branch,,,1 этаж,,
"Зелёный проспект, 5/12",4504127908899676,"Времена года, медицинский центр",branch,,,1 этаж,,
"улица Октября, 24",70000001017964054,"КОНСИЛИУМ ДЕНТ, стоматологический центр",branch,,,1 этаж,,
"Большая Академическая улица, 63",70000001088918153,"Digital grin, клиника цифровой стоматологии",branch,,,1 этаж,,
"Сретенский тупик, 5",70000001111609458,Стоматологическая клиника,branch,,,,,
"Вильнюсская улица, 13",4504127908389177,"Дент сервис, стоматологическая клиника",branch,,,1 этаж,,
"Братиславская улица, 18 к2",4504127908669937,"Элита, стоматологический центр",branch,,,1 этаж,,
"улица Егорова, 5",4504127915950195,"Dental centre, стоматологическая клиника",branch,,,1 этаж,,
"Юбилейная улица, 7а",4504127918494971,"Лайма+, клиника стоматологии",branch,,,1 этаж,,
"Молодёжная улица, 46 ст1",70000001058991009,"Белый Лебедь, дентальная студия",branch,,,2 этаж,,
"улица Дыбенко, 2",4504127908376601,"Вива, cтоматологическая клиника",branch,,,1 этаж,,
"Автозаводская улица, 21",4504127911086435,"Лак-дент, стоматологический центр",branch,,,1 этаж,,
"улица Маршала Мерецкова, 2",70000001020813126,"Дом улыбок, стоматология",branch,,,1 этаж,,
"проспект Мира, 79",70000001094677283,СтомЭконом,branch,,,2 этаж,,
"Ленинский проспект, 111 к1",70000001020896097,"Happy Dents, стоматологическая клиника",branch,,,301 офис; 3 этаж,,
"Советская улица, 1",70000001028218566,"Аймед, центр",branch,,,1 этаж,,
"Тверской бульвар, 17 ст1",70000001020278064,"Westmed, клиника стоматологии",branch,,,1 этаж,,
"Можайское шоссе, 25",4504127909215626,"Фн-дент, стоматологическая клиника",branch,,,"3 этаж; дверь рядом с главным входом ПЭМ, нужно спуститься по лестнице",,
"Производственная улица, 2",70000001025408591,"Дентекс, стоматологический центр",branch,,,2 этаж,,
"2-я Владимирская улица, 34",70000001103764023,"Винтер Дент, стоматология",branch,,,1 этаж,,
"бульвар Любы Новоселовой, 6а",70000001019653550,"НеоМед, стоматологический центр",branch,,,3 этаж,,
"Минская улица, 1г к1",70000001077916906,"OMdoctor, стоматология",branch,,,1 этаж,,
"Светлая улица, 3а ст6",70000001057726074,"Голд-дент1, стоматологический центр",branch,,,2 этаж,,
"1-я Нововатутинская улица, 5",70000001075259867,"Арт-смаил, стоматологическая клиника",branch,,,1 этаж,,
"Кутузовский проспект, 5",70000001066094535,"Swiss dental care, стоматология",branch,,,1 этаж,,
"Новочерёмушкинская улица, 8",4504128908626433,"Мадера, стоматологическая клиника",branch,,,1 этаж,,
"улица Чаянова, 18",70000001038386997,"DS Clinic, стоматологическая клиника",branch,,,1 этаж,,
"улица Мира, 35",70000001043986599,"Жемчужина, стоматологическая клиника",branch,,,1 этаж,,
"Балаклавский проспект, 5",70000001089267718,"Московский доктор, частная стоматология",branch,,,1 этаж,,
"Окская улица, 5 к1",70000001025989340,Окский стоматологический центр,branch,,,1 этаж,,
"Береговая улица, 1а",70000001093886883,"СК, стоматология",branch,,,,,
"Комсомольский проспект, 42 ст2",70000001042053466,"Эвклаз, медицинский центр",branch,,,7 офис; 2 этаж; домофон 7,,
"улица Юннатов, 4 к Г",70000001077232076,"Лимадо, стоматология",branch,,,,,
"Николоямская улица, 40 ст1",4504127908400791,"Дентас, стоматологическая клиника",branch,,,1 этаж,,
"Варшавское шоссе, 152",70000001033550549,"Живите долго, медицинский центр",branch,,,1 этаж,,
"Новый бульвар, 5 к1",70000001045088491,"Docprofi, клинико-диагностический центр",branch,,,1 этаж,,
"улица Героев Панфиловцев, 1 к3",4504127914557403,"Доверие, стоматологическая клиника",branch,,,1 этаж,,
"улица Вертолётчиков, 1",70000001019554023,"Вимед Профи, медицинский центр",branch,,,1 этаж,,
"Банный переулок, 3",4504127908480659,"Медсервис бьюти, стоматологическая клиника",branch,,,1 этаж,,
"улица Верхняя Масловка, 10 ст4",4504127908367184,"Spectra, стоматологическая клиника",branch,,,1 этаж,,
"Адмирала Лазарева улица, 45",4504127908452449,"Колибри, стоматологическая клиника",branch,,,1 этаж,,
"Юбилейный проспект, 41",70000001023704494,"Арти дент, клиника стоматологии и косметологии",branch,,,1 этаж,,
"Мичуринский проспект, 19 к3",70000001040222959,"Stiadent, клиника цифровой стоматологии",branch,,,1 этаж,,
"Крымская улица, 4",70000001047762276,"Z3, стоматологический центр",branch,,,1 этаж,,
"Абельмановская улица, 5",4504127908503552,Стоматологический центр профессора Ушакова,branch,,,1 этаж,,
"улица Юлиуса Фучика, 11-13",4504127909025459,"Немецкая стоматология доктора Гроссманна, стоматологическая клиника",branch,,,1 этаж; вход со двора,,
"Городская улица, 20",70000001027512170,"Жемчужина, стоматологический центр",branch,,,1 этаж,,
"Красноармейская улица, 3",70000001093098231,"Дентал Лаб, стоматологическая клиника",branch,,,1 этаж,,
"Полярная улица, 27 к4",70000001061391698,"Алекс дентал, стоматологическая клиника",branch,,,,,
"Кузьминская улица, 17",4504128908550611,"Гранд Елизавета, стоматологический центр",branch,,,1 этаж,,
"улица Спиридоновка, 27/24",70000001110021194,"Канадский центр, стоматологическая клиника",branch,,,,,
"улица Красная Пресня, 21",70000001057407275,"Сити Стом, стоматология",branch,,,2 этаж,,
"Новая площадь, 14",70000001089820273,"Комфорт Дент, стоматологический центр",branch,,,1 этаж,,
"улица Новый Арбат, 31/12",70000001018396116,Клинический институт эстетической медицины и медицинская диагностика,branch,,,,,
"Новинское шоссе, 2",70000001028879162,"Вегастом, стоматология",branch,,,1 этаж,,
"Большая Тульская улица, 46",70000001028093975,Парадонто-хирургический центр им. Модиной Тамары Николаевны,branch,,,2 этаж,,
"улица Воздвиженка, 9",70000001060586072,"Доктор Фридман, стоматологический центр",branch,,,1 этаж,,
"Игральная улица, 10",4504127908417526,"Икомед, медицинский центр",branch,,,около 5 подъезда,,
"переулок Лучников, 7/4 ст6",70000001074528360,"Vlasov, стоматологический центр",branch,,,1 этаж; вход со двора,,
"Зеленоград, к833",4504127908570284,"Добромед, клиника семейной медицины",branch,,,1 этаж,,
"улица Ленинская Слобода, 4",4504127908577732,Клиника вашего здоровья,branch,,,,,
"Артамонова улица, 16 к1",4504127908445851,"Интердент, семейная стоматологическая клиника",branch,,,1 этаж,,
"Зеленоград, к2005",70000001045080888,"Смайл студия, стоматологическая клиника",branch,,,1 этаж,,
"11-я Парковая улица, 41 к1",70000001042731814,"Зубок, стоматологическая клиника",branch,,,вход с ул. 11-я Парковая,,
"Новочерёмушкинская улица, 57",4504127908364325,"Ситидент, стоматологический центр",branch,,,1 этаж,,
"улица Винокурова, 2",70000001037180702,Стоматологическая клиника Доктора Алимбекова,branch,,,,,
"Коктебельская улица, 8",70000001101654626,"АлмаДент, стоматология",branch,,,6 подъезд,,
"Лазурная улица, 8",70000001074661009,"Victory Dental Studio, стоматология",branch,,,1 этаж,,
"улица Кашёнкин Луг, 6 к1",4504128908782188,Северо-восточный стоматологический центр №2,branch,,,1 этаж,,
"улица Ленина, 12",4504127916662840,"Дедокука, медицинский центр",branch,"Лосино-Петровский, Дедокука, медицинский центр",Медицинское учреждение,,"Дедокука, медицинский центр",
"Варшавское шоссе, 141а к2",70000001076181411,"Ск клиник, стоматологическая клиника",branch,,,1 этаж,,
"проспект Мира, 81",4504128908522679,"Премьер стоматология, стоматологическая клиника",branch,,,1 этаж,,
"Измайловский бульвар, 40",70000001093691582,"Vivastom, стоматология",branch,,,,,
"Волоколамское шоссе, 6",70000001034677641,"Ottoclinic, медицинский центр",branch,,,1 этаж,,
"Марксистская улица, 20 ст5",70000001080050690,"Смайл концепт, стоматологическая клиника",branch,,,1 этаж,,
"2-й Боткинский проезд, 8",70000001022491704,"Mfc clinic, стоматологическая клиника",branch,,,2 этаж,,
"улица Михайлова, 31а",4504127908482671,"Стоматолог+, стоматологический центр",branch,,,,,
"Каширское шоссе, 94 к1",4504127908560795,"ЮАО, стоматологическая клиника",branch,,,2 этаж,,
"Святоозёрская улица, 8",70000001007019408,"Академи дент, стоматологический центр",branch,,,,,
"Полесский проезд, 2 к1",4504127908560443,"Вымпел-Медцентр, медицинский центр",branch,,,1 этаж,,
"улица Ленина, 59",70000001027430035,"Сберегательная стоматология, клиника",branch,,,1 этаж,,
"6-я Радиальная улица, 3 к5",70000001048368170,"Анатомия, зуботехническая лаборатория",branch,,,,,
"Мичуринский проспект, 37",70000001078638828,"Новая улыбка, стоматологическая клиника",branch,,,,,
"улица Расплетина, 9",70000001069002687,"Так Как Надо, центр гнатологии",branch,,,,,
"Новочерёмушкинская улица, 18",4504128908432588,"Дентал Престиж, стоматологическая клиника",branch,,,1 этаж,,
"улица 60 лет Октября, 22/1",70000001041227541,"Точка зрения, семейная клиника",branch,"Белоозёрский, улица 60 лет Октября, 22/1",Медицинское учреждение,1 этаж,,
"Можайское шоссе, 38г",70000001063786183,"Dental smile, клиника стоматологии и косметологии",branch,,,2 этаж,,
"1-й Басманный переулок, 12",70000001044959806,"Триоденталь, стоматологическая клиника",branch,,,1 этаж,,
"Измайловский бульвар, 40",70000001083737092,"Teodent, стоматологическая клиника",branch,,,,,
"проезд Берёзовой Рощи, 12",70000001027538571,"Эндостом, стоматологическая клиника",branch,,,2 этаж,,
"Советская улица, 9",70000001029411816,"Клиника доктора Стоянова, стоматологический кабинет",branch,,,2 этаж,,
"Большая Грузинская улица, 12",4504127908651645,"Профклиник, медицинский центр",branch,,,1-2 этаж,,
"Трёхгорный Вал улица, 6а",70000001041360230,"Санмедэксперт+, медицинский центр",branch,,,,,
"улица 800-летия Москвы, 11 к3",4504127909067768,"Au dental, стоматологическая клиника",branch,,,1 этаж,,
"улица Генерала Белова, 28 к1",70000001041178306,"Борисовский, стоматологический центр",branch,,,1 этаж,,
"улица Садовая-Триумфальная, 16 ст2",70000001062374907,"КБ, центр стоматологии и биоинженерии",branch,,,1 этаж,,
"улица Клемента Готвальда, 6в",70000001019123279,"Скляров Дентал Клиник, стоматологическая клиника",branch,,,13 офис; 2 этаж,,
"Саратовская улица, 24",70000001024192847,"Райтер, стоматология",branch,,,1 этаж,,
"Романовская улица, 13",70000001106305475,"Мудрая восьмерка, стоматологическая клиника",branch,,,,,
"Митинская улица, 28 к5",70000001040590536,"Экодент, стоматологическая клиника",branch,,,1 этаж,,
"Большая Спасская улица, 10/1",70000001078282786,"Альтермед, клиника остеопатии",branch,,,1 этаж; вход с торца; со стороны тупика Спасский,,
"Изюмская улица, 47 к1",70000001069847431,"Veneers&Implant clinic, стоматологический центр",branch,,,,,
"Бескудниковский бульвар, 6 к3",4504127908495511,"Оникс, стоматологический центр",branch,,,1 этаж,,
"Верхние Поля улица, 35 к5",4504127908369833,"Агапе, медицинский центр",branch,,,,,
"улица Борисовка, 16а",70000001036734553,"My Smile, стоматологическая клиника",branch,,,1 этаж,,
"Новинский бульвар, 31",4504127908563303,"Стоматология 31, стоматологическая клиника",branch,,,2 этаж,,
"Беловежская улица, 57",4504127918728248,"Stom Clinic, медицинский центр",branch,,,1 этаж; вход со двора,,
"улица Ватутина, 6",70000001018347728,"Доктор Стом, стоматологическая клиника",branch,,,2 этаж; 1 подъезд,,
"Ленинградский проспект, 77 к4",4504127909310713,"Оптимальный выбор, стоматологическая клиника",branch,,,1 этаж,,
"Мичуринский проспект, 19 к1",70000001040243522,"Стомэксперт, стоматологическая клиника",branch,,,1 этаж,,
"Георгиевский проспект, 37 к1",70000001077203907,"Норма дент, стоматологический центр",branch,,,,,
"Зеленоград, к1412",4504127908426533,Клиника Доктора Звонарева,branch,,,,,
"улица Мнёвники, 9",70000001080682058,"Verde, клиника",branch,,,,,
"Перервинский бульвар, 21 к1",4504127908366734,"Евромед с, многопрофильный медицинский центр",branch,,,1 этаж,,
"Можайское шоссе, 36",4504127908550934,"Леди, стоматологическая клиника",branch,,,1 этаж,,
"Зелёная улица, 19",70000001034652604,"Доктор+, медицинский центр",branch,"Коломна, Зелёная улица, 19",Медицинское учреждение,1-2 этаж,,
"Лесная улица, 35/2",4504127914531684,"Моя стоматология, стоматологическая клиника",branch,,,1 этаж,,
"улица Народного Ополчения, 1Б",4504127916041430,"Медон, медицинский центр",branch,,,,,
"Большая Черёмушкинская улица, 42 к1",70000001097289660,"Cerganlor, стоматологическая клиника",branch,,,,,
"проспект Мира, 95",70000001102645541,"ВароСмайл, стоматологическая клиника",branch,,,16 офис; 4 этаж,,
"Воротынская улица, 16",4504127908436899,"Интелстом, клиника стоматологии и косметологии",branch,,,1 этаж,,
"Ленинский проспект, 36",4504127909025519,"Дара дентал, стоматология",branch,,,1 этаж,,
"Павшинский бульвар, 17",70000001023779331,"Наш дантист, стоматологическая клиника",branch,,,1 этаж,,
"улица Перерва, 68/35",4504127914339670,"Крепкий орешек, стоматологический центр",branch,,,1 этаж,,
"Солдатский переулок, 10",70000001105170789,"Клевер, стоматология",branch,,,1 этаж,,
"Балаклавский проспект, 9",70000001057836249,"M.S.Dentсlinic, стоматология",branch,,,1 этаж,,
"Протопоповский переулок, 9 ст1",4504127908370029,"Алёна, стоматологическая клиника",branch,,,"1, 3 этаж",,
"Большая Покровская улица, 23",70000001042057018,"Новая медицина, семейная клиника",branch,,,1 этаж,,
"Новороссийская улица, 30 к1",70000001110498586,"Юнитим, стоматология",branch,,,,,
"Московская улица, 1",70000001062193281,"Эридент, стоматология",branch,,,1 этаж,,
"1-й Стрелковый переулок, 1",70000001087752356,"Слоян, стоматологическая клиника",branch,,,1 этаж,,
"Пресненская набережная, 12",70000001059734376,Стоматологическая клиника доктора Вартана Саркисяна,branch,,,1 этаж,,
"Юбилейная улица, 23",70000001041930593,"АльтаСтом, стоматологическая клиника",branch,,,1 этаж,,
"улица Декабристов, 28 к1",4504127908519986,"Стайл-С, стоматологическая клиника",branch,,,1 этаж,,
"Страстной бульвар, 13а",70000001049880990,Стоматология на Страстном,branch,,,1 этаж,,
"3-й Павелецкий проезд, 3",70000001075628348,"Эндовью, стоматологическая клиника",branch,,,16 офис; 2 этаж,,
"улица Лобачевского, 8",4504127908639140,"Сателлит, медицинский центр",branch,,,,,
"Большая Академическая улица, 77 к2",70000001058754416,"ДискусДент, стоматологическая клиника",branch,,,1 этаж,,
"Планетная улица, 19",70000001061816261,"Екм, стоматология",branch,,,1 этаж,,
"улица Дмитрия Холодова, 5",70000001103433925,"Мудрый и Молочный, семейная стоматологическая клиника",branch,,,около агентства Coral Elite Service,,
"Старопетровский проезд, 8",70000001110915600,МА Дентал клиник,branch,,,рядом с центром Ветви жизни,,
"2-я Пугачёвская улица, 10 к1",70000001068612926,"Da Dental, стоматологический центр",branch,,,1 этаж,,
"Тайнинская улица, 9 к1",70000001074618937,"Монблан, стоматологическая клиника",branch,,,,,
"Малый Спасоглинищевский переулок, 3 ст1",70000001080773202,"Smile Sfera, стоматологическая клиника",branch,,,,,
"Шереметьевская улица, 37 к2",70000001047916443,"Прага-стом, стоматологическая клиника",branch,,,1 этаж,,
"Долгоруковская улица, 40",70000001038534563,"Прогресс дент, стоматологическая клиника",branch,,,14-16 кабинет; 2 этаж,,
"улица Маяковского, 31",70000001071241819,"Софродент, стоматологическая клиника",branch,,,2 этаж,,
"Совхозная улица, 16",70000001074348741,"Добрый доктор, стоматологическая клиника",branch,,,1 этаж,,
"Краснопрудная улица, 15",70000001083024495,"Dentcor, стоматологическая клиника",branch,,,2-3 этаж; вход на лестнице между вторым и третьим этажом,,
"Симферопольский бульвар, 4а",70000001062795557,"СтомТайм, стоматологический центр",branch,,,1 этаж,,
"улица Свободы, 4",70000001023951149,"Рамдент, стоматологический центр",branch,,,12 офис; 2 этаж,,
"3-й Автозаводский проезд, 4",70000001028662215,"УлыбкаPro, стоматологический центр",branch,,,1 этаж,,
"улица Екатерины Будановой, 20 к1",70000001041969209,"Токио, центр стоматологии и здоровья",branch,,,,,
"Молодогвардейская улица, 4 к1",4504127908567924,"Фодэрис, стоматологическая клиника",branch,,,6 помещение; 1 этаж,,
"бульвар Веласкеса, 3 к3",70000001083018696,Испанский стоматологический центр,branch,,,1 этаж,,
"Адмирала Лазарева улица, 54 к1",70000001069916689,"ПреАмбула, стоматология",branch,,,1 этаж,,
"проспект Победы, 18",70000001048722360,"Aura, стоматологическая клиника",branch,,,,,
"Стремянный переулок, 38",70000001006565777,Стоматология на Серпуховской,branch,,,1 этаж,,
"Покровская улица, 12",70000001044054806,"Black Dent, стоматология",branch,,,1 этаж,,
"Октябрьский проспект, 123 к3",70000001057171088,"АсторДент, стоматологическая клиника",branch,,,,,
"Ленинградский проспект, 45 к3",70000001093462222,"Grani Smile, стоматологическая клиника",branch,,,1 этаж,,
"улица Агрохимиков, 15 к А",70000001087225398,"Сколково Smile, стоматологическая клиника",branch,,,,,
"Ломоносовский проспект, 23",4504127908395248,"Доктор Степман, стоматологическая клиника",branch,,,1 этаж,,
"проезд Дежнёва, 27 к1",70000001020631832,"Denta Classic, стоматологическая клиника",branch,,,1 этаж,,
"Комсомольская улица, 19/1",70000001063196928,"Кристалл Дент, стоматологическая клиника",branch,,,4 этаж,,
"Ломоносовский проспект, 11",70000001069191914,"Лизадент, стоматология",branch,,,2 этаж,,
"Ангарская улица, 51 к2",70000001030387838,"Медилюкс Дент, клиника",branch,,,1 этаж,,
"Огородный проезд, 16/1 ст3",70000001096855817,"dr.Bliznyakov, центр превентивной стоматологии",branch,,,11 этаж,,
"Новочерёмушкинская улица, 49",70000001041095666,"Health Clinic, клиника эстетической стоматологии",branch,,,вход со двора,,
"Октябрьская улица, 5",70000001053587434,"Эскулап, стоматология",branch,,,1 этаж,,
"Большой Казённый переулок, 8 ст2",70000001082018690,Стоматологическая клиника доктора Сорокиной,branch,,,1 этаж,,
"Заречная улица, 45а ст7",70000001093377812,"Bambino, семейная стоматология",branch,,,,,
"Зеленоград, к1505",4504127908372562,"Астрея, медицинский центр",branch,,,1 этаж,,
"улица Николаева, 28а",70000001023205459,"Улыбка, стоматологическая клиника",branch,,,1 этаж,,
"улица Чехова, 18",4504127908366837,"ident, стоматологическая клиника",branch,,,2 этаж,,
"Садовая-Кудринская улица, 3а",70000001039550903,"Make smile, стоматологическая клиника",branch,,,303 офис; 3 этаж,,
"Нагатинская набережная, 44 к1",70000001058880681,"Dental E.C.Clinic, стоматологическая клиника",branch,,,1 этаж,,
"Краснопрудная улица, 26",70000001091786816,"Afident, ​стоматологическая клиника",branch,,,1 этаж,,
"улица Веры Волошиной, 46",4504127908488815,"Сатори-дент, стоматологическая клиника",branch,,,1 этаж,,
"улица Годовикова, 9 ст25",70000001022019313,"Арт-дент, стоматология",branch,,,1 этаж,,
"2-я Вольская улица, 3",70000001021496634,Клиника доктора Павленко,branch,,,1 этаж,,
"Кантемировская улица, 20 к1",70000001025767684,"Титан, стоматологический центр",branch,,,1 этаж,,
"улица Грабина, 8Б",70000001037275052,"Альфa дент, стоматологическая клиника",branch,,,1 этаж,,
"Ярославское шоссе, 6 к1",70000001044998647,"Денто-комфорт, стоматология",branch,,,1 этаж,,
"60-летия Октября проспект, 15",70000001074875605,"Дент-Проффи +, стоматология",branch,,,1 этаж; вход с проспекта 60-летия Октября,,
"Парковый микрорайон, 1 к20",70000001096220878,Парковая стоматологическая поликлиника,branch,,,,,
"улица Мира, 12/5",4504127908894918,"На Северном, медицинский центр",branch,,,2 этаж,,
"улица Хлобыстова, 3 к1",4504127908372754,"Атри-дент, стоматологическая клиника",branch,,,1 этаж,,
"2-я Квесисская улица, 25",70000001102247230,Центр стоматологии профессора Узунян Н. А.,branch,,,,,
"Вернадского проспект, 125 к1",4504127908385803,"Геостом, стоматологическая клиника",branch,,,1 этаж,,
"Новгородская улица, 25",4504127908669428,"Макс-Дент, стоматологическая клиника",branch,,,1 этаж,,
"Лесная улица, 30 ст1",70000001021898536,Профессиональная стоматология,branch,,,1 этаж,,
"Народная улица, 20 ст1",70000001062943159,"Народная клиника, стоматологическая клиника",branch,,,2 этаж,,
"Новокосинская улица, 24 к1",4504127908464300,"Стоматология Люкс, стоматологическая клиника",branch,,,1 этаж,,
"Ореховый бульвар, 33а",4504127917244225,"Ива-дент, стоматологический центр",branch,,,1 этаж,,
"Рочдельская улица, 11/5",70000001017464647,"Доктор Ермолаев, стоматологическая клиника",branch,,,1 этаж,,
"проспект Мира, 102 ст31",70000001047546813,"Ocean Dental Clinic, частная стоматологическая клиника",branch,,,312 офис; 3 этаж,,
"Вересковая улица, 5",4504127908391653,"Smileguruclinic, стоматологическая клиника",branch,,,2 этаж,,
"Пятницкая улица, 2/38 ст3",4504127908375294,"Бионик дентис, стоматологический центр",branch,,,1 этаж,,
"улица Ленинская Слобода, 19 ст1",4504127918360672,"ОмегаСтом, стоматологическая клиника",branch,,,1 этаж,,
"улица Панфилова, вл19 ст1",4504127909019172,Кантри парк стоматология,branch,,,2 этаж,,
"Ново-Молоковский бульвар, 10",70000001022086601,"Солнечный круг, стоматологическая клиника",branch,,,11 помещение; 1 этаж,,
"улица Рогожский Вал, 4",70000001061279924,"Maestro, стоматологическая клиника",branch,,,1 этаж,,
"улица Болдырева, 3",4504127908868478,"Complex Denta, стоматологическая клиника",branch,,,2 этаж,,
"улица Кирова, 7 к1",4504127916115955,"Мед-Дент, стоматология",branch,,,1 этаж,,
"Муравская улица, 38 к1",70000001046358929,"Дгд Дент, стоматологический центр",branch,,,1 этаж,,
"Кленовый бульвар, 13",4504127920717242,Стоматология на Кленовом,branch,,,,,
"улица Исаева, 2а",70000001021816267,"Тари, стоматология",branch,,,2 этаж,,
"Заревый проезд, 5 к1",70000001035556011,"Rimma-dent, стоматологическая клиника",branch,,,1 этаж,,
"бульвар Яна Райниса, 31",70000001059390405,"Giacint N Clinic, многопрофильный медицинский центр",branch,,,,,
"Тестовская улица, 10",4504127908965675,"Дентал Модерн Клиник, стоматологическая клиника",branch,,,3 этаж; 1 подъезд,,
"Фурманный переулок, 18",70000001033501658,"Дюбриэль, стоматологическая клиника",branch,,,1 этаж,,
"улица Поляны, 5",70000001057797596,Центр Имплантологии доктора Давтяна,branch,,,1 этаж,,
"Уральская улица, 23 к4",4504127908974039,"Маркушка, детская стоматология",branch,,,1 этаж,,
"посёлок ВУГИ, 25",70000001017564938,"Вуги, стоматология",branch,,,1 этаж,,
"улица Авиаконструктора Петлякова, 5",70000001026956540,"Отлично, стоматологический центр",branch,,,1 этаж,,
"улица Талалихина, 1 к2",70000001038625679,"Биостом, стоматологическая клиника",branch,,,,,
"улица Горького, 79 к5",70000001040396375,"Малистом, стоматологический центр",branch,,,,,
"Талдомская улица, 17 к1",70000001076687351,"Станция Улыбок, стоматологическая клиника",branch,,,1 этаж,,
"Троицкая улица, 11",70000001019563466,"Моя стоматология №1, стоматологическая клиника",branch,,,1 этаж,,
"Солдатская улица, 3",4504127908426972,"Дэнтал, стоматологическая клиника",branch,,,1 этаж,,
"улица Академика Бочвара, 10Б",4504127919177050,Красноперов Клиник,branch,,,,,
"улица Дружбы, 5",70000001006665319,"Фарма-дент, стоматология",branch,,,1 этаж; 3 подъезд,,
"Краснобогатырская улица, 11",70000001047519256,"Анатомия зубов, стоматологическая клиника",branch,,,1 этаж,,
"Дмитровское шоссе, 169 к1",70000001061385647,"Vusmed, медицинский центр",branch,,,,,
"Авиамоторная улица, 28/6",70000001092045669,"Евтения, клиника",branch,,,1 этаж,,
"Кочновский проезд, 4 к2",70000001039112546,"Балтимор, профессорская стоматология",branch,,,2 этаж; вход по лестнице с торца здания,,
"Варшавское шоссе, 141 к7",70000001056474562,"ДенталБест, стоматологическая клиника",branch,,,,,
"улица Академика Бочвара, 6",70000001065617300,"Екм, стоматологическая клиника",branch,,,,,
"Нахимовский проспект, 36",70000001080030369,"Тидент, центр гнатологии и современной стоматологии",branch,,,3 помещение; 1 этаж,,
"Братиславская улица, 10",4504127908417410,"Доктор Бон, стоматологическая клиника",branch,,,1 этаж,,
"улица Михайлова, 47",70000001007534407,"Абрис, стоматологический центр",branch,,,1 этаж,,
"Заречная улица, 10 к1",70000001035161669,"Марусино, медицинский центр",branch,"Марусино, Заречная улица, 10 к1",Медицинское учреждение,14 помещение; 1 этаж,,
"Большая Очаковская улица, 44 к1",70000001087772009,"JS Искусство улыбаться, многопрофильная стоматологическая клиника",branch,,,1 этаж,,
"Цветной бульвар, 25 ст1",4504128908701491,"Цветной, стоматологическая клиника",branch,,,2 этаж; вход со двора,,
"Ленинский проспект, 83",70000001007441572,"Унамед, стоматология",branch,,,,,
"Ленинградский проспект, 75а",70000001025367202,"Бутик Стоматологии, стоматологическая клиника",branch,,,1 этаж,,
"Международная улица, 12",70000001031565819,"Confident, клиника инновационной косметологии и стоматологии",branch,,,мансардный этаж,,
"Пятницкая улица, 17/4 ст3",70000001110818917,Бесценная стоматология,branch,,,2 этаж,,
"Привольная улица, 1 к1",70000001018850789,"Скоромед, семейная медицинская клиника",branch,,,,,
"Зоологическая улица, 22",70000001026531962,"Allurance dental clinic, стоматологическая клиника",branch,,,1 этаж,,
"Денежный переулок, 7 ст2",70000001030560514,"Эго-доктор, стоматологическая клиника",branch,,,1 этаж,,
"Покровская улица, 17 к5",70000001081130967,"Dent Az, стоматология",branch,,,1 этаж,,
"1-я Брестская улица, 66",70000001112399982,"Доктор Али, стоматология",branch,,,17 кабинет; 2 этаж,,
"Веерная улица, 30 к4",4504127908568852,"Эвекс, стоматологическая клиника",branch,,,1 этаж,,
"3-я Нововатутинская улица, 8",70000001075113898,"Радуга, стоматологическая клиника",branch,,,1 этаж,,
"Святоозёрская улица, 5",70000001112384997,КонкорДент,branch,,,,,
"Высоковольтная улица, 20",70000001020243007,"3-Дент, стоматологический центр",branch,,,7 помещение; 1 этаж,,
"Краснодонская улица, 23 к1",70000001041688856,"Спасмед, медицинский центр",branch,,,1 этаж,,
"1-я Миусская улица, 20 ст5",4504127908562205,"ТрайДент, стоматологическая клиника",branch,,,1 этаж,,
"улица Жулябина, 6Б",70000001100569704,"Зубной Эльф, ​стоматологическая клиника",branch,,,1 этаж,,
"Щербаковская улица, 41а",4504127908464942,"Макси-Дент, стоматологический центр",branch,,,"3, 4 этаж",,
"Стрелковая улица, 4",70000001081635478,"Александрия, семейная стоматология",branch,,,1 этаж,,
"Планетная улица, 3 к3",70000001035479519,"52 консультативно-диагностический центр, стоматологическое отделение",branch,,,"3, 6 этаж",,
"Южная улица, 11",70000001036302178,"Yes, стоматологическая клиника",branch,,,1 этаж,,
"Берёзовая улица, 13",70000001038241102,"ИнтелПлюс, медицинский центр и стоматология",branch,,,1 этаж,,
"улица Говорова, 36",70000001033942316,"Арт-МедикалДент, стоматологическая клиника",branch,,,1 этаж,,
"Марьинский бульвар, 1а",70000001045789698,"True Dent, стоматология",branch,,,,,
"улица Гризодубовой, 12",70000001033875018,"Зубарики, детская стоматология",branch,,,,,
"Рабочая улица, 42",70000001022828458,"Тонус, клиника семейной медицины",branch,,,1 этаж,,
"Фестивальная улица, 39 к1",70000001100871164,Улыбка Плюс,branch,,,,,
"Большой Козловский переулок, 10 ст2",4504127908477544,"Мегастом, стоматологический центр",branch,"Москва, Большой Козловский переулок, 10 ст2",Медицинское учреждение,,,
"Фестивальная улица, 28 ст1",70000001038871890,"Орион дент, стоматологическая клиника",branch,,,,,
"Большая Академическая улица, 75 к2",70000001039915260,"Mosorto, ортодонтическая клиника",branch,,,1 этаж,,
"Октябрьская улица, 36",4504127913938164,Центр биостоматологии,branch,,,1 этаж,,
"Советская улица, 56",70000001034778120,"Рументи, стоматологическая клиника",branch,,,1 этаж,,
"Талдомская улица, 11 к1",70000001042878372,Gm Clinic,branch,,,1 этаж,,
"Гарибальди улица, 8",70000001080709453,"Elite Smile, стоматологическая клиника",branch,,,1 этаж,,
"Трёхпрудный переулок, 11/13 ст2",70000001056618077,"Dr. Igonin Clinic, стоматологическая клиника",branch,,,1 этаж; вход в арке,,
"бульвар Космонавтов, 12",70000001094771474,"Эллдент, стоматологическая клиника",branch,,,24 помещение; 1 этаж,,
"Центральная улица, 7Б",70000001092570751,"А.С.Дент, частная стоматология",branch,"Щёлково, Центральная улица, 7Б",Медицинское учреждение,1 этаж,,
"Старопетровский проезд, 12 к4",70000001104332104,"Весна, стоматология",branch,,,,,
"Заводская улица, 28",70000001020761850,"Аледа-клиник, стоматологический центр",branch,,,5 павильон; 2 этаж,,
"Тайнинская улица, 17 к1",70000001025187619,"Апельсин, стоматологическая клиника",branch,,,1 этаж,,
"улица Маршала Тухачевского, 16 к1",70000001038266206,"Эндомедлаб, лечебно-диагностический центр",branch,,,1 этаж,,
"проспект Мира, 102 ст35",70000001052590349,"Will white clinic, стоматология",branch,,,1 этаж,,
"Москворецкая улица, 17",4504127908836857,"Уездный доктор, медицинский центр",branch,"Успенское, Москворецкая улица, 17",Медицинское учреждение,,,
"Хорошёвское шоссе, 46",4504127917968780,"Prima Dent, стоматологическая клиника",branch,,,1 этаж,,
"Вернадского проспект, 94 к1",4504128908494599,"Клиника доктора Антоника, стоматологический центр",branch,,,1 этаж,,
"Лесная улица, 14",70000001105835187,"Рисус, стоматологическая клиника",branch,,,,,
"Бескудниковский бульвар, 58 к3",70000001007302036,"Ridere, стоматологическая клиника",branch,,,1 этаж,,
"проспект Ленина, 93",70000001027620282,"Авеста, семейная стоматология",branch,,,2 этаж,,
"Полярная улица, 12",70000001030066568,"Арбадент, стоматологическая клиника",branch,,,1 этаж,,
"улица Андрея Белого, 1",70000001058646157,"Уник дент, стоматологическая клиника",branch,,,1 этаж,,
"Архангельский переулок, 7 ст1",70000001026147165,"Дантистъ, стоматологическая клиника",branch,,,1 этаж,,
"Душинская улица, 18 к1",70000001062899312,"Мета-Дент, стоматологическая клиника",branch,,,1 этаж,,
"Стрельбищенский переулок, 29 ст1",4504127908446945,"МосСити, стоматологическая клиника",branch,,,1 этаж; 1 подъезд,,
"Мещанская улица, 7 ст1",4504127912466337,"Noveldent life, стоматологическая клиника",branch,,,1 этаж,,
"проспект Астрахова, 10",70000001075097702,"Kavadent, стоматологический центр",branch,,,1 этаж,,
"Реутовская улица, 14",70000001094436507,"Dental Harmony, стоматология",branch,,,1 этаж,,
"Болотниковская улица, 36 к2",70000001020848921,"Hollydent, стоматологическая клиника",branch,,,8 помещение; 1 этаж,,
"Азовская улица, 24 к2",70000001044565909,"Арталекс дент, стоматологический центр",branch,,,,,
"1-й Грайвороновский проезд, 13 к1",70000001087225149,"Dental vision prо, стоматологическая клиника",branch,,,1 этаж,,
"улица Усиевича, 29 к1",4504127908463621,"Леоне, стоматологический центр",branch,,,1 этаж,,
"улица Вавилова, 81 к1",70000001030261097,"Кавитрон, центр стоматологии",branch,,,2 этаж,,
"Ярцевская улица, 1",70000001036266615,"ФорсДент, Стоматологическая клиника",branch,,,1 этаж,,
"улица Декабристов, 1Б",70000001022829888,"Зубнофф, стоматологическая клиника",branch,,,1 этаж,,
"Южнобутовская улица, 80 к1",70000001097277958,"КатОльДент, стоматология",branch,,,,,
"Солнцевский проспект, 1",70000001109997097,"Твой Облик, стоматология",branch,,,,,
"проспект Кирова, 15",70000001045507867,"Зубной доктор, г. Коломна",branch,,,1 этаж,,
"улица Камова, 5 к2 ст2",70000001081058275,"Vm Clinic, стоматологическая клиника",branch,,,1 этаж,,
"Петровский бульвар, 5 ст1",70000001035980825,"Орто-Артель, проект холистической стоматологии",branch,,,,,
"Мичуринский проспект, 31 к1",4504127908385856,"Гета дентал, стоматологическая клиника",branch,,,,,
"улица Малыгина, 20",4504127917705610,"Денто-гранд альянс, стоматологическая клиника",branch,,,1 этаж,,
"Производственная улица, 4",70000001034919905,"Dr. Vita, медицинский центр",branch,,,1 этаж,,
"3-я Хорошёвская улица, 23 к1",70000001065935612,"Focus Clinic, стоматологическая клиника",branch,,,1 этаж,,
"Севастопольский проспект, 22а",70000001112100046,"Время Улыбаться, стоматология",branch,,,1 этаж,,
"Митинская улица, 37",70000001060518578,"МидаДент, стоматологический центр",branch,,,1 этаж,,
"улица Борисовка, 4а",4504127915749600,"Дентикус, стоматологическая клиника",branch,,,1 этаж,,
"Новомытищинский проспект, 34/2",70000001066078790,"312, медицинский центр",branch,,,1 этаж,,
"Ильинское шоссе, 16",70000001019048327,"Rigadent, стоматологический центр",branch,,,2 этаж,,
"улица Покровка, 18",4504127917428319,"Дентом, стоматологическая клиника",branch,,,1 этаж,,
"переулок Рыбников, 4",70000001095574167,"Lavrenenko, стоматологическая клиника",branch,,,2/1 помещение; 1 этаж,,
"Юбилейная улица, 4 к3",70000001092726152,Av Dent,branch,,,,,
"Взлётная улица, 4",70000001110438651,"Горки Дент, стоматология",branch,,,,,
"Ходынский бульвар, 20а",70000001066106007,"Leds esthetic, стоматология",branch,,,1 этаж; справа от подъезда Д,,
"Кастанаевская улица, 17",4504127914487501,"7 Звезд, стоматологическая клиника",branch,,,5 офис; 1 этаж,,
"Садовая-Самотечная улица, 12 к1",70000001006915781,"Альянс Франсэз, стоматологический центр",branch,,,1 этаж,,
"2-й Самотёчный переулок, 1",70000001019983232,БН Клиника,branch,,,1 этаж,,
"Псковская улица, 2 к1",70000001110802236,Зубной Мир,branch,,,,,
"улица Кулакова, 19",4504127908464576,"Магистр, семейная стоматологическая клиника",branch,,,1 этаж,,
"улица Горького, 25",4504127916756356,"Ваше здоровье, медицинский центр",branch,,,1 этаж,,
"Большой Афанасьевский переулок, 28",70000001020293092,"Мс-денталь, стоматологическая клиника",branch,,,1 этаж,,
"Георгиевский проспект, 33а к2",70000001063406779,Дидентал,branch,,,,,
"Ярцевская улица, 25а",70000001105996771,"Добромед, стоматологическая клиника",branch,,,4 этаж,,
"Георгиевский проспект, 33а к1",70000001080383130,"Дивесдент, стоматологическая клиника",branch,,,1/1 помещение,,
"Дубнинская улица, 47 к1",4504127915632710,"ДентаМакс, стоматологическая клиника",branch,,,,,
"Ореховый бульвар, 47/33",4504127921303264,"Dentoclinic, стоматологическая клиника",branch,,,1 этаж,,
"улица Руставели, 15",70000001007239855,"Дентион, стоматологическая клиника",branch,,,1 этаж,,
"улица Кондратюка, 2",70000001075071620,"Магик дент, стоматология",branch,,,1 подъезд,,
"Писцовая улица, 16 к4",70000001084204433,"Альгомед, клиника",branch,,,,,
"Большой Козловский переулок, 7",4504127908393183,"Чиполлино, детская стоматологическая клиника",branch,,,1 этаж,,
"улица Панфилова, 28Б ст1",70000001035843150,"Зуб Даю!, стоматология",branch,,,2 этаж,,
"улица Черняховского, 19",70000001060172767,"Эстетика дент, стоматологическая клиника",branch,,,1 этаж; 12-13 подъезд,,
"1-я улица Машиностроения, 7",70000001101991106,"1221, стоматологическая клиника",branch,,,1 этаж,,
"улица Генерала Белова, 27 ст1",4504127908560867,"Технип, стоматологическая клиника",branch,,,,,
"Союзный проспект, 22",70000001019646521,"Estellika, стоматологическая клиника",branch,,,1 этаж,,
"Шебашевский проезд, 4 к1",4504127908435561,"Клиника зубного искусства, стоматология",branch,,,1 этаж,,
"Зеленоград, к2028",70000001018980192,"Денталь, стоматологический кабинет",branch,,,,,
"Варшавское шоссе, 143",70000001021017385,"Варшавский, стоматологический центр",branch,,,2 этаж,,
"Индустриальная улица, 7 к3",4504127908997896,1-я социальная стоматологическая поликлиника,branch,,,1 этаж,,
"Ягодная улица, 6",70000001019672419,"1Amed, стоматологическая клиника",branch,,,1 этаж,,
"Бережковская набережная, 6",4504127911086331,"Партнер-Мед, стоматологическая клиника",branch,,,8-16 офис; 1 этаж,,
"улица Милашенкова, 1",70000001039325957,"Insun, стоматология",branch,,,3 этаж,,
"улица Крупской, 12а/2",4504127908392762,"Дента-стиль, стоматологическая клиника",branch,,,1 этаж,,
"Клубная улица, 11",70000001040973691,"Dental city, стоматологическая клиника",branch,,,1 этаж,,
"Лётная улица, 40 к1",4504127908569530,"Здоровье, многопрофильный медицинский центр",branch,,,2 этаж,,
"Профсоюзная улица, 42 к4",70000001025454461,"Гор Дент, стоматология",branch,,,1 этаж,,
"Ленинский проспект, 107 к1",70000001102780057,"Клиника Фомина, стоматология",branch,,,1 этаж,,
"Уваровский переулок, 3",4504127908472865,"Маэстродент, медицинский центр",branch,,,1 этаж,,
"микрорайон Родники, 2",4504127916398763,"Медисон, стоматологический центр",branch,,,1 этаж,,
"Новый бульвар, 21",4504128908379923,"Дана, стоматология",branch,,,1 этаж,,
"Дачная улица, 11а",70000001039841785,"Маэстро, центр стоматологии и томографии",branch,,,4 этаж,,
"Новороссийская улица, 25 к1",70000001069362389,"Гиппократ, клиника",branch,,,1 этаж,,
"Малая Филёвская улица, 56",4504127920191247,"Прима, стоматологическая клиника",branch,,,1 этаж,,
"улица Бояринова, 15",70000001056665873,"АкваСтом, стоматология",branch,,,1 этаж,,
"Братиславская улица, 19 к2",4504127908810907,"Для своих, стоматологическая клиника",branch,,,1 этаж,,
"Нежинская улица, 8 к4",4504127915431442,"Тандем, стоматологическая клиника",branch,,,"1 этаж; вверх по лестнице, со стороны торгового центра",,
"Фестивальная улица, 22 к1",4504127908426587,Стоматологическая клиника доктора Корновяна,branch,,,1 этаж,,
"Северный бульвар, 3 к2",70000001035044959,Стоматологическая клиника доктора Пешковой,branch,,,1 этаж,,
"Рябиновая улица, 3 к2",70000001080538933,"ДокСтом, стоматология",branch,,,1 этаж,,
"1-й Стрелковый переулок, 3",70000001101418814,"Када-Дент, стоматология",branch,,,1 этаж,,
"Олонецкая улица, 4",70000001057263911,"Модерн Дент, стоматология",branch,,,19 помещение,,
"Красноказарменная улица, 14а к6",70000001076691320,"Стомидент, стоматология",branch,,,1 офис; 1 этаж,,
"Покровская улица, 21",70000001105086887,"Эксперт, стоматологическая клиника",branch,,,1 этаж,,
"Ленинградское шоссе, 15",4504127908542864,"Вилла Дентос, стоматологическая клиника",branch,,,1 этаж; вход со стороны ул. 1-я Радиаторская,,
"Совхозная улица, 2",70000001048532328,"Levodent, стоматологическая клиника",branch,,,,,
"Орлово-Давыдовский переулок, 2/5 к1",70000001033452881,"Дентап, стоматология",branch,,,1 этаж,,
"Большая Серпуховская улица, 31 к4",4504127908435231,"Сарус-дент, стоматологическая клиника",branch,,,1 этаж,,
"Ясный проезд, 6",4504127917556224,"Династия, стоматологический центр",branch,,,2 этаж,,
"улица Винокурова, 2",70000001036294057,"Дента сервис, стоматологическая клиника",branch,,,1 этаж,,
"Челюскинская улица, 13",70000001063897317,"Vigdent, стоматологический центр",branch,,,1 этаж,,
"улица Винокурова, 6",70000001095376586,Клиника Академической Стоматологии,branch,,,,,
"улица Судакова, 15",70000001020398230,"ADN, стоматологический центр",branch,,,,,
"Россошанская улица, 4 к1",70000001007501874,"DentalHof, стоматологическая клиника",branch,,,1 этаж,,
"улица Вертолётчиков, 5 к1",70000001063276424,"Dr.Smile, стоматологический центр",branch,,,1 этаж,,
"улица Новый Арбат, 32",70000001028674861,"Национальный медицинский исследовательский центр реабилитации и курортологии, медицинский центр",branch,,,,,
"микрорайон Белая Дача, 20",4504127916208240,"Эскада, стоматологическая клиника",branch,,,1 этаж,,
"Северная улица, 5 к4",70000001059293202,"Маг-Дентал, стоматологическая клиника",branch,,,1 этаж,,
"Ярославское шоссе, 116а",70000001061554858,"Лайм, стоматологическая клиника",branch,,,1 этаж,,
"Дубравная улица, 46",4504127908489060,"Ника-мед, стоматологическая клиника",branch,,,1 этаж,,
"Батайский проезд, 53",70000001029659249,"HolodoffDent, стоматологическая клиника",branch,,,,,
"улица Октябрьской революции, 330",70000001023945543,Стоматология на Октябрьской,branch,,,1 этаж,,
"Малая Юшуньская улица, 3",70000001029328519,"Айвазовский, стоматологическая клиника",branch,,,цокольный этаж,,
"Алтуфьевское шоссе, 92",70000001060084440,"Ликада, стоматология",branch,,,,,
"проспект Будённого, 51 к1",70000001007297565,"Аквамарин, стоматологическая клиника",branch,,,2 этаж,,
"Московский проспект, 27",70000001019144532,"ДиАдент, стоматологическая клиника",branch,,,1 этаж,,
"проспект Маршала Жукова, 43 к5",70000001027652780,"Esmalta dent, стоматология",branch,,,1 этаж,,
"Россошанская улица, 6",70000001006560538,"Denta west, стоматология",branch,,,1 этаж,,
"Краснодонская улица, 16а",70000001025346533,"Добрые руки, стоматологическая клиника",branch,,,1 этаж,,
"улица Поляны, 7",70000001064653504,"Я-дент, стоматологическая клиника",branch,,,1 этаж,,
"Татьянин Парк улица, 19 к3",70000001102115215,"ElementClinic, частная стоматологическая клиника",branch,,,34а офис; 34Н/2 помещение,,
"Олеко Дундича улица, 21 к3",4504128908605348,"Диамант, стоматологический центр",branch,,,1 этаж,,
"улица им. Зверева, 8",4504128908796029,"МаксиДент, стоматологическая клиника",branch,,,1 этаж,,
"улица Семашко, 10 к1",70000001027035798,"Квинта, стоматология",branch,,,1 этаж,,
"улица Твардовского, 10",70000001087225645,"Медалена, центр медицинских анализов и стоматологии",branch,,,вход с ул. Твардовского,,
"7-я Парковая улица, 15 к2",4504127908372425,"Асстом, стоматология",branch,,,1 этаж,,
"проспект 50 лет Октября, 4Б",70000001033623639,"Мята, стоматологическая клиника",branch,,,2 помещение; 1 этаж,,
"Каширский проезд, 1/1",70000001021083106,"Французский стандарт, стоматологическая клиника",branch,,,1 этаж,,
"Колокольников переулок, 2",70000001022967492,"Дентал Гуру, стоматологическая клиника",branch,,,3 этаж,,
"улица Свердлова, 38",4504127908414297,"Дентамед, стоматологическая клиника",branch,,,1 этаж,,
"Большая Академическая улица, 15 к1",4504127908527544,"Софи-дент, стоматологическая клиника",branch,,,1 этаж,,
"улица Твардовского, 12",70000001007026011,"Волшебная улыбка, стоматологическая клиника",branch,,,,,
"Бескудниковский бульвар, 19 к2",70000001022634894,"Дент.FM, стоматологическая клиника",branch,,,,,
"улица Берзарина, 30 к3",70000001094023837,"Osteo Dental Concept Clinic, стоматология",branch,,,,,
"Новое шоссе, 8 к3",70000001037703321,Династия,branch,,,2 помещение; 1 этаж,,
"улица Толмачёва, 1а",4504127908943928,"Медикс, стоматологический центр",branch,,,2 этаж,,
"посёлок Коммунарка, 20",4504128908791363,"Лана дент, стоматология",branch,,,4 помещение; 1 этаж,,
"Митинская улица, 28 к3",70000001029826570,"Дентоника, стоматологическая клиника",branch,,,1 этаж,,
"Красногорский бульвар, 50",70000001099768862,"Mig Dent, стоматологическая клиника",branch,,,,,
"улица 3-го Интернационала, 78",70000001034867785,"Dr.Plombir, стоматология",branch,,,1 этаж,,
"Калужское шоссе 22 километр, 10 ст23",70000001051212158,"Медпрогресс, многопрофильный медицинский центр",branch,,,2 этаж,,
"улица Александры Монаховой, 92 к2",70000001090751125,"Willy Dent, стоматология",branch,,,16/1 помещение,,
"Московская улица, 2",70000001102565290,"Прима Дентале, стоматологический кабинет",branch,,,1 этаж,,
"Серебрянический переулок, 3 ст1",70000001110476842,Dental Experts,branch,,,"2, 6 кабинет",,
"Большая Серпуховская улица, 29",70000001061398430,"На Серпуховской, центр стоматологии",branch,,,2 этаж,,
"улица Яганова, 8",70000001112177623,"Пехра, стоматологический кабинет",branch,,,1805 помещение,,
"Староалексеевская улица, 8",70000001029219277,"Эксперт, стоматология",branch,,,1 этаж,,
"Часовая улица, 23 к1",70000001034192830,"Bestdoc, стоматологическая клиника",branch,,,1 этаж,,
"улица Маршала Жукова, 12",70000001034818106,"Меда, медицинский центр",branch,,,1 этаж,,
"Андропова проспект, 8",70000001087225702,"La Clinic, стоматологическая клиника",branch,,,24а офис; 6 этаж,,
"улица 43-й Армии, 15",70000001099737528,"Эстетика, клиника стоматологии",branch,,,24 помещение,,
"улица Красного Маяка, 22 к1",70000001065100067,Уз-клиника №1,branch,,,1 этаж,,
"проспект Космонавтов, 27",4504127908503767,"Профидент, стоматологическая клиника",branch,,,3 офис; 1 этаж,,
"Берёзовая аллея, 17 к1",70000001044101816,"ОранжДент Про, стоматологическая клиника",branch,,,1 этаж,,
"Никулинская улица, 23 к1",70000001079923383,"Volkanov, стоматологическая клиника",branch,,,1 этаж,,
"Ленинградское шоссе, 19",70000001057018814,Семейная стоматология доктора Золотарёва,branch,,,1 этаж,,
"Мосфильмовская улица, 88 к7",70000001080766453,"Премьер Дентал, стоматологическая клиника",branch,,,1 этаж; вход со двора; домофон 122,,
"улица Ленина, 63",4504127908362316,"АВСД+, стоматология",branch,,,1 этаж,,
"Луков переулок, 10",4504127908568344,"Цитодент, стоматологическая клиника",branch,,,17 офис; 2 этаж; домофон 17,,
"улица Клары Цеткин, 33/28",70000001020536540,"Ньюанс дентал студия, стоматологическая клиника",branch,,,1 этаж,,
"улица Садовая-Триумфальная, 6",70000001024608192,"Шенон, израильская стоматологическая клиника",branch,,,1 этаж,,
"Московский проспект, 2",70000001051424312,Ом-клиник,branch,,,2 помещение; 1 этаж,,
"Поварская улица, 8/1 к1",70000001056951618,"Дент а-ля рус, стоматологическая клиника",branch,,,1 комната; цокольный этаж,,
"Селезнёвская улица, 22",70000001086794001,Стоматологическая клиника доктора Паршенкова,branch,,,1 этаж,,
"Рязанский проспект, 45 к1",4504127908503515,Стоматологическая клиника профессора Дойникова А.И.,branch,,,1 этаж,,
"Открытое шоссе, 14",70000001044791087,"Ст, клиника",branch,,,1 этаж,,
"Бибиревская улица, 9",4504127908369880,"Айси-Фарм, стоматологическая клиника",branch,,,,,
"улица Фадеева, 10",4504127918307022,"Эстетикдент, стоматологическая клиника",branch,,,1 этаж,,
"Миклухо-Маклая улица, 42",4504127908493793,"Премьер, стоматологический центр",branch,,,1 этаж,,
"Тагильская улица, 4в",70000001017565295,"32 здоровых зуба, стоматологическая клиника",branch,,,1 этаж,,
"Столярный переулок, 3 к2",70000001103091913,"Рассвет, частная стоматология",branch,,,,,
"улица Госпитальный Вал, 5 к11",70000001029375189,"Centr-Estet, стоматологическая клиника",branch,,,1 этаж,,
"улица Крылатские Холмы, 37",70000001055377145,"Safe Dental Clinic, стоматологическая клиника",branch,,,1 этаж,,
"улица Усачёва, 15а",70000001088193926,"Орденто, стоматология",branch,,,1 этаж,,
"Чертановская улица, 48а",4504127908376259,"Вениана, стоматология",branch,,,2 этаж,,
"Алтуфьевское шоссе, 97",4504127908391921,"Дента лекс, стоматологическая клиника",branch,,,2 этаж,,
"Бауманская улица, 32 ст2",4504127908568296,Центр современной стоматологии,branch,,,4 этаж,,
"Волгоградский проспект, 8",70000001049566379,Ортодонт-стоматолог Николаева Н.Н.,branch,,,211 кабинет; 2 этаж,,
"Профсоюзная улица, 109в ст4",70000001074996201,"Al-dento, стоматология",branch,,,2 этаж,,
"Студенческая улица, 26",70000001067036448,"Антипа, стоматологическая клиника",branch,,,1 этаж,,
"Шоссейная улица, 13",4504127909226567,"Феррол, стоматологическая клиника",branch,,,1 этаж,,
"Хорошёвское шоссе, 25а к1",70000001095304428,Медицинский центр доктора Шипкова,branch,,,заезд с ул. 5-ой Магистральной,,
"Волгоградский проспект, 116 к1",4504127909076050,"Дентапрофи, стоматологическая клиника",branch,,,,,
"Карельский бульвар, 5",4504127908515257,"Стелла, стоматологическая клиника",branch,,,1 этаж,,
"Мичуринский проспект, 80",4504127908399767,"Дентал-студио, стоматологическая клиника",branch,,,1 этаж,,
"Чечёрский проезд, 56 к1",4504127908432465,"Жемчужный дождь, стоматологическая клиника",branch,,,1 этаж,,
"улица Угрешская, 20",4504127908567689,"Фарма-дент, стоматологическая клиника",branch,,,1 этаж,,
"Ольховая улица, 3",70000001017421683,"Веродент, стоматологическая клиника",branch,,,1 этаж,,
"1-я Тверская-Ямская улица, 27",70000001087225558,"Докадент, клиника семейной стоматологии",branch,,,2 этаж,,
"Шенкурский проезд, 3Б",70000001036677191,"Диана-дентал, стоматологическая клиника",branch,,,107 офис; 1 этаж,,
"Алтуфьевское шоссе, 34 к2",4504127908394002,"DentalStudio, стоматология",branch,,,,,
"улица Кирова, 13Б ст1",4504127916580778,"МедГрад, медицинский центр",branch,,,,,
"улица Чаплыгина, 15 ст5",70000001044273621,"Vincent, стоматологическая клиника",branch,,,1 этаж,,
"Нагорный бульвар, 9",70000001036435750,Клиника доктора Аделя,branch,,,,,
"Михалковская улица, 2",4504127908390915,"Мс клиника, стоматологическая клиника",branch,,,1 этаж,,
"Снежная улица, 17 к2",70000001087224262,Наша стоматология,branch,,,1 этаж,,
"2-я Рощинская улица, 4",4504128908650228,"Organic dent, стоматологическая клиника",branch,,,216 офис; 2 этаж,,
"Успенская улица, 28",70000001059698071,"Smile daily, стоматология",branch,,,1 этаж,,
"Комсомольский проспект, 42 ст1",70000001066988819,"Стом ком, стоматология",branch,,,4 офис; 1 этаж,,
"Большой Дровяной переулок, 20 ст1",70000001092603418,Стоматологический кабинет,branch,,,1 кабинет; Мансардный этаж,,
"Сходненская улица, 31",70000001038301438,"DentalDuo, стоматологическая клиника",branch,,,1 этаж,,
"Флотская улица, 7 к2",70000001098101826,"Наследие, стоматологическая клиника",branch,,,,,
"Дубнинская улица, 27 к2",70000001044717108,"Вега, стоматология",branch,,,,,
"Алтуфьевское шоссе, 93",4504128908445164,"Т-мед клиника, стоматология",branch,,,2 этаж,,
"улица Ухтомского Ополчения, 2",70000001029175455,"Дентал профи, стоматологическая клиника",branch,,,1 этаж,,
"Кантемировская улица, 17 к1",4504127908371965,"Эмерал дент, стоматологическая клиника",branch,,,1 этаж,,
"Литовский бульвар, 26",4504128908370678,"RigaStom, стоматологическая клиника",branch,,,ХI помещение; 1 этаж,,
"Новокосинская улица, 18",70000001050238267,"Artsmileclinic, стоматологическая клиника",branch,,,1 этаж,,
"Каширское шоссе, 61 к3а",70000001084114989,"Солнечный круг, стоматологический центр",branch,,,Ц-11 павильон; 0 этаж,,
"Волгоградский проспект, 32/5 к3",70000001103566338,"Lavant, многопрофильный стоматологический центр",branch,,,,,
"Севастопольский проспект, 18",70000001110174808,"Люксар, клиника цифровой стоматологии",branch,,,1 этаж,,
"6-я Радиальная улица, 3 к10",70000001110761825,"Стомлакс, стоматологический кабинет",branch,,,,,
"Перервинский бульвар, 19 к1",70000001042691619,"Мидент, стоматологическая клиника",branch,,,1 этаж; вход со стороны дороги,,
"Производственная улица, 10 к1",70000001084096400,Dental NeoClinic,branch,,,4 секция; 1 этаж,,
"бульвар Веласкеса, 6",70000001093859313,Стомлэнд,branch,,,1 этаж,,
"улица Академика Семёнова, 3",70000001048378544,"Кн, стоматология",branch,,,1 этаж,,
"Октябрьский бульвар, 5",70000001103994944,"МедиДент, медицинский центр",branch,,,,,
"Волжский бульвар, 38",70000001028070430,"Vivaldi, клиника эстетической стоматологии",branch,,,1 этаж,,
"Ярославское шоссе, 141",70000001039911797,"Future Smile, стоматологическая клиника",branch,,,3 корпус; Б05 помещение; 2 этаж; домофон 4403,,
"Октябрьский проспект, 141",4504127908410323,"Дентолюб, стоматологическая клиника",branch,,,1 этаж,,
"Сельскохозяйственная улица, 13 к4",4504128908778142,"Константа плюс к, стоматологическая клиника",branch,,,1 этаж,,
"Сущёвская улица, 27 ст2",70000001017586613,"Атмосфера улыбки, стоматологический центр",branch,,,3.17 офис; 3 этаж; B4 подъезд,,
"Ленинградское шоссе, 25 к3",70000001036702574,"Заря, стоматологический центр",branch,,,1 этаж,,
"Севастопольский проспект, 3 к2",70000001052482926,"Adam Clinic, стоматология",branch,,,1 этаж,,
"улица Грина, 12",70000001069919323,"Дара Смайл, стоматология",branch,,,,,
"посёлок Мечниково, 27",70000001066152700,"Стоматология на Ильинке, стоматологический центр",branch,,,,,
"проспект Ленина, 25",4504128908366415,"Дентеко, стоматологическая клиника",branch,,,505 офис; 5 этаж,,
"улица Дмитриевского, 23",4504128908747856,"СтомЛайн, медицинский центр",branch,,,,,
"Енисейская улица, 28 к2",4504127918229921,"Ag-next, центр стоматологии",branch,,,,,
"Перовская улица, 33 к1",70000001068865872,"Твой Зубной, стоматологическая клиника",branch,,,1 этаж,,
"Братиславская улица, 10",4504127908399635,"Дентал-МИГ, стоматологическая клиника",branch,,,1 этаж,,
"Парковая улица, 1/18",70000001006814876,"Клиника на Парковой, стоматология",branch,,,1 этаж,,
"Вернадского проспект, 39",70000001007383369,"Стоун-дент, стоматологическая клиника",branch,,,537 офис; 5 этаж,,
"Тверской бульвар, 13 ст1",70000001034373496,"Центр клинической постурологии, медицинский центр",branch,,,2 этаж; 9 подъезд,,
"улица 1812 года, 2",4504127908400279,"Денталь Хай тек, стоматологическая клиника",branch,,,1 этаж,,
"Алтуфьевское шоссе, 28",4504127908543088,"Medicus, стоматология",branch,,,1 этаж,,
"Балаклавский проспект, 4 к8",70000001050642352,"Зубрёнок+, стоматологическая клиника",branch,,,1 этаж,,
"улица Володарского, 14",70000001092847233,"Медаспект, стоматологический центр",branch,,,1 этаж,,
"улица Удальцова, 87 к4",4504127914834885,"Мистер и миссис дент, стоматологическая клиника",branch,,,1 этаж,,
"Краснопролетарская улица, 9",70000001100803860,"Doctor Liman, авторская стоматология",branch,,,1/1 помещение,,
"Красная улица, 84",70000001023327092,"Ирбис, стоматология",branch,,,,,
"улица М.К. Тихонравова, 35 к2",70000001059760219,"Династия Стом, стоматологическая клиника",branch,,,1 помещение; 1 этаж,,
"Беловежская улица, 55",70000001093612165,"Файзклиник, стоматологическая клиника",branch,,,,,
"проспект Мира, 104",70000001102640563,"Наследие улыбки, стоматологическая клиника",branch,,,1 этаж,,
"Крымская улица, 17 к1",70000001028842270,"Citadel, стоматология",branch,,,1 этаж,,
"Варшавское шоссе, 72 к2",70000001069199280,"Дента Прайм, стоматологическая клиника",branch,,,2 этаж,,
"Зеленоград, к1650",4504127919915147,"НеоДент, стоматологическая клиника",branch,,,2 этаж,,
"улица Герцена, 30 к2",70000001028972776,"Вива-Дент, стоматология",branch,,,1 этаж,,
"улица Кирова, 4",70000001023786779,"Первый, медицинский центр",branch,,,1-4 этаж,,
"улица Лётчика Грицевца, 12",70000001029743951,"Антика, стоматологическая клиника",branch,,,1 этаж,,
"улица Менжинского, 29",70000001099300980,"Наима, медицинский центр",branch,,,,,
"проспект Мира, 29",4504127908855525,"Новив, стоматологическая клиника",branch,,,1 этаж,,
"улица 1905 года, 10 ст1",70000001020121165,"Новое время, стоматологический центр",branch,,,,,
"улица Чистяковой, 16",70000001033881125,"Art Dent, стоматология",branch,,,,,
"улица Гудкова, 17а",70000001046486062,"Дента-Люкс, Стоматологический центр",branch,,,2 этаж,,
"проспект Гагарина, 22 к2",70000001006620179,"Виртус Дент-М, стоматологическая клиника",branch,,,,,
"Новлянская улица, 16а",70000001037540367,"Зубр, стоматологическая клиника",branch,,,1 этаж,,
"Лазоревый проезд, 3 к3",70000001052325278,"Goldent, стоматология",branch,,,1 этаж,,
"улица Талсинская, ст11а",4504128908570948,"Св-дент+, стоматологическая клиника",branch,,,1 этаж,,
"Окский проспект, 9",70000001066020789,"Зубок Коломна, стоматологическая клиника",branch,,,1 этаж,,
"улица Амет-хан Султана, 33",70000001094797559,"Тактика, стоматологическая клиника",branch,,,"1, 2 этаж",,
"улица Ивана Сусанина, 10",4504127908364194,"32 карата, стоматологическая клиника",branch,,,вход со двора,,
"улица Зои и Александра Космодемьянских, 35/1",4504127908386350,"Гран-ли, стоматологическая клиника",branch,,,1 этаж,,
"улица Свердлова, 29",4504127908503398,"Профессионал, стоматологическая клиника",branch,,,1 этаж,,
"квартал 137а Самаркандский Бульвар, к6",4504128908738850,"Феликс, стоматологическая клиника",branch,,,1 этаж,,
"улица Родионова, 7",70000001026903051,"Витаника, стоматология",branch,,,1 этаж,,
"Нижняя Сыромятническая улица, 10 ст8",70000001030967538,"Флайдент, стоматологическая клиника",branch,,,106 офис; 1 этаж,,
"Балаклавский проспект, 24 к1",70000001079641113,"Grand Dent Esthetic, клиника эстетической стоматологии",branch,,,,,
"Михневская улица, 8",70000001025679062,"Аланта, клиника стоматологии и косметологии",branch,,,2 этаж,,
"улица Калинина, 35",70000001060196941,"Легко, стоматология",branch,,,1 этаж,,
"Староалексеевская улица, 20",70000001089677328,"SD, центр стоматологии",branch,,,10 офис; 2 этаж,,
"Сивашская улица, 7 к2",4504127908482191,"Многогранный, стоматологическая клиника",branch,,,1 этаж,,
"Костромская улица, 18а",4504127917673947,"Ам-клиника, стоматологическая клиника",branch,,,4-5 этаж,,
"Большая Марфинская улица, 1 к4",4504127921230637,"Дент-Орион, медицинский центр стоматологии и косметологии",branch,,,1 этаж,,
"Хомутовский тупик, 2",70000001043549815,"DentalOpera, стоматологическая клиника",branch,,,1 этаж,,
"Варшавское шоссе, 141 к13",70000001047867398,"S.Dental, стоматологический центр",branch,,,1 этаж,,
"Большая Остроумовская улица, 10 к2",4504127909240874,"АнэльМед, медицинский центр",branch,,,1 этаж,,
"Миклухо-Маклая улица, 36а",70000001033126808,"New dent, стоматологический кабинет",branch,,,511 офис; 5 этаж,,
"улица Лейтенанта Шмидта, 19",70000001079846231,"Эксперт, медицинский центр",branch,,,,,
"Гарибальди улица, 6",4504127919755545,Стоматологическая клиника Доктора Гранова,branch,,,1 этаж,,
"улица Луначарского, 13",70000001020662124,"Здоровье, диагностический центр",branch,,,2 этаж,,
"улица Генерала Белова, 28 к2",70000001057836373,"Академика, авторская стоматология",branch,,,1 помещение; 1 этаж; вход со двора,,
"проспект Мира, 188Б к2",70000001064909475,SimplaDental,branch,,,,,
"Палехская улица, 21",4504127908502446,"Полидент, стоматологическая клиника",branch,,,1 этаж,,
"проспект Ленина, 105/64",70000001037414462,"Forsmile, стоматологическая клиника",branch,,,8-11 офис; 2 этаж,,
"1-й Хорошёвский проезд, 2/17",4504127915167116,"Оранжстом, стоматологическая клиника",branch,,,1 этаж,,
"Школьная улица, 6/1",70000001020314638,"Элвас, стоматологическая клиника",branch,,,1 этаж,,
"Ленинградский проспект, 69 ст2",70000001078309491,"Профидент, стоматологическая клиника",branch,,,,,
"улица Раменки, 6 к2",70000001079282329,Стоматология Доктора Князькина,branch,,,,,
"улица Свободы, 42",4504127908372747,"Атмосфера красоты, стоматологическая клиника",branch,,,1 этаж,,
"улица Земляной Вал, 24/32",4504127919044772,"Коллин Руж, стоматология",branch,,,,,
"улица Крупской, 1",70000001036382386,"Максмед, стоматологическая клиника",branch,,,1 этаж,,
"Большая Черкизовская улица, 5",70000001093348143,"Ливингстом, стоматологическая клиника",branch,,,,,
"улица Чистяковой, 42",4504128908912611,"Дентис, стоматологическая клиника",branch,,,,,
"Кожевническая улица, 14 ст1",70000001100397856,"Остеодом, медицинский центр",branch,,,"2 этаж; белая калитка, первая металлическая дверь",,
"1-я Дубровская улица, 1а",70000001104085177,"Dr. Mans, стоматологическая клиника",branch,,,1 этаж,,
"Чонгарский бульвар, 26а к1",70000001052394752,"Innoviewstom, стоматология",branch,,,1 этаж,,
"улица Малая Ордынка, 11",4504127908401034,"Дентико, стоматологическая клиника",branch,,,1 этаж,,
"улица Удальцова, 15",4504127917095429,"Практическая Стоматология, стоматологическая клиника",branch,,,1 этаж,,
"Благовещенская улица, 3",70000001093884092,"Dent de lait, стоматология",branch,,,,,
"улица Васильцовский Стан, 3 к1",4504127908918217,"Крокус стом, клиника",branch,,,1 этаж,,
"Вернадского проспект, 61 к2",70000001048024107,"Принцесса-Клиник +, стоматология",branch,,,1 этаж; помещение в центре дома со стороны школы,,
"улица Пришвина, 23",4504127908387242,"Дарьял, стоматологическая клиника",branch,,,1 этаж,,
"Адмирала Лазарева улица, 38",4504127915925692,"Aregdent, стоматология",branch,,,1 этаж,,
"Саввинское шоссе, 4 к2",4504127908544020,Стоматология для вас,branch,,,1 этаж,,
"2-я Рощинская улица, 4",70000001036209366,"Эра Дент, стоматологическая клиника",branch,,,426 офис; 4 этаж,,
"Окская улица, 7а",70000001089426531,"L&l Dental Clinic, стоматологическая клиника",branch,,,,,
"1-я Крестьянская улица, 18",70000001059829669,"Dentmaster, стоматологическая клиника",branch,,,1 этаж,,
"улица Островитянова, 4",70000001099744458,Дентал,branch,,,,,
"Кленовая улица, 5",70000001105195458,"Зубки, детская стоматологическая клиника",branch,,,1 этаж,,
"Краснопресненская набережная, 12",4504127915007496,"НиКа, стоматологическая клиника",branch,,,846 офис; 8 этаж; 6 подъезд,,
"Нагорная улица, 9",4504127908503830,"Профистом, стоматологическая клиника",branch,,,2 этаж; 1 подъезд,,
"улица Колпакова, 10",70000001019315008,"Элис, стоматологическая клиника",branch,,,1 этаж,,
"микрорайон 6а, к5",70000001036741213,"Prodent, стоматология",branch,,,1 этаж,,
"Новокосинская улица, 17 к7",70000001037546311,"Paradent, стоматология",branch,,,1 этаж,,
"проспект Королёва, 5д",70000001031483255,"Космостом, стоматологический центр",branch,,,303 павильон; 3 этаж; торгово-офисный центр Статус,,
"улица Кутузова, 11 к2",70000001039048613,"Blanco clinic, стоматологическая клиника",branch,,,2 этаж,,
"Вернадского проспект, 105 к4",4504128908889287,"Артокс, стоматологическая и глазная клиника",branch,,,цокольный этаж,,
"улица Карла Маркса, 1",70000001042821178,"Рив Дент, стоматологическая клиника",branch,,,,,
"Басманный тупик, 6а ст1",70000001052979509,"Esm Dental Clinic, стоматологическая клиника",branch,,,1 этаж,,
"Зеленоград, к1643",4504127908407838,"Дента сервис, стоматологический кабинет",branch,,,1 этаж,,
"улица Супруна, 2Б",4504127908563077,"Трэндмедика, медицинский центр",branch,,,цокольный этаж,,
"Южная улица, 17а",4504127908944534,"Дента, стоматология",branch,,,1 этаж,,
"Физическая улица, 13",70000001024512122,Центр стоматологии и имплантологии,branch,,,46 помещение; 2 этаж,,
"Кутузовский проезд, 17",70000001034014421,"Зубковъ, стоматологическая клиника",branch,,,1 этаж,,
"Шипиловский проезд, 49/1",4504127916640753,"Dental Kreativ, стоматологическая клиника",branch,,,1 этаж,,
"Цимлянская улица, 24",70000001024498824,"Овенто, стоматологическая клиника",branch,,,1 этаж,,
"Зелёный проспект, 77 к2",70000001037541239,Центр эстетической и восстановительной стоматологии,branch,,,1 этаж,,
"Ломоносовский проспект, 29 к2",70000001030419468,"Неодэнт, стоматологическая клиника",branch,,,1 этаж,,
"улица Грабина, 7",70000001090056154,"За улыбкой, стоматологическая клиника",branch,,,7 помещение; 1 этаж,,
"улица Кирова, 12 к1",4504127908912294,"Парацельс, медицинский центр",branch,,,1 этаж,,
"Речная улица, 4",70000001036472417,"Дентека, детская стоматологическая клиника",branch,,,1 этаж,,
"Железнодорожная улица, 23",4504127908659226,"Лик, медицинский центр",branch,,,1 этаж,,
"улица Чехова, ст16Б",70000001028875744,"Добрый Доктор, стоматология",branch,,,2 этаж,,
"Ольховская улица, 33",70000001040627647,"Sorriso, стоматология",branch,,,1 этаж,,
"Южный квартал, 6",70000001046445020,"Денталия, стоматологический центр",branch,,,1 этаж,,
"проспект Кирова, 49",70000001100839844,"Неомед, медицинский центр",branch,,,,,
"Ковров переулок, 15",70000001098093567,Стоматологический центр Доктора Нусрета,branch,,,1 этаж,,
"Северный проезд, 15",70000001066696369,"Жемчужина Балашихи, медицинский центр",branch,,,1 этаж,,
"Советская улица, 59а",70000001007218816,"Эстетика дентал, стоматологический центр",branch,,,2 этаж,,
"улица Строителей, 3",70000001040722351,"Loft dent, стоматологическая клиника",branch,,,1 этаж,,
"Татьянин Парк улица, 19 к3",70000001082058602,"Русмедцентр, стоматологическая клиника",branch,,,2 этаж,,
"улица Большая Ордынка, 67",4504127911766871,"Медсервис профи, стоматологическая клиника",branch,,,1 этаж,,
"улица Лобачевского, 45",4504128908596136,"АртДент, стоматологическая клиника",branch,,,1 этаж,,
"Старокрымская улица, 15 к1",70000001048874826,"Эталондент, стоматология",branch,,,1 этаж,,
"улица Лавочкина, 13 к2",4504127908427683,"Жемчужина, стоматологическая клиника",branch,,,16 офис,,
"Дмитровское шоссе, 96 к1",4504128908414568,"Улыбка-СФ, стоматологическая клиника",branch,,,,,
"улица Удальцова, 23",70000001022348457,"Dentalpro, стоматологическая клиника",branch,,,1 этаж,,
"Партизанская улица, 24",70000001039394810,"Digital dental clinic, стоматологическая клиника",branch,,,1 этаж,,
"Зеленоград, к2309",70000001059989739,Стоматология Светлаков Дент,branch,,,1 этаж,,
"улица Граничная, 10",70000001007139358,"Smile estetic, стоматологический центр",branch,,,1 этаж,,
"Юбилейный проезд, 2",70000001022795816,"Самсон, стоматологическая поликлиника",branch,,,1 этаж,,
"Успенская улица, 4а",70000001026850916,"Луйс, медицинский центр",branch,,,408 офис; 4 этаж,,
"проспект Ракетостроителей, 1 к1",70000001054347133,"Территория красивых улыбок, стоматологическая клиника",branch,,,1 этаж,,
"Минская улица, 22",70000001040041112,"Миллениум Дентал, стоматологическая клиника",branch,,,1 этаж,,
"Школьная улица, 1",70000001022780380,"Твое Дыхание, центр имплантации и эстетического протезирования",branch,,,113 помещение; 1 этаж,,
"Завидная улица, 22",70000001024494407,"Адамант, стоматологическая клиника",branch,,,1 этаж,,
"улица Вилиса Лациса, 17 к1",70000001027623302,"До Манус, стоматологическая клиника",branch,,,1 этаж,,
"улица Свободы, 19",70000001061152049,"Жемчуг, стоматология",branch,,,1 этаж,,
"Гарибальди улица, 11",70000001069499095,Ibragimov Clinic,branch,,,,,
"улица Полковника Милиции Курочкина, 19",70000001087225091,"Серебряный доктор, стоматология",branch,,,208 офис; 2 этаж,,
"Долгоруковская улица, 5",70000001021747159,"Дора медсервис, Стоматологический центр",branch,,,цокольный этаж,,
"Осташковское шоссе, 22 к6",70000001068933767,Союз стоматологов,branch,,,1 этаж,,
"улица Борисова, 14 к1",4504127921505806,"Мой зубной, стоматологическая клиника",branch,,,008 офис; 1 этаж,,
"Рабочая улица, 7",70000001024942732,"С-Дент, стоматологический центр",branch,,,2 этаж; вход с торца,,
"Ходынский бульвар, 2",70000001054249752,Клиника реконструктивной стоматологии и имплантологии,branch,,,1 этаж,,
"Большой Дровяной переулок, 18",4504127908550437,"Vitart, стоматологическая клиника",branch,,,1 этаж,,
"3-я Нововатутинская улица, 2",70000001100463353,"Dent X, стоматологическая клиника",branch,,,1 этаж; справа от 7 подъезда,,
"Пролетарская улица, 7",70000001028729421,"DS Dental, стоматология",branch,,,1 этаж,,
"посёлок Щапово, 59",70000001035756084,"ПандаДент, стоматология",branch,,,,,
"улица Кравченко, 9",4504128908418115,"Медклассик+, стоматологическая клиника",branch,,,1 этаж,,
"Цимлянская улица, вл3 к1",70000001051553543,"Ибн сина, клиника",branch,,,1 этаж,,
"улица Дыбенко, 22 к1",70000001079224689,"Simple dent, стоматологический центр",branch,,,1 этаж,,
"Песчаный переулок, 2/11",4504127908627061,"Зубчик.ру, стоматологическая клиника",branch,,,1 этаж,,
"Трудовая улица, 22",70000001022158923,"Свои люди, стоматологическая клиника",branch,,,1 этаж,,
"Новочеркасский бульвар, 47",70000001023253256,"Виар, стоматологический центр",branch,,,1 этаж,,
"Братиславская улица, 14 ст2",70000001066940876,"ZM, стоматология",branch,,,1 этаж,,
"Братеевская улица, 16 к1",4504127908417138,"Дипломатcтом, стоматологическая клиника",branch,,,1 этаж,,
"Чонгарский бульвар, 11",4504127914983927,"Дент-Арт, стоматологическая клиника",branch,,,,,
"Саларьевская улица, 13 к1",70000001087014467,"3D, стоматологическая клиника",branch,,,,,
"Новозаводская улица, 12",70000001019472845,"Трикамед, многопрофильный медицинский центр",branch,,,1 этаж; левое крыло,,
"Молодёжная улица, 14 к3",70000001097023469,Asteria Kids,branch,,,,,
"Дубнинская улица, 43",70000001067265985,"Нк Дент, стоматологическая клиника",branch,,,,,
"Филёвский бульвар, 24 к1",70000001006210106,"Солист, стоматологический центр",branch,,,,,
"улица Берзарина, 12",70000001007391110,Любимая стоматология,branch,,,1 этаж,,
"Андропова проспект, 8",70000001046950252,"Agile-Dent, стоматология",branch,,,6 этаж,,
"Сиреневый бульвар, 15",4504127908560587,"Гален, медицинский центр",branch,,,1 этаж,,
"улица Новый Арбат, 30/9",4504127908366750,Немецкий стоматологический центр,branch,,,1 этаж,,
"Вернадского проспект, 41 ст3",70000001007176250,"Дентастайл, стоматологическая клиника",branch,,,1 этаж,,
"улица Юных Ленинцев, 42 ст1",70000001082858880,"Восток+, медицинский центр",branch,,,2 этаж,,
"Бескудниковский бульвар, 32 к6",70000001065475550,"Имадент, стоматологическая клиника",branch,,,,,
"Октябрьский проспект, 23а",70000001007009088,"Константа Дентал, стоматология",branch,,,2 этаж,,
"Сходненская улица, 21",70000001032847698,"Эмили, семейная стоматология",branch,,,1 этаж,,
"Олонецкая улица, 4",70000001069332042,"Di-Do Dental, стоматологическая клиника",branch,,,3 подъезд,,
"Синельниковская улица, 49",70000001066948504,"Соцдентал, стоматологическая клиника",branch,,,2 этаж,,
"Лесная улица, 3",4504127919426321,Центр дентальной имплантологии,branch,,,1 этаж,,
"Радужный проезд, 1",70000001006916679,"Медиант, медицинский центр",branch,,,1 этаж,,
"1-й квартал, 5",70000001075283865,"Vivastom, стоматологический кабинет",branch,,,1 этаж; вход со двора,,
"Подмосковная улица, 15",70000001024315484,"Николь, медицинский центр",branch,,,1 этаж,,
"Первомайская улица, 5",4504127909076380,"Профессионал-Дент, центр персональной стоматологии",branch,,,,,
"улица Орджоникидзе, 7",4504127908391067,"Дента мир-2000, стоматологическая клиника",branch,,,1 этаж,,
"Молодёжная улица, 70",70000001006964920,"Лисёнок, детская стоматология",branch,,,1 этаж,,
"3-я Хорошёвская улица, 25 к2",70000001020711654,"Практика доктора Загорского, стоматологическая клиника",branch,,,1 этаж,,
"Алтуфьевское шоссе, 86",4504127908380884,"Вита-стом, стоматологическая клиника",branch,,,1 этаж,,
"улица Потаповская Роща, 20 к1",70000001110546598,Анна София,branch,,,,,
"улица Генерала Шлыкова, 8",4504127916823663,"Зарина, медицинский центр",branch,,,1 этаж,,
"Окский проспект, 3а",70000001023983643,"Ново-Дент, медицинский центр",branch,,,,,
"Кутузовская улица, 4а",70000001023712676,"Про Фэмили Дент, стоматология",branch,,,,,
"Горенский бульвар, 1",70000001055494913,"Левел-дент, центр имплантологии",branch,,,1 этаж,,
"Новочерёмушкинская улица, 16",70000001062378074,"Будь здоров!, клиника эстетической стоматологии",branch,,,1 этаж,,
"Лунная улица, 33",70000001050866326,"Медикус, стоматологический центр",branch,,,1 этаж,,
"улица Радио, 22",70000001066523171,"Стом студио, стоматологическая клиника",branch,,,1 этаж,,
"улица Саморы Машела, 8 к1",70000001069190550,"Еэ-групп, стоматологическая клиника",branch,,,,,
"Матвеевская улица, 36",70000001022677661,"Анрия, стоматология",branch,,,1 этаж,,
"Мичуринский проспект, 11 к2",70000001031793335,Клиника функциональной стоматологии доктора Кочкарова,branch,,,1 этаж,,
"Семёновская набережная, 2/1 ст2",70000001098575869,"7R, стоматологическая клиника",branch,,,1 этаж; рядом с супермаркетом Пятёрочка,,
"Одесская улица, 2 к C",70000001111027045,Стоматологическая клиника,branch,,,,,
"Коломенская улица, 12 к2",70000001063710886,"Л-Дент, стоматологическая клиника",branch,,,,,
"улица Большая Якиманка, 15",4504128908351001,"Roden, стоматологическая клиника",branch,,,1 этаж,,
"Краснопролетарская улица, 8 ст3",70000001021713829,"OrthoБюро, клиника эстетической стоматологии",branch,,,1 этаж,,
"переулок Чернышевского, 11 ст1",70000001033486807,"Well Clinic, медицинский центр",branch,,,1 этаж,,
"проспект Мира, 21 ст1",70000001105181580,"Dr. Guryanov, стоматологическая клиника",branch,,,,,
"Мичуринский проспект, 31 к7",70000001032907617,"Арт Эстетика, клиника эстетической стоматологии",branch,,,2 этаж; 4 подъезд,,
"улица Александра Солженицына, 6а ст1",70000001033372810,Эстетическая стоматология Доктора Родионовой,branch,,,1 этаж,,
"Пестовский переулок, 5",70000001092727511,"Новая улыбка, клиника стоматологии",branch,,,,,
"Мясницкая улица, 24 ст3",4504127908851092,"Интермед-Меркурий, медицинский центр",branch,,,3 этаж; домофон 12,,
"Защитников Москвы проспект, 12",70000001029178404,"Доктор Дент, стоматологический центр",branch,,,1 этаж,,
"проспект Астрахова, 6",70000001034691143,"Денталь-м, стоматологический центр",branch,,,1 этаж,,
"Белореченская улица, 37 к1",4504127908495948,"Астра-дентал, стоматологическая клиника",branch,,,1 этаж,,
"улица Борисовские Пруды, 18 к1",4504128908476754,"Имплантис, стоматологическая клиника",branch,,,1 этаж,,
"улица Перерва, 62 к3",70000001007531093,"TR-Dental, стоматологическая клиника",branch,,,1 этаж,,
"Егорьевское шоссе, 1 к5",70000001062563783,"Профидент32, стоматологическая клиника",branch,,,5 корпус; 027 помещение; 1 этаж,,
"Осенний бульвар, 20 к1",4504127908658605,"Удача, стоматологическая клиника",branch,,,1 этаж,,
"Большой Спасоглинищевский переулок, 8",4504127918566874,"Насыров клиник, стоматологическая клиника",branch,,,1 этаж,,
"Звенигородское шоссе, 7",70000001030963770,"Флорист-мед, медицинский центр",branch,,,цокольный этаж,,
"Симферопольский бульвар, 15 к5",70000001100232157,"Windent, стоматологическая клиника",branch,,,,,
"Ленинградское шоссе, 3 к1",70000001007168514,"Ваш личный дантист, стоматология",branch,,,1 этаж,,
"Дубнинская улица, 53 к3",70000001104374553,Марс 53,branch,,,,,
"Зеленоград, к1645",70000001049880977,"Гала 14, стоматологическая клиника",branch,,,1 этаж,,
"Варшавское шоссе, 141а к3",70000001049986287,"Улыбка, стоматология",branch,,,1 этаж,,
"Аргуновская улица, 3 к1",4504127915387749,"Нюанс, стоматологическая клиника",branch,,,1 этаж,,
"Белореченская улица, 12",70000001095137122,"Данила-Мастер, стоматологическая клиника",branch,,,1 этаж,,
"Большая Почтовая улица, 55/59 ст1",70000001098622404,"S.E., стоматологический центр",branch,,,,,
"Нахимовский проспект, 11 к1",70000001027815354,"S-Clinic, стоматологическая клиника",branch,,,1 этаж,,
"Новозаводская улица, 8 к3",4504127908452708,"Комфорт-дент, стоматологическая клиника",branch,,,1 этаж,,
"улица Маяковского, 14а",70000001041058127,"Глобал дент, стоматологическая клиника",branch,,,1 этаж,,
"Рублёвское шоссе, 30 к2",4504127908372349,"Арт-профи, стоматологическая клиника",branch,,,,,
"Гарибальди улица, 36",4504127908497215,"Клиника Партнер, стоматологическая клиника",branch,,,1 секция; цокольный этаж,,
"Оршанская улица, 9",4504127914623752,"Ваш личный доктор, стоматология",branch,,,2 этаж,,
"улица Вилиса Лациса, 21 к2",4504127915412158,"Неотехнологии, стоматологическая клиника",branch,,,1 этаж,,
"улица Большая Полянка, 50/1 ст2",4504128908453760,"Ланцет, стоматологическая клиника",branch,,,1 этаж,,
"проспект Будённого, 37 к1",70000001032128270,"Аркада-мед, стоматологический центр",branch,,,,,
"13-я Парковая улица, 35",70000001105702529,Нирадент,branch,,,1 этаж,,
"улица Дмитриевского, 23 к1",70000001032317700,"Уайт Смайл, стоматология",branch,,,,,
"улица Юности, 2",70000001062286898,"Докторс, клиника",branch,,,1 этаж,,
"квартал 100-й, 1 к2",70000001101784263,"Дельта Клиник, стоматологическая клиника",branch,,,1 этаж,,
"Сущёвская улица, 27 ст2",70000001024627049,"Корнидент, стоматологическая клиника",branch,,,3.10 офис; 3 этаж,,
"Каширское шоссе, 6",70000001078531368,"Mavident, стоматологическая клиника",branch,,,1 этаж,,
"Пресненская набережная, 6 ст2",70000001089531749,"СитиКлиник, цифровая стоматология",branch,,,4302 офис; 43 этаж,,
"улица 1 Мая, 5",70000001019375960,"Территория улыбок, стоматологическая клиника",branch,,,1 этаж,,
"улица Поликахина, 4",70000001111668066,"Клиника Героев, стоматологический центр",branch,,,1 этаж,,
"Нахимовский проспект, 22",70000001094671530,Sky Smile,branch,,,цокольный этаж,,
"Краснопрудная улица, 12/1 ст1",70000001086899325,"Рона дент, стоматологическая клиника",branch,,,1 этаж,,
"Мироновская улица, 33 ст26",4504127908376375,"Тави, стоматологическая клиника",branch,,,1 этаж,,
"улица Кирова, 19",4504128908617135,"Профессионал, стоматологический кабинет",branch,,,"1, 2 кабинет; 2 этаж",,
"микрорайон Силикат, 44",70000001029813505,"Шифо, клиника",branch,,,1 помещение; 2 этаж,,
"Северное шоссе, 50",70000001081693686,"Улыбка профи, стоматология",branch,,,1 этаж,,
"Большой Казённый переулок, 10 ст2",70000001093035026,"Зубъной домъ, стоматология",branch,,,1 этаж,,
"Ореховый бульвар, 20/2",4504127917516006,"Стардент, стоматологическая клиника",branch,,,1 этаж,,
"Новопетровская улица, 16",4504128908385618,"Имидж дент, стоматологический центр",branch,,,1 этаж,,
"Зоологическая улица, 22",70000001017565034,"Дентаград, стоматологическая клиника",branch,,,2 этаж,,
"Нижняя Красносельская улица, 40/12 к4",70000001062568247,"Чистый вайб, стоматологический кабинет",branch,,,103 офис; 1 этаж,,
"Северное шоссе, 34",70000001087224443,Семейная стоматология доктора Гусаковой,branch,,,1 этаж,,
"Миклухо-Маклая улица, 43",70000001020718218,"Grand smile, стоматологическая клиника",branch,,,1 этаж,,
"Новогиреевская улица, 31/45",4504127908417476,"Доктор Маг, стоматологическая клиника",branch,,,1 этаж,,
"улица Колпакова, 24а",4504128908550011,"Dentman, стоматологическая клиника",branch,,,1 этаж,,
"Большая Серпуховская улица, 42",4504128908567252,"Doctor Irsaluev`s, стоматология",branch,,,1 этаж,,
"Новосущёвская улица, 19Б ст1",4504128908823075,"Persona life, стоматологическая клиника",branch,,,,,
"улица Чехова, 1",70000001059766004,"Улыбка Евы, стоматологический центр",branch,,,1 этаж,,
"Можайское шоссе, 10",70000001080070347,"Здоровая нация, стоматологический центр",branch,,,12 кабинет,,
"Старокачаловская улица, 1а",70000001095331294,"Ивис-Дент, стоматология",branch,,,,,
"улица 25 лет Октября, 9",70000001095331829,"Зубная Фея, стоматология",branch,,,1 этаж,,
"улица разведчика Абеля, 3а",70000001096888748,"МайДента, стоматологическая клиника",branch,,,1 этаж,,
"Берёзовая аллея, 5",4504127908495714,"ОранжДент, стоматологическая клиника",branch,,,1 этаж,,
"шоссе Энтузиастов, 53",4504127909074752,"Амелия, стоматологическая клиника",branch,,,1 этаж,,
"улица Павла Корчагина, 2",70000001007175113,"Мила-дент, стоматологическая клиника",branch,,,1 этаж,,
"улица Мира, 32",70000001023131886,"Studio Doctor, многопрофильный медицинский центр",branch,,,1 этаж,,
"улица Циолковского, 14/16",70000001034912322,"Дентал Студия, стоматологическая клиника",branch,,,1 этаж; 2 подъезд,,
"Цветной бульвар, 9",70000001074357035,"Soft Smile, стоматологическая клиника",branch,,,1 этаж,,
"улица Борисовские Пруды, 10 к4",4504127908464348,"Люкс-Мастер, стоматологическая клиника",branch,,,3А помещение; 1 этаж,,
"3-й Донской проезд, 1",4504128908848106,"Dante Sage Club, стоматология",branch,,,1 этаж,,
"Кутузовская улица, 21",70000001095332075,"Uvi.Clinic, стоматологическая клиника",branch,,,,,
"улица Большая Молчановка, 32 ст1",70000001030413064,"Он клиник, Взрослая стоматология ОН КЛИНИК",branch,,,,,
"Липецкая улица, 17 к1",4504127908386167,"Балестом, стоматологический центр",branch,,,1 этаж,,
"улица Климашкина, 22",4504127908550828,"77, стоматология",branch,,,1 этаж,,
"улица Ивана Бабушкина, 4 к1",4504127920788130,"КМ-Клиникс, частная стоматология",branch,,,1 этаж,,
"Малый Ивановский переулок, 11/6 ст2",70000001035980180,"Элайн, стоматологическая клиника",branch,,,1 этаж,,
"Троицкая улица, 8",70000001056293248,Стоматологическая практика Сардык Т.И.,branch,,,,,
"улица Веры Волошиной, 46",70000001006440613,"Премьер-М, стоматологическая клиника",branch,,,2 помещение; 1 этаж,,
"Берёзовая улица, 2",70000001041109582,"Жемчужина, стоматологическая клиника",branch,,,1 этаж,,
"улица Косыгина, 5",70000001044941875,"Мёд, стоматологическая клиника",branch,,,Цокольный этаж,,
"Новокуркинское шоссе, 23/15",70000001040591093,"Ново Смайл, стоматологическая клиника",branch,,,1 этаж,,
"улица Барышиха, 14 к3",70000001059804108,"Time to Smile, стоматология",branch,,,1 этаж,,
"Басманный переулок, 5",70000001093861681,"Oral lab, стоматологическая клиника",branch,,,,,
"Волков переулок, 21",70000001092723227,"AmniDent, стоматология",branch,,,1 этаж,,
"улица Академика Капицы, 34/121",4504128908640374,"Доктор Лопатин, стоматологическая клиника",branch,,,1 этаж,,
"улица Октябрьской революции, 342",70000001023956753,"Добрый доктор, стоматология",branch,,,1 этаж,,
"улица Касаткина, 3 ст2",70000001027765556,"Дружба, медицинский центр",branch,,,1 этаж,,
"Большая Переяславская улица, 10",4504127909075753,"Денталия, стоматология",branch,,,1 этаж,,
"Нижегородская улица, 10 к2",70000001112321030,"Марс Дент, стоматологическая клиника",branch,,,,,
"улица Декабристов, 2 к3",4504127908550652,"Стоматология Семейных Скидок, клиника",branch,,,,,
"Большой Сергиевский переулок, 17/20",70000001078761184,Стоматология Доктора Ермолаева,branch,,,1 этаж,,
"аллея Витте, 2",4504127908389144,"Дент Престиж, стоматологическая клиника",branch,,,1 этаж,,
"бульвар Адмирала Ушакова, 12",4504127909210982,"Дан Стом, стоматологический центр",branch,,,2 этаж,,
"Рублёвское шоссе, 93 к2",4504127909075890,"Эстель, стоматологическая клиника",branch,,,303 офис; 1 этаж,,
"Большая Почтовая улица, 55/59 ст1",70000001052079009,"Линар-Дент, стоматологическая клиника",branch,,,1 этаж,,
"Болотниковская улица, 31 к1",4504127908502954,"Премиум, стоматологическая клиника",branch,,,1 этаж,,
"микрорайон Северное Чертаново, 1 к1",4504127909312090,"Т-дента, стоматологическая клиника",branch,,,1 этаж,,
"улица Маяковского, 27",4504127915558267,"Сити Смайл, стоматология",branch,,,1 этаж; вход со двора; главный фасад,,
"Кузьминская улица, 15",70000001006526966,"Профидент, стоматологический центр",branch,,,1 этаж,,
"Гарибальди улица, 36",70000001044716872,"Форус Дент, стоматологическая клиника",branch,,,23 помещение,,
"Уланский переулок, 4 ст1",70000001047593556,"ТаймМед, стоматологический центр",branch,,,1 этаж,,
"жилой комплекс Бутово-Парк, 25",70000001069499175,"Дентекс С.Л., стоматологическая клиника",branch,,,1 этаж,,
"Кольская улица, 8 к2",70000001104311681,Стоматология доктора Варро,branch,,,17н помещение; 1 этаж,,
"4-я Гражданская улица, 36",4504128908773662,Лаборатория совершенных улыбок Доктора Погодина,branch,,,1 этаж,,
"Садовая-Черногрязская улица, 8 ст3",70000001039185194,"ProЗуб, рентген-кабинет",branch,,,,,
"Октябрьский бульвар, 3",4504127908868592,"Эликсклиник, центр стоматологии",branch,,,1 этаж,,
"Ткацкая улица, 48а",70000001044913647,"Имплантика, хирургическая стоматология",branch,,,1 этаж,,
"улица Барышиха, 22 к1",70000001061169146,"Денталайт, стоматология",branch,,,1 этаж,,
"Кастанаевская улица, 55 к1",70000001098962069,"Улыбка, стоматологическая клиника",branch,,,,,
"Балаклавский проспект, 20 к4",4504127908372291,"Аристом, стоматологическая клиника",branch,,,1 этаж,,
"Артековская улица, 1",4504127908551461,"Студия-эстет, стоматологическая клиника",branch,,,,,
"проезд Дежнёва, 2Б",4504127915523788,Центр стоматологии на Бабушкинской,branch,,,1 этаж,,
"Лихачёвский проспект, 70 к1",4504127920401825,"Авадент, стоматологическая клиника",branch,,,1 этаж,,
"Профсоюзная улица, 115 к1",70000001047165133,"VivaStom, стоматологическая клиника",branch,,,1 этаж,,
"Жулебинский бульвар, 18/8",70000001088795353,"Dental Bliss, стоматологическая клиника",branch,,,,,
"Октябрьский проспект, 358",4504127908481304,"Стальк, клиника",branch,,,1 этаж,,
"улица Мнёвники, 7 к1",4504127908482235,"Монадент, стоматологический центр",branch,,,,,
"Бескудниковский бульвар, 58 к3",70000001053561756,КлиникаМед,branch,,,,,
"улица Веры Волошиной, 9/24",4504127908648342,"Стомус, стоматологический центр",branch,,,1 этаж,,
"Профсоюзная улица, 146",70000001111167356,"Healthy smile, стоматологическая клиника",branch,,,1 этаж,,
"улица Малышева, 3",4504127908382206,"Гемма, стоматологическая клиника",branch,,,1 этаж,,
"Оршанская улица, 9",4504127909070195,"Аполлония, стоматологическая клиника",branch,,,1 этаж,,
"Кутузовский проспект, 33",70000001058781080,"Moscow dental studio, стоматологическая клиника",branch,,,1 этаж,,
"улица Дмитриевского, 11",70000001062814802,"Dental Friends Clinic, стоматологический центр",branch,,,,,
"Жулебинский бульвар, 36 к1",70000001021017943,"Мфк Эдель, медицинский центр",branch,,,1 этаж,,
"Бунинская аллея, 2",70000001041182695,"Эстэт, стоматологическая клиника",branch,,,1 этаж,,
"улица Строителей, 2",70000001094525764,"Шифо, медцентр",branch,,,1 этаж,,
"Кузьминская улица, 15",70000001110736549,"Клиника на белой даче, медицинский центр",branch,,,,,
"улица Чехова, 20/Б",70000001024478759,"Дента Pro, стоматологическая клиника",branch,,,1 этаж,,
"Братиславская улица, 18",70000001028322565,"Happy dent 32, стоматологический центр",branch,,,2 этаж,,
"проезд Ударника, 3",70000001031538753,"Оптима, стоматологический центр",branch,,,1 этаж,,
"Большая Серпуховская улица, 10/1",70000001036708587,"Добрый доктор, стоматологический центр",branch,,,2 помещение; 1 этаж,,
"Краснопрудная улица, 28",70000001042701439,"Full cycle dentistry, стоматология",branch,,,1 этаж,,
"Окружная улица, 13",70000001045098901,"Ася, стоматологический кабинет",branch,,,1 этаж,,
"Вольная улица, 28/4 к2",70000001072169151,"Спас, клиника",branch,,,1 этаж,,
"проспект Мельникова, 15",70000001094388839,"Arpident, стоматологическая клиника",branch,,,1 этаж; вход со двора,,
"улица Некрасова, 12",4504127915902781,"Стомед, стоматология",branch,,,1 этаж; с торца здания,,
"улица Маршала Неделина, 6а",70000001049810129,"Сапфира, стоматологическая клиника",branch,,,312 помещение; 3 этаж,,
"Зеленоград, к848",70000001099777344,"ЦФС Про, центр функциональной стоматологии",branch,,,,,
"улица Хлобыстова, 14 к1",4504127908399547,"Дентал-828, стоматология",branch,,,,,
"Большая Филёвская улица, 13",4504127908427047,"Евва-дент, стоматологическая клиника",branch,,,1 этаж,,
"улица Косыгина, 5",4504127908543038,"Stomos, клиника стоматологии и имплантологии Андрея Осипова",branch,,,"цокольный, 1 этаж",,
"Барыковский переулок, 4 ст2",70000001040928038,"Лайт смайл, стоматологический центр",branch,,,1 этаж,,
"Банковская улица, 4а",70000001062598321,"Dентро лаиф, медицинский центр",branch,,,1 этаж,,
"Панфиловский проспект, 10 ст1",70000001045549091,"Улыбка, стоматология",branch,,,1 этаж,,
"Волков переулок, 21",70000001082474717,"Medzon, стоматологическая клиника",branch,,,1 этаж,,
"Нелидовская улица, 16",4504128908803411,"Дента Браво, стоматологическая клиника",branch,,,,,
"Первомайская улица, 35/18",70000001038518557,"R-Clinic, семейная стоматология",branch,,,1 этаж; 1 подъезд,,
"проспект Мира, 95",70000001103927520,"Estedental, стоматологическая клиника",branch,,,18н помещение; 2 этаж,,
"Дубининская улица, 68",70000001024631322,"Сафия, семейная клиника",branch,,,1 этаж,,
"улица Каховка, 31",70000001031354636,"Улыбка столицы, стоматологическая клиника",branch,,,1 этаж,,
"проспект Мира, 13",70000001037120105,"Жемчужина Плюс, стоматологическая клиника",branch,,,1 этаж,,
"Южная улица, вл13а",70000001084556804,"Барбарис, стоматологическая клиника",branch,,,,,
"улица Липовый парк, 6",70000001025433421,"Академстоматология, стоматологическая клиника",branch,,,1 этаж,,
"Советская улица, 2",70000001023684109,"Мой стоматолог, стоматология",branch,,,301 помещение; 3 этаж,,
"Суздальская улица, 20 к2",70000001023757377,"Мы рядом, стоматологическая клиника",branch,,,1 этаж,,
"40 лет Октября проспект, 40",70000001041331145,"Ruvidental clinic, стоматологическая клиника",branch,,,1 этаж,,
"улица Островитянова, 34 к1",70000001053121342,"БелЭйра, стоматологическая клиника",branch,,,1 этаж,,
"Ботаническая улица, 17 к1",70000001091855215,"Dolce smile, стоматология",branch,,,,,
"Советская улица, 7/16",70000001023395534,"Ефремдент, стоматологическая клиника",branch,,,1 этаж,,
"улица Юности, 2",70000001080407188,Стоматология Карповых,branch,,,1 этаж,,
"Голубинская улица, 24 к1",4504127908572393,"Экодент, стоматологическая клиника",branch,,,1 этаж,,
"Физкультурная улица, 8",70000001006621610,Центр детской стоматологии и ортодонтии,branch,,,1 этаж,,
"улица Покрышкина, 3",70000001041221122,"Perfect smile and beauty, стоматологический центр",branch,,,1 этаж,,
"Малая Никитская улица, 33",4504127908391712,Стоматология на Никитской,branch,,,цокольный этаж,,
"улица Бутлерова, 4",70000001020553001,"Дентея, семейная стоматология",branch,,,6 помещение; 1 этаж,,
"Можайское шоссе, 58а",4504127915778219,"Стоматология&Косметология, центр эстетической медицины",branch,,,407 офис; 4 этаж,,
"Сивашская улица, 7 к1",70000001110894108,"СЗдент, стоматология",branch,,,,,
"улица Красного Маяка, 3",70000001025855762,"Для Своих, стоматология",branch,,,1 этаж,,
"улица Жулябина, 4а",70000001041217040,"Евромедхолдинг, медицинский центр",branch,"Электросталь, улица Жулябина, 4а",Медицинское учреждение,"1, 2 этаж",,
"Хорошёвское шоссе, 25а к2",70000001060003858,"Белая орхидея, стоматология",branch,,,,,
"проспект Мира, 102 ст32",4504127908372389,"АртПрактика, стоматологический центр",branch,,,1 этаж,,
"проезд Шокальского, 49 к2",70000001041204159,"Доктор Сен, стоматологическая клиника",branch,,,,,
"улица Свердлова, 15",4504127908657900,"Эликсир-дента, стоматологическая клиника",branch,,,1 этаж,,
"Советская площадь, 7",70000001029387140,"Кристалл, стоматология",branch,,,2 этаж,,
"Перовская улица, 66 к9",70000001033414165,"Айсдент стандарт, стоматологическая клиника",branch,,,1 этаж,,
"1-я Владимирская улица, 27 к1",4504127908381218,"Ваш доктор, стоматологическая клиника",branch,,,1 этаж,,
"Краснодарская улица, 10а",4504128908472162,"Вип-Дент, стоматологическая клиника",branch,,,1 этаж,,
"улица Коцюбинского, 10",4504128908357671,"Мед-Стом.Ком, стоматология для всей семьи",branch,,,1 этаж,,
"Кантемировская улица, 20 к1",4504128908646848,"Планета Детства, стоматологический центр",branch,,,1 этаж,,
"Верхняя Красносельская улица, 9",70000001029089928,"Mane Сlinic, стоматологическая клиника",branch,,,4 офис; 1 этаж,,
"улица Александра Невского, 1",70000001023563418,"Аполлония, стоматологическая клиника",branch,,,1-2 этаж,,
"Велозаводская улица, 2 к3",70000001084460081,"Dent Island, стоматологическая клиника",branch,,,,,
"улица Гурьянова, 67",4504127908385776,"Гео-Дент, стоматологическая клиника",branch,,,1 этаж,,
"микрорайон Белая Дача, 17а",4504128908550570,"Клиника здоровья №1, многопрофильный медицинский центр",branch,,,1 этаж,,
"Варшавское шоссе, 128 к1",70000001064968723,"Элмэд, клиника",branch,,,,,
"Вернадского проспект, 27 к1",70000001088733251,"Люкс дент, стоматологическая клиника",branch,,,,,
"4-я Тверская-Ямская улица, 2/11 ст1",70000001017417668,"Art dent club, стоматологическая клиника",branch,,,1 этаж,,
"Центральный микрорайон, 9",70000001049545594,"Нео, стоматологический центр",branch,,,,,
"улица Александры Монаховой, 97",70000001093016061,"Motivation clinic, стоматологическая клиника",branch,,,,,
"Смельчак улица, 17",4504127915905344,"Дента гут, стоматология",branch,,,1 этаж,,
"Хабаровская улица, 4 к1",70000001038095576,"Американ Дент, стоматология",branch,,,1 этаж; медицинский центр Надежда,,
"Дмитровское шоссе, 27",70000001067361010,"Protetics, стоматология",branch,,,1 этаж,,
"Феодосийская улица, 2",4504127908388412,"Делия, стоматология",branch,,,1 этаж,,
"проспект Астрахова, 12а",70000001098634547,"Даймонд, стоматология",branch,,,1 этаж,,
"Новоясеневский проспект, 2а",70000001111200133,"Стомачарт, стоматологическая клиника",branch,,,3 этаж,,
"Долгопрудная аллея, 15 к1",70000001079017599,"Ддент, клиника стоматологии",branch,,,,,
"Пригородная улица, 6а",70000001087225611,"Моя Стоматология, стоматологическая клиника",branch,,,,,
"Октябрьская улица, 6",70000001087277586,Блеск,branch,,,2 этаж,,
"Подмосковная улица, 35",70000001028932631,"Стомофис, стоматологическая клиника",branch,,,1 этаж,,
"Шлюзовая набережная, 2а",70000001087225485,"Амперсанд, центр превентивной стоматологии",branch,,,1 этаж,,
"Новомытищинский проспект, 41 к1",4504127908627036,"Европа-м, стоматологическая клиника",branch,,,1 этаж,,
"Ольховая улица, 1",70000001104976458,"Стомпрестиж, стоматологическая клиника",branch,,,,,
"Щёлковское шоссе, 26 к2",70000001079078608,"Доверие, стоматологическая клиника",branch,,,1 этаж,,
"улица 40 лет Октября, 34",70000001066730202,"Дент престиж, стоматологическая клиника",branch,,,1 этаж,,
"улица Чехова, 9",70000001089441331,"Горостом, стоматологический центр",branch,,,1 этаж,,
"проспект Мира, 102 ст31",70000001034868318,"AllWhite, стоматологическая клиника",branch,,,1 этаж,,
"улица Карла Маркса, 42а",70000001046522893,Клиника дентальной имплантации,branch,,,,,
"2-я Мелитопольская улица, 21 к2",70000001051220641,Престиж серсвис,branch,,,,,
"улица Лавочкина, 34",4504127908369539,"А.м.дент, стоматологическая клиника",branch,,,2 этаж,,
"Защитников Москвы проспект, 11",70000001019488399,Стоматологическая клиника,branch,,,1 этаж,,
"Волгоградский проспект, 55",70000001049501844,"Best Dent, стоматологический центр",branch,,,1 этаж,,
"посёлок городского типа Путилково, 24",70000001057476361,"Наведент, стоматология",branch,,,1 этаж,,
"улица Верземнека, 2а ст1",4504127914061425,"Юнамед, стоматологический центр",branch,,,1 этаж,,
"Лунная улица, 15",70000001067225634,"Бриз, стоматологическая клиника",branch,,,1 этаж,,
"Люберецкая улица, 4",4504127909463800,"Союз стоматологов, стоматологический центр",branch,,,,,
"Кольцевая улица, 4/2",4504128908571272,"Skclinic, стоматологический центр",branch,,,1 этаж,,
"Хлебозаводская улица, 2 к1",70000001053861316,"Resmile, стоматологическая клиника",branch,,,1 этаж,,
"Байкальская улица, 47",4504127908416136,"Дентомед, стоматологическая клиника",branch,,,1 этаж,,
"Кутузовский проспект, 45",70000001044716327,"PerioStom, стоматологическая клиника",branch,,,1 этаж,,
"Вернадского проспект, 25 к1",4504127908974071,"Доктор Каро, стоматологическая клиника",branch,,,,,
"Кольцевая улица, 26",4504128908476705,"Liadent, стоматологический центр",branch,,,1 этаж,,
"Мясницкая улица, 35 ст2",70000001093866117,Кабинет стоматолога-хирурга Ярема Р. И.,branch,,,,,
"Юбилейная улица, 24",70000001019552478,"Город улыбок, стоматологическая клиника",branch,,,6 помещение; 1 этаж,,
"улица Борисовские Пруды, 16 к4",70000001041142348,"Доктор Профи Плюс, стоматологическая клиника",branch,,,1 этаж,,
"Спартаковская улица, 16",70000001046493804,"Добрый доктор, стоматологическая клиника",branch,,,1 этаж,,
"Пресненская набережная, 10 ст2",70000001061780259,"IQ Clinic, стоматологическая клиника",branch,,,66 помещение; 9 этаж,,
"1-й Кожевнический переулок, 8",70000001109506510,Стоматология на Павелецкой,branch,,,цокольный этаж,,
"Рождественская улица, 5",4504127920727610,"Неодент, детская стоматологическая клиника",branch,,,1 этаж,,
"Молодёжная улица, 1",70000001006991749,"Харизма, стоматологический центр",branch,,,008 офис,,
"Вернадского проспект, 15",70000001007417926,"Стоматология Погосова.рф, клиника эстетической стоматологии",branch,,,1 этаж,,
"улица Гагарина, 64 к2",70000001081878846,"Эсмайл, стоматологическая клиника",branch,,,1 этаж,,
"Люсиновская улица, 53 к2",70000001097457047,"Тиисс форм, стоматологическая клиника",branch,,,2 этаж,,
"проспект Космонавтов, 20а",70000001057879054,"Смайл рум, студия отбеливание зубов",branch,,,335А кабинет; 3 этаж,,
"Подольских Курсантов улица, 3",4504128908958415,"Gdenta, центр эстетической стоматологии",branch,,,1 этаж,,
"Первомайская улица, 35",70000001061160488,"Лазурь, стоматологическая клиника",branch,,,2 этаж,,
"Юбилейная улица, 40 к1",4504127908463562,"Лекта, стоматология",branch,,,1 этаж; 3 подъезд,,
"улица Академика Королёва, 9 к5",4504127915387665,"NiiStom, стоматологическая клиника",branch,,,,,
"улица Декабристов, 8",70000001045797534,Селена Дент,branch,,,1 этаж,,
"Октябрьский проспект, 380д",70000001098466464,"Дентал Магия, стоматологический центр",branch,,,,,
"Фрязевская улица, 1 ст1",4504127908389514,"Дент-аб, стоматологическая клиника",branch,,,2 этаж,,
"улица Столетова, 7",4504128908596302,"Мичуринский, стоматологический центр",branch,,,1 этаж,,
"Ломоносовский проспект, 14",4504127908393463,"Дентал арт студио, стоматологическая клиника",branch,,,1 этаж; 12 подъезд,,
"улица Бутлерова, 17Б",4504127909059816,"Росдент, стоматология",branch,,,712 офис; 7 этаж,,
"Южнобутовская улица, 50",4504127908417183,"ДенталМедСервис, стоматологическая клиника",branch,,,1 этаж,,
"улица Ивана Бабушкина, 20",70000001040902010,"Smile Secret Ms, стоматологическая клиника",branch,,,1 этаж,,
"улица Народного Ополчения, 13",70000001099285421,"SPA Dental, студия заботы о зубах",branch,,,1020 офис; 2 этаж,,
"посёлок Калинина, 50",70000001019032006,"Хорошее настроение5+, стоматология",branch,,,1 этаж,,
"Ясеневая улица, 5",70000001048494043,"Дубровкамедик, стоматологическая клиника",branch,,,1 этаж,,
"Авиамоторная улица, 2 к21",70000001017848666,"Циам, медицинский центр",branch,,,,,
"улица Дмитриева, 10",70000001031939227,"Арклиник, стоматологический центр",branch,,,1 этаж,,
"улица Маршала Захарова, 3",70000001062697051,"123 Дент, стоматологическая клиника",branch,,,1 этаж,,
"микрорайон 1 Мая, 35",70000001022264644,"Честная, стоматология",branch,,,1 этаж,,
"улица Шумкина, 11а",70000001018905744,"Солнечный остров, стоматологическая клиника",branch,,,1 этаж,,
"Пионерская улица, 30 к5",70000001024488668,"Крона клиник, стоматологический центр",branch,,,16 офис; 1 этаж,,
"Крымская улица, 5 к1",70000001063490399,Стоматологическая клиника,branch,,,6 помещение; 1 этаж,,
"Молодогвардейская улица, 27 к1",4504127908648605,"Инсан-мед, медицинский центр",branch,,,,,
"Псковская улица, 2 к1",4504127908416295,"Дентос, стоматологическая клиника",branch,,,вход со двора,,
"Саларьевская улица, 14 к2",70000001081909267,"Зубок, семейная стоматология",branch,,,1 этаж,,
"улица Дружбы, 1",70000001044037081,"Дружба, медицинский центр",branch,,,1 этаж,,
"Мостовая улица, 5 к1",70000001075195485,"Десна, стоматологическая клиника",branch,,,1 этаж,,
"Малый Каретный переулок, 9 ст1",4504127908446932,"Клиника доктора Портнова, стоматологический центр",branch,,,1 этаж,,
"Кольцевая улица, 8",4504128908571361,"Зубная фея+, стоматологический центр",branch,,,1 этаж,,
"Пестеля улица, 6",70000001032435994,Северо-Восточный стоматологический центр №1,branch,,,1 этаж,,
"Суздальская улица, 12 к4",4504127908791573,"Веларт, медицинский центр",branch,,,1 этаж,,
"Дербеневская набережная, 1/2",4504127908369929,Биофункциональная стоматология Артура Макарова,branch,,,1 этаж,,
"улица Маршала Рыбалко, 2 к9",70000001057488990,"Natura smile, стоматологическая клиника",branch,,,229 офис; 2 этаж,,
"улица Колонцова, 5",4504127908446750,"Киитос, стоматологический центр",branch,,,1 этаж,,
"улица Победы, 4",4504127916292182,"Вита-стом, медицинский центр",branch,,,2 этаж,,
"1-я Дубровская улица, 13а ст1",70000001093857410,"Вайт Смайл, стоматология",branch,,,1 этаж,,
"Институтская улица, 13а",70000001046771829,"МедФея, стоматология",branch,,,8 помещение; 1 этаж,,
"2-й Мичуринский тупик, 6",70000001045253154,"Дентал Х, стоматология",branch,,,1 этаж,,
"Профсоюзная улица, 104",4504128908355928,"Дизайн улыбки, стоматологическая студия",branch,,,2 этаж,,
"Снежная улица, 19 к2",4504128908784956,"ДентоПрофиль, экспертная стоматология",branch,,,1 этаж,,
"улица Дмитрия Ульянова, 31",70000001047765282,"Клиника дентальной медицины, стоматологическая клиника",branch,,,1 этаж; с правого угла здания,,
"5-й Рощинский проезд, 7/8",70000001075669761,"Клиника докторов Калиматовых, стоматологическая клиника",branch,,,1 этаж,,
"4-я Магистральная улица, 5 ст1",70000001040950842,"Дентал Круиз, стоматологическая клиника",branch,,,"2 этаж; подъезд с козырьком в середине здания, справа дверь",,
"Кунцевская улица, 8 к1",70000001063809771,"Uno-Dent, стоматологическая клиника",branch,,,,,
"улица Лётчика Ларюшина, 4/1",70000001099021465,"Sileb, стоматологическая клиника",branch,,,6 помещение,,
"Барклая улица, 13 к1",4504128908431732,"Аннадент, стоматологический кабинет",branch,,,4 этаж; 2 подъезд,,
"1-я Владимирская улица, 34 к2",70000001068846909,"Институт здоровья+, стоматология",branch,,,,,
"Донская улица, 24",70000001033290133,"Эра улыбок, стоматологический центр",branch,,,1 этаж,,
"Новопесчаная улица, 23 к1",4504127908535837,"Стоматолог 1988, стоматологическая клиника",branch,,,1 этаж,,
"Горенский бульвар, 3",70000001024918962,"Аль дента, стоматологическая клиника",branch,,,1 этаж,,
"Марксистская улица, 34 к7",70000001101191568,"Белый Кот, стоматология",branch,,,9 этаж,,
"Комсомольская площадь, 6",70000001035574187,Стоматологическая клиника доктора Алексеевой,branch,,,156 офис; 1 этаж,,
"4-й Новомихалковский проезд, 5/2",4504127908825453,"Океан, стоматологическая клиника",branch,,,1 этаж,,
"Варшавское шоссе, 10 к1",70000001061529654,"Мир Дент, стоматологическая клиника",branch,,,1 этаж,,
"Производственная улица, 12 к1",70000001046892720,"Клиника Лучи, стоматология",branch,,,1 секция; 3 помещение; 1 этаж,,
"Розанова улица, 10 ст1",70000001020758982,"Dr.Implant, стоматологическая клиника",branch,,,1 этаж,,
"Филёвский бульвар, 40",70000001036524210,"Ви-дент, стоматологическая клиника",branch,,,1 этаж; 5 подъезд,,
"Большая Косинская улица, 5",4504127909075664,"Белый клык, стоматологическая клиника",branch,,,1 этаж,,
"Берёзовая улица, 9",70000001024500052,"Вита стом, стоматологическая клиника",branch,,,"1, 2 этаж",,
"улица Главного Конструктора В.И. Адасько, 2",4504128908355826,"Доктор Неболитъ, стоматологическая клиника",branch,,,1 этаж,,
"улица Парковая, 1",70000001089026931,"МедСмайл, стоматологическая клиника",branch,,,1 этаж,,
"Бачуринская улица, 7 к1",70000001049073313,"ArevDent, стоматология",branch,,,1 этаж,,
"Комсомольская улица, 66а",70000001099362312,Дентал Хелс Клиник,branch,,,,,
"Электромонтажный проезд, 11",4504128908545685,"Дракоша, семейная стоматология",branch,,,1 этаж,,
"проспект Мельникова, 10",70000001098231908,"Линии Улыбок, частная стоматология",branch,,,,,
"Митинская улица, 31",70000001100444208,"Dental, стоматологическая клиника",branch,,,1 этаж,,
"улица Радиоцентра 5, 17",70000001018946527,"Св дент, стоматологический центр",branch,,,,,
"Мячковский бульвар, 18 к1",4504127908400968,"Дентекс-ло, стоматологическая клиника",branch,,,1 этаж,,
"Быковское шоссе, 40",4504127908568465,Частная стоматология,branch,,,1 этаж,,
"Лесная улица, 17",70000001027871507,"Мир Улыбок, стоматологическая клиника",branch,,,2 этаж,,
"Октябрьская улица, 4",70000001028735737,"Стомакс, стоматология",branch,,,4 офис; 1 этаж,,
"Дмитровское шоссе, 107а к1",70000001054841626,"Улыбка+, стоматологическая клиника",branch,,,1 этаж,,
"2-й Лесной переулок, 10",4504127908372823,"Лидер дент, стоматологический центр",branch,,,,,
"Большая Серпуховская улица, 5",70000001048985930,"Butterfly clinic, стоматологический центр",branch,,,1 помещение; 2 этаж,,
"Флотская улица, 74 к1",70000001088099766,"Премиум Дент, стоматологическая клиника",branch,,,1Н помещение,,
"Большая Остроумовская улица, 12",70000001064420020,"Арма-дент, стоматологическая клиника и зуботехническая лаборатория",branch,,,2 этаж,,
"улица Мнёвники, 13 к1",4504127909310024,"Мневники, стоматологический центр",branch,,,1 этаж,,
"улица Урицкого, 44",70000001022796285,"Денталика, стоматологический центр",branch,,,2 этаж,,
"Нахимовский проспект, 67 к2",70000001025455062,"Зубная фея, стоматологический центр",branch,,,1 этаж,,
"Павшинский бульвар, 4",70000001019203371,"Доктор Сухова, стоматологическая клиника",branch,,,1 этаж,,
"Каштановая улица, 8",70000001041294244,"Милд клиник, стоматология",branch,,,1 этаж,,
"улица Шама, 1Б",70000001093665247,"СтомШама, cтоматологическая клиника",branch,,,2 этаж,,
"Юбилейная улица, 13",4504127921138346,"Элит денталь, стоматологический центр",branch,,,,,
"улица Авиаконструктора Петлякова, 25",70000001063268529,"Денталмакс, стоматологическая клиника",branch,,,1 этаж,,
"улица Римского-Корсакова, 12",4504127908668906,Стоматология Юта,branch,,,1 этаж,,
"микрорайон Соболевка, 25",70000001071452048,"Ел-Смайл, стоматология",branch,,,1 этаж,,
"Ивантеевская улица, 11",70000001087225334,"Вао Дент, стоматологическая клиника",branch,,,,,
"Скобелевская улица, 1 к2",4504127908372330,Стоматологическая клиника,branch,,,,,
"Инженерная улица, 5",70000001027641584,"Адамодентал клиник, стоматологический центр",branch,,,2 этаж,,
"улица Кирова, 46",4504127909311631,"Солнечный круг, стоматологическая клиника",branch,,,1 этаж,,
"Покровская улица, 23",70000001035459976,"Rim-Dent, стоматологическая клиника",branch,,,1 этаж,,
"Зеленоград, к1501",70000001036325127,"Ника Денталь, центр цифровой стоматологии",branch,,,1 этаж,,
"Икшинская улица, 9",4504127908400805,"Дентас-НВ, стоматологическая клиника",branch,"Москва, Икшинская улица, 9",Медицинское учреждение,,,
"Ленинский проспект, 16 к1",4504127916784798,"Ausdent, стоматологическая клиника",branch,,,,,
"Вокзальная улица, 6а",70000001006751955,"Биос, медицинский центр",branch,,,3 этаж,,
"Южнобутовская улица, 87",70000001102116743,Детская стоматологическая поликлиника №44,branch,,,2 этаж,,
"улица Горшина, 1",70000001060978130,"White Dental Clinic, стоматология",branch,,,"напротив торгового центра Лига, угол дома",,
"улица 40 лет Октября, 15/1",70000001019603745,"Стомамедия, стоматология",branch,,,2 этаж,,
"Комсомольский переулок, 67",70000001030156983,"МедГарант, стоматологическое отделение",branch,,,,,
"Базовская улица, 15 к9",70000001053578065,"T-Smile, стоматология",branch,,,1 этаж,,
"улица Большая Полянка, 7/10 ст1",4504127908978806,"Арт-орион, стоматология",branch,,,2 этаж,,
"улица Макаренко, 3 ст2",70000001044444709,"Z Dental, стоматологический центр",branch,,,2 этаж,,
"Зюзинская улица, 6",70000001049173018,"Ларгомед, стоматология",branch,,,1 этаж,,
"Силикатная улица, 22",70000001075084028,"Смайл, стоматологическая клиника",branch,,,,,
"Планерная улица, 5 к1",70000001060899068,"Современная семейная стоматология, клиника",branch,,,1 этаж,,
"Заречная улица, 7",70000001069211844,БравоДент Клиник,branch,,,1 этаж,,
"Чечёрский проезд, 122 к1",70000001098252650,"Белая Студия, стоматологический центр",branch,,,15н помещение; 1 этаж,,
"улица Горчакова, 1 к1",4504127914853058,"ОрДент, стоматология доктора Ордяна",branch,,,1 этаж,,
"улица Фёдорова, 43",70000001032573350,"Фабрика улыбок, стоматологический центр",branch,,,1 этаж,,
"Пристанционная площадь, 1",4504127908657241,"Экстра дент, стоматологическая клиника",branch,,,,,
"улица 43-й Армии, 17",70000001049806382,"Samson dental arts, стоматология",branch,,,1 этаж,,
"Сельскохозяйственная улица, 38 к2",70000001085710810,Стоматология доктора Титова,branch,,,1 этаж; вторая линия домов,,
"Коптевская улица, 26 к3",4504127908367078,"Смайл 21 век, стоматологическая клиника",branch,,,1 этаж,,
"улица Кржижановского, 15 к2",70000001029159881,"Лана-Дент Плюс, центр стоматологии",branch,,,1 этаж,,
"улица Маршала Тухачевского, 58 к3",70000001029825272,"Art dental studio, стоматологический центр",branch,,,1 этаж,,
"Рогожская улица, 39",70000001022789373,"Гигант, стоматологический центр",branch,,,1 этаж,,
"Сиреневый бульвар, 3 к3",70000001032754729,"Твой Зубной, стоматологическая клиника",branch,,,1 этаж,,
"Большая Семёновская улица, 45",70000001061441021,"Микдент, центр эстетической стоматологии и ортодонтии",branch,,,1 этаж,,
"Солнцевский проспект, 34",4504127908416762,"Диамант, стоматологическая клиника",branch,,,1 этаж,,
"Садовническая улица, 18",4504127909075769,"Деко, клиника дентальной косметики",branch,,,,,
"улица Каховка, 33 к1",70000001020366637,"Вегастом, стоматологический центр",branch,,,1 этаж,,
"Рогожская улица, 64",70000001022893377,"Альфастом, стоматологическая клиника",branch,,,2 этаж,,
"Старомонетный переулок, 10 ст3",70000001067936090,"Квинтэссенция, стоматологический центр",branch,,,1 этаж,,
"Артековская улица, 2 к1",4504127908371875,"Амед, стоматологическая клиника",branch,,,1 этаж,,
"Первомайская улица, 35",70000001034339744,"Ивантеевский, лечебно-диагностический центр",branch,,,1 этаж,,
"Носовихинское шоссе, 17",70000001057552880,"S.E., стоматологический центр",branch,,,1 этаж; 1 подъезд,,
"Новослободская улица, 3",70000001078976476,"Золотой огонь, стоматологическая клиника",branch,,,4 этаж,,
"Кантемировская улица, 3 к3",4504127908369968,"Аквилон, стоматологическая клиника",branch,,,1 этаж,,
"улица Красная Пресня, 21",70000001105097030,"JuviDent, стоматологическая клиника",branch,,,2 этаж; правое крыло,,
"Бутырская улица, 65",4504127909234802,"Практика-c, стоматологическая клиника",branch,,,1 этаж,,
"проспект Мира, 95",70000001087224237,"Dr.Margaryan, эстетическая стоматология",branch,,,,,
"Ленинградский проспект, вл34",70000001101639399,"Towerstom, стоматология",branch,,,1801 офис; 18 этаж,,
"2-я Звенигородская улица, 13 ст41",4504127908366743,"French dental, стоматологическая клиника",branch,,,1 этаж,,
"Мантулинская улица, 9 к1",70000001045521675,"Ab, стоматологическая клиника",branch,,,1 этаж,,
"улица Косыгина, 13",70000001094321109,"Канс-Клиник, стоматология",branch,,,1ц офис; 1 этаж,,
"Перовская улица, 66 к4",70000001018032877,"Денталпрактик, стоматологический центр",branch,,,1 этаж,,
"Братеевская улица, 21 к2",70000001058734874,"Adiona, стоматологическая клиника",branch,,,1 этаж,,
"Нововатутинский проспект, 11",70000001024189795,"Moretti clinic, стоматологическая клиника",branch,,,1 этаж,,
"улица Пудовкина, 7а",70000001048788974,"Аvitadent, стоматология",branch,,,1 этаж,,
"улица Толбухина, 11 к2",4504127909215629,"Арс-дент, стоматологическая клиника",branch,,,цокольный этаж,,
"Золоторожский проезд, 3",70000001049207966,Стоматологическая клиника Екатерины Орловой,branch,,,,,
"улица 3-е Почтовое отделение, 51",4504128908583858,"Вита, стоматологическая клиника",branch,,,1 этаж,,
"улица Вавилова, 81 к1",70000001018408515,"Хэппи дент, стоматологический центр",branch,,,3 этаж,,
"Чапаевский переулок, 3",70000001083785765,"Queen Nella kids, семейная стоматология",branch,,,2 этаж,,
"9-я Парковая улица, 32",4504127909075497,"Ириокс, стоматологическая клиника",branch,,,цокольный этаж,,
"проспект Мира, 70а",4504128908673336,"Cosmetic Dent, стоматологическая клиника",branch,,,1 этаж,,
"Малый Лёвшинский переулок, 3",70000001006168599,"Nautilus, стоматология",branch,,,,,
"улица Строителей, 7 к1",4504127917399272,Клиника концептуальной стоматологии,branch,,,1 этаж,,
"Бескудниковский проезд, 4 к1",70000001081108568,"Аделия, стоматология",branch,,,,,
"Малая Грузинская улица, 29",70000001103016815,"Митралаб, центр стратегической имплантации",branch,,,1 этаж,,
"улица Генерала Кузнецова, 23",70000001065267259,"Дав дент, стоматологическая клиника",branch,,,1 этаж,,
"Зеленоград, к1106е",70000001087224205,"Ника Денталь, центр цифровой стоматологии",branch,,,,,
"улица Ленина, 38Б",4504127920155992,"Дента-Эйд, стоматологический центр",branch,,,,,
"улица Расплетина, 13",70000001060157887,"Галкин, инновационный центр стоматологии",branch,,,1 этаж,,
"Братиславская улица, 6",70000001023033989,"Ортосмайл, ортодонтическая клиника",branch,,,109 офис; 6 этаж,,
"улица Авиаконструктора Сухого, 2 к1",70000001099363117,"НирванаДент, стоматологическая клиника",branch,,,119 помещение,,
"Мукомольный проезд, 2",70000001098509955,"Smile concept, стоматология",branch,,,,,
"Амурская улица, 1а к2",70000001052146370,"Nice Dent, стоматология",branch,,,1 этаж,,
"улица Свободы, 19",70000001093981941,АйссДентика,branch,,,,,
"Истринская улица, 8 к3",4504128908603677,"СтомАртСтудио Leonardo, стоматология",branch,,,1 этаж,,
"Крылатская улица, 33 к2",4504127917455549,"Диастом, стоматологическая клиника",branch,,,,,
"Волоколамское шоссе, 71 к2",70000001105374645,"Албис, стоматологическая клиника",branch,,,,,
"Пятницкое шоссе, 23 к2",4504127908510961,"Русмед, стоматологический центр",branch,,,,,
"Октябрьский бульвар, 14",4504127908872991,"Денти легус-М, стоматологическая клиника",branch,,,4 офис; 1 этаж,,
"Мичуринский проспект, Олимпийская деревня проспект, 25",70000001020847411,"Лайфдент, стоматологическая клиника",branch,,,1 этаж,,
"Митинская улица, 28",70000001029827372,Биостоматология,branch,,,,,
"улица Октября, 24",70000001065543215,"Dental Beauty, стоматологическая клиника",branch,,,017 помещение,,
"Битцевский проезд, 1",70000001066511336,"ColibryDent, стоматология",branch,,,1 этаж,,
"проспект Мира, 131",4504128908486806,"Doctor hollywood, стоматология",branch,,,1 этаж,,
"Народная улица, 11 ст1",70000001030890532,Стоматологическая клиника,branch,,,1 этаж,,
"Дмитровское шоссе, 90 к1",70000001039180203,"Mmdents, стоматология",branch,,,1 этаж,,
"улица Народного Ополчения, 32",4504127908385977,"Глория, стоматологическая клиника",branch,,,1 этаж,,
"улица Пушкина, 8Б",70000001024499612,"BNL clinic, стоматологическая клиника",branch,,,3 этаж,,
"улица Талсинская, 24а",70000001037172683,"Эстетико, стоматологическая клиника",branch,,,1 этаж,,
"Краснознаменская улица, 15",70000001061106208,"Альбус денте, стоматология",branch,,,1 этаж,,
"Ленинский проспект, 2а",70000001087225315,Total dent,branch,,,301-324 кабинет; 3 этаж,,
"улица Менделеева, 12а",70000001045616266,"Ortho-Dent, стоматологическая клиника",branch,,,18 офис; 2 этаж,,
"Георгиевский проспект, 37 к3",70000001077203897,"Восьмерка, зубная мастерская",branch,,,,,
"Нагатинская набережная, 10 к3",4504127915262220,"ДентАурум, стоматологическая клиника",branch,,,1 этаж,,
"Профсоюзная улица, 25",70000001034598628,"Всегда32, стоматология",branch,,,1 этаж,,
"улица Дыбенко, 22/3",4504127908364241,"Arcus, стоматологическая клиника",branch,,,1 этаж,,
"Речная улица, 7",70000001019534038,"Дента-Смайл, стоматология",branch,,,4 помещение; 1 этаж,,
"Литовский бульвар, 15 к1",4504127908434489,"ЗдоровьеЛ, стоматологическая клиника",branch,,,,,
"Сиреневый бульвар, 21а",4504127915541681,"Доктор Позитив, стоматологический центр",branch,,,2 этаж,,
"Варшавское шоссе, 160 к1",70000001099456213,Стоматология доктора Мирошиной,branch,,,1 этаж,,
"улица Знаменские Садки, 3 к1",4504127908372713,"Асфарм мед, стоматологический центр",branch,,,,,
"Комсомольский переулок, 53",70000001030049015,"Жемчужина, стоматология",branch,,,35 офис; 1 этаж,,
"Феодосийская улица, 7 к6",70000001039290110,"Новое поколение, стоматологическая клиника",branch,,,1 этаж,,
"улица Фадеева, 7 ст2",70000001048632102,"Only Smile, стоматологический центр",branch,,,1 этаж,,
"Белореченская улица, 43",70000001080929345,"Эконом клиника, медицинский центр",branch,,,1 этаж,,
"проезд Ветеранов, 8Б",70000001022645585,"Жемчужина, стоматологическая клиника",branch,,,2 этаж,,
"квартал 137а Самаркандский Бульвар, к1",70000001023121263,"Витадент+, стоматологический центр",branch,,,1 этаж,,
"Рублёвское шоссе, 34 к1",70000001036164433,"Yan daniel, стоматологическая клиника",branch,,,,,
"Братеевская улица, 21 к4",70000001037096535,"Зубок, кабинет стоматолога",branch,,,1 этаж,,
"Окская улица, 3 к1",70000001063636799,"Salilove, семейная стоматология",branch,,,1 этаж,,
"Октябрьский проспект, 5",70000001029441158,"Гелла-дент, стоматология",branch,,,1 этаж,,
"Магеллана проспект, 5",70000001101574315,"ДантистЪ, частная стоматологическая клиника",branch,,,1 этаж,,
"микрорайон Рекинцо, 31",70000001023351945,"Дантист-с, стоматологический центр",branch,,,4 кабинет; 2 этаж,,
"ДНТ Полянка-Лапшинка, 35",70000001096218126,"Полянка, стоматологическая клиника",branch,"Лапшинка, ДНТ Полянка-Лапшинка, 35",Частный дом,,,
"Комсомольская улица, 67",70000001033740728,Стоматология на Комсомольской,branch,,,1 этаж,,
"Берёзовая улица, 6",70000001006666113,"Дентал Мед, центр стоматологии",branch,,,1 этаж,,
"Тушинская улица, 17",70000001082053234,"Медицина для всех, стоматология",branch,,,1а этаж,,
"Раушская набережная, 4/5 ст1",70000001110524838,Кабинет стоматолога,branch,,,7 офис; 1 этаж,,
"Цветной бульвар, 24 ст2",70000001110815900,Кабинет пародонтолога,branch,,,2 этаж,,
"улица Западная, 3а",4504127908944362,"Дента Эстет, стоматологическая клиника",branch,,,11 офис; 1 этаж; 2 подъезд,,
"Пушкинская улица, 4",70000001018505290,"Медитек, стоматологический центр",branch,,,1 этаж,,
"улица Машкова, 6 ст2",70000001047868284,"Techne clinic, стоматология",branch,,,1 этаж,,
"проспект Мира, 21 ст1",70000001095084527,Vinichenko Dental Practice,branch,,,1 кабинет; 1 этаж,,
"Серебрянический переулок, 3 ст1",70000001110814758,Стоматологический кабинет,branch,,,,,
"Георгиевский проспект, 37 к3",70000001039465425,"Дента Макс, стоматологическая клиника",branch,,,1 этаж; вход со двора,,
"Родниковая улица, 4",70000001044110521,"Денталюкс, стоматология",branch,,,1 этаж,,
"Есенинский бульвар, 14 к1",70000001018926603,"Дентомир, стоматологическая клиника",branch,,,1 этаж,,
"улица 1905 года, 7 ст1",70000001089586178,"Открытая стоматология, стоматологический центр",branch,,,,,
"Большая Декабрьская улица, 1",70000001099884922,"БорисДент, стоматологическая клиника",branch,,,1 этаж,,
"улица Вертолётчиков, 13",70000001100239972,"Магия Зубов, стоматологический центр",branch,,,,,
"Нижняя Красносельская улица, 35 ст3",4504128908860782,"Implantoff. ru, студия улыбки",branch,,,33 офис; 1 этаж,,
"Центральный бульвар, 3",70000001022993759,"Улыбка, стоматологический центр",branch,,,1 этаж,,
"улица Талалихина, 35",4504127908659296,"Firadent, стоматологическая клиника",branch,,,1 этаж,,
"60-летия Октября проспект, 17",70000001098253599,Сивков Дентал Клиник,branch,,,,,
"улица Мира, 31а",70000001063573602,"Лидер дент, стоматологическая клиника",branch,,,2 этаж,,
"улица Медиков, 24",4504127908436023,"Идеал максимум, стоматологический центр",branch,,,1 этаж,,
"Преображенская улица, 2",70000001086863076,"Зубаст, стоматология",branch,,,1 этаж,,
"Вокзальная улица, 3",70000001044810285,"Волна, стоматологический центр",branch,,,1 этаж,,
"Валовая улица, 32/75 ст2",70000001089547001,"Denta class, медицинский центр",branch,,,2 этаж,,
"улица Генерала Белобородова, 35/2",70000001082485545,"Денталь-пери, стоматология",branch,,,12/1 помещение; 1 этаж,,
"улица Фёдора Полетаева, 9а",4504127911342867,"Дентал медикал центр, стоматологическая клиника",branch,"Москва, улица Фёдора Полетаева, 9а",Медицинское учреждение,,,
"Дубнинская улица, 26 к2",4504127921011702,"Стелла, стоматологическая клиника",branch,,,1 этаж,,
"улица 60 лет Победы, 8",70000001046226584,"Жемчужинa, стoматологическая клиника",branch,,,26 помещение; 1 этаж,,
"Зеленоград, к829",70000001083495092,Стоматология Олега Захарова,branch,,,1 этаж,,
"улица Народного Ополчения, 22 к1",70000001032573536,"Элен, стоматологическая клиника",branch,,,1 этаж,,
"улица Юных Ленинцев, 47 к4",4504127908913005,"Золотое сечение, медицинский центр",branch,,,,,
"улица Берзарина, 30 к3",70000001094117924,"Infinity smile, частная стоматология",branch,,,1 этаж,,
"Тарутинская улица, 4 к1",70000001095340011,"Имплант М, стоматологическая клиника",branch,,,,,
"проспект Победы, 6",4504127919780393,"Эклектика, стоматологическая клиника",branch,,,,,
"улица Красного Маяка, 22 к2",70000001076986188,"Не навреди, стоматология",branch,,,1 этаж,,
"улица Маршала Бирюзова, 21",4504127919202502,"Атласдент, стоматологическая клиника",branch,,,3 этаж,,
"Челобитьевское шоссе, 10 к3",70000001042898877,"Дента Люкс, стоматологический центр",branch,,,1 этаж,,
"Лунная улица, 35",70000001049140051,"Стефани дент, стоматология",branch,,,1 этаж,,
"3-я Парковая улица, 35",70000001063744177,"SNdent, стоматология",branch,,,1 этаж,,
"Верхние Поля улица, 36 к2",70000001023097909,"Квартал стом, стоматология",branch,,,1 этаж,,
"Новоясеневский проспект, 2а",70000001027357128,"Дент Элит, стоматологическая клиника",branch,,,4 этаж,,
"Октябрьский проспект, 403 к1 ст А",4504127908488315,"Высшая школа, стоматологический центр",branch,,,,,
"Профсоюзная улица, 124а",4504127908495407,"Омнидент, стоматологическая клиника",branch,,,2 этаж,,
"Малый Краснопрудный тупик, 2",4504127908481338,"Mexto Dent, стоматологическая клиника",branch,,,1 этаж,,
"Волынская улица, 12",70000001047532580,Стоматологический центр,branch,,,1 этаж,,
"Южный бульвар, 6",70000001096731373,"Арт Стом, стоматологическая клиника",branch,,,1 этаж,,
"Ивантеевская улица, 21",70000001104471918,"БарсМед, медицинский центр",branch,,,1 этаж,,
"Скандинавский бульвар, 14",70000001109998690,"Скандик, стоматологическая клиника",branch,,,1 этаж,,
"3-й Покровский проезд, 4",70000001110736540,"Dr.Subbotin, стоматологическая клиника",branch,,,,,
"Южнобутовская улица, 72",4504127908495440,"Оникс, стоматологическая клиника",branch,,,,,
"Можайское шоссе, 49",4504127908497148,"Пармадентал-2000, стоматологическая клиника",branch,,,1 этаж,,
"Воротынская улица, 5",4504127908569707,"Эксподента, стоматологическая клиника",branch,,,,,
"Молодёжная улица, 78",70000001018465038,"МериДент, семейная стоматология для взрослых и детей",branch,,,1 этаж,,
"улица Коминтерна, 13",70000001084290996,"Акмедент, стоматология",branch,,,1 этаж,,
"2-й квартал, 15",4504127908371886,Стоматологическая клиника,branch,,,13-14 офис; 2 этаж,,
"улица Гагарина, 49",70000001050173972,"Пломбир, стоматологическая клиника",branch,,,1 этаж,,
"улица Новая Слобода, 3",70000001084105750,"DentaLook, стоматологический кабинет",branch,,,,,
"Тушинская улица, 12",4504128908590000,"Тушино, стоматологический центр",branch,,,1 этаж; барбершоп Супермен,,
"улица Ленина, 22",70000001031420031,"Св клиник, стоматологический кабинет",branch,,,1 этаж,,
"Юбилейная улица, 4 к5",4504127918909607,"Даймонд, стоматологическая клиника",branch,,,1 этаж,,
"улица Талсинская, 23",4504127921290992,"Бюлинг, стоматология",branch,,,1 этаж,,
"Школьная улица, 1 к1",70000001035626719,"Новомосковская медицина, центр",branch,,,1 этаж,,
"Ленинский проспект, 3",4504127908472683,"Меда, стоматологическая клиника",branch,,,2 этаж,,
"Колхозная улица, 12 к2",4504127915902477,"Ника, стоматологическая клиника",branch,,,1 этаж,,
"улица Некрасова, 16",70000001031794441,"Эмма Мед, стоматология",branch,,,,,
"деревня Яковлевское, 14Б",70000001039967571,"Меркурий, стоматологический центр",branch,,,104 кабинет; 1 этаж,,
"рабочий посёлок Киевский, 23а",70000001087121381,"София, медицинский центр",branch,,,,,
"улица Лётчика Ульянина, 6",70000001036819259,Центр стоматологии для взрослых и детей,branch,,,1 этаж,,
"Пятницкое шоссе, 9",4504127908630936,"Жемчуг-2003, медицинский центр",branch,,,,,
"Мясницкий проезд, 2/1",70000001094505739,Центр эстетической стоматологии,branch,,,1 этаж,,
"Дергаевская улица, 36",70000001023936780,"Стоматолог и Я, стоматология",branch,,,1 этаж,,
"Большая Серпуховская улица, 29",70000001102913489,Стоматология,branch,,,2 этаж,,
"Коптевская улица, 22",4504127908473719,"Медистом, стоматологический центр",branch,,,1 этаж,,
"Вернадского проспект, 61 к2",70000001061217977,"Академия улыбок, стоматологическая клиника",branch,,,1 этаж,,
"улица Героев Панфиловцев, 14 к1",4504127908386062,"VM-dent, стоматологический центр",branch,,,1 этаж,,
"Хованская улица, 15",4504127911086243,"Гелиос, стоматологическая клиника",branch,,,1 этаж,,
"улица Колпакова, 44 ст А",70000001110154944,"Семья, стоматологический центр",branch,,,,,
"улица Симоновский Вал, 26 к2",4504127918454867,"Стелла, стоматологическая клиника",branch,,,1 этаж,,
"Георгиевская улица, 11",70000001110414393,Правмед,branch,,,,,
"Петровско-Разумовский проезд, 22 к8",4504127914808582,"Дента-дом, стоматология",branch,,,1 этаж,,
"Ленинградское шоссе, 94 к1",4504127909076234,"Экстрейд, стоматологическая клиника",branch,,,1 этаж,,
"Ломоносовский проспект, 29 к2",4504127915313546,"Эмчи, стоматологическая клиника",branch,,,1 этаж,,
"Лобненская улица, 13 к4",70000001092472671,"РеализмоДенто, стоматологическая клиника",branch,,,1 этаж,,
"улица Дмитрия Ульянова, 36",70000001025526677,"Dental art systems, стоматология",branch,,,,,
"улица Авиаконструктора Сухого, 2 к1",70000001084537529,"Эстетика дент, стоматологическая клиника",branch,,,вход со двора,,
"улица Врубеля, 8",70000001029732664,"Roangoli, стоматологический центр",branch,,,1 этаж,,
"Большая Академическая улица, 39",70000001027472898,"Академия улыбки, стоматологический центр",branch,,,2 этаж; медицинский центр CMD,,
"Гарибальди улица, 36",70000001094004554,Своя стоматология,branch,,,,,
"Алтуфьевское шоссе, 74",70000001074531125,Miracle dent,branch,,,1 этаж,,
"Садовая-Черногрязская улица, 3Б ст1",70000001019790904,"Esthetic classic dent, стоматологическая клиника",branch,,,1 этаж,,
"Батюнинская улица, 13",4504127908375749,Стоматологическая клиника Доктора Кудрявцева,branch,,,1 этаж,,
"Красная улица, 58",70000001039250172,"Антипа, стоматологическая клиника",branch,,,704 офис; 7 этаж,,
"Новочерёмушкинская улица, 20/23",4504127908393502,"Дентал люкс, стоматологическая клиника",branch,,,1 этаж,,
"Федеративный проспект, 24 к1",4504127909216343,"Дм стом, стоматологическая клиника",branch,,,1 этаж,,
"Новоалексеевская улица, 5",4504127908464396,"Люксдент, стоматологическая клиника",branch,,,цокольный этаж,,
"Совхозная улица, 13",70000001084124935,"Пломбир, центр стоматологии",branch,,,2 этаж,,
"Братиславская улица, 8",4504127908640184,"Evo smile, медицинский центр",branch,,,1 этаж,,
"1-й Волконский переулок, 15",70000001026572246,"Den Mark, стоматологический кабинет",branch,,,1 этаж,,
"Муравская улица, 42 к1",70000001094313926,"Аркана, стоматологическая клиника",branch,,,1 этаж,,
"улица Зацепа, 28",4504128908847860,"Варта, стоматологическая клиника",branch,,,1 этаж,,
"Комсомольский проспект, 16",70000001031487877,Стоматологическая клиника,branch,,,,,
"Подмосковный бульвар, 4",70000001048167692,Стоматолог и Я,branch,,,1 этаж,,
"Подольская улица, 14а",70000001089140813,"Славянка Дент, стоматологическая клиника",branch,,,1 этаж,,
"Перервинский бульвар, 27 к1",4504127908472970,"Медиа дент, стоматология",branch,,,1 этаж,,
"улица Павла Андреева, 4",70000001110705294,"MGE-my geometry of aesthetic, стоматологическая клиника",branch,,,,,
"улица Гвоздева, 5",70000001105737771,Seviyan Dent,branch,,,1 этаж,,
"Смирновская улица, 23",4504128908817809,"Масис дент, стоматологическая клиника",branch,,,3 этаж,,
"Кутузовская улица, 3",70000001006607775,"Стом-эстетик, стоматологический центр",branch,,,,,
"Юбилейный проспект, 67",70000001063819507,Асс Дент,branch,,,1 этаж,,
"улица Князей Романовых, ст1029",70000001048713697,Дантистъ,branch,,,,,
"Лесная улица, 19 к3",70000001098229186,"Дентал Про, клиника",branch,,,1 этаж,,
"улица Вавилова, 39а",4504128908629201,"Центракадемплюс, стоматологический центр",branch,,,1 этаж,,
"Шарикоподшипниковская улица, 13а",70000001093902817,"EvaDent, стоматологическая клиника",branch,,,7 офис; 2 этаж,,
"1-й Самотёчный переулок, 15 ст1",70000001057300284,"Family dental clinic, стоматологическая клиника",branch,,,1 этаж,,
"Высокая улица, 21",70000001109736729,"Иес дент, стоматологическая клиника",branch,,,,,
"Комсомольская улица, 12",70000001034109746,"Мастер и Маргарита, стоматологический центр",branch,,,1 этаж,,
"Мадонская улица, 12Б",70000001022950547,"Сова, стоматологическая клиника",branch,,,1 этаж,,
"Флотская улица, 9 к1",4504127908660316,"Экстрадент, стоматологический кабинет",branch,,,1 этаж,,
"улица Перерва, 40",4504127908668962,"Янтарь, стоматологическая клиника",branch,,,1 этаж,,
"Пролетарский проспект, 2а",4504127908669435,"Мастер плюс, стоматологическая клиника",branch,,,3 этаж,,
"Михалковская улица, 63Б ст1",70000001087225118,"Эстет Дент, стоматологический центр",branch,,,3 этаж; 1 подъезд,,
"улица Земляной Вал, 14/16",70000001065666208,"Дентал Стиль, стоматологическая клиника",branch,,,1 этаж; вход со двора,,
"Береговая улица, 4 к10",70000001095331311,"Лайт Инсайт, стоматологическая клиника",branch,,,,,
"Щербаковская улица, 9",4504127909464385,"Счастливы вместе, стоматологическая клиника",branch,,,1 этаж; домофон 1,,
"проспект Маршала Жукова, 74 к1",4504127908519324,Стоматологическая клиника доктора Лазарева,branch,,,1 этаж,,
"Кировоградская улица, 30",4504127908565883,"Улыбка+, стоматологический центр",branch,,,1 этаж,,
"Смоленский бульвар, 15",70000001062750283,"iDentica, стоматологическая клиника",branch,,,,,
"проспект Космонавтов, 47/16",70000001068020563,"Здоровье, стоматология",branch,,,1 этаж,,
"Профсоюзная улица, 104",70000001062708221,"Стоматолог, стоматологический кабинет",branch,,,2 этаж,,
"Братьев Гранат, 8",70000001110415159,"Прокшино, центр современной стоматологии",branch,,,,,
"улица Котовского, 7",70000001111123758,Грин клиник,branch,,,,,
"Петровско-Разумовский проезд, 15",4504127908447142,"ККС, стоматологическая клиника",branch,,,1 этаж,,
"Фестивальная улица, 22 к6",4504127908464064,"Локис, стоматологический центр",branch,,,2 этаж,,
"Маломосковская улица, 21 к4",4504127908496909,"Mclinic, стоматологическая клиника",branch,,,9 помещение; 1 этаж,,
"Советская улица, 17а",70000001028878187,"Центр семейной стоматологии, г. Электросталь",branch,,,01-02 офис; 1 этаж,,
"улица Горчакова, 3",70000001036482349,"Malident, стоматологическая клиника",branch,,,1 этаж,,
"Хлебозаводская улица, 28 к6",70000001047080558,"Стомит, стоматологическая клиника",branch,,,1 этаж,,
"Сиреневый бульвар, 4/1",70000001101487729,"Рэгем, стоматологическая клиника",branch,,,5Н помещение,,
"улица Декабристов, 2 к1",4504127908509973,"Реал-дент, стоматологическая клиника",branch,,,,,
"Большая Академическая улица, 35 ст1",4504127915408203,"Смайл Сити, стоматологический центр",branch,,,2 этаж,,
"улица Агрогородок, 7",70000001021114062,"Аквастом, клиника стоматологии",branch,,,1 этаж,,
"улица Шмидта, 9",4504127916092162,"Доктор Смайл, стоматологическая клиника",branch,,,,,
"улица Руднёвка, 3",70000001049278938,"Мир Улыбок, стоматология",branch,,,1 этаж,,
"улица Костякова, 17 к1",70000001065580447,"Dobrenkov Dental Clinic, стоматологическая клиника",branch,,,1 этаж,,
"Дергаевская улица, 18",70000001028181949,Стоматологическая клиника Доктора Дорофеевой,branch,,,1 этаж,,
"Башиловская улица, 19",4504127908454144,"Ладент, стоматологическая клиника",branch,,,1 этаж,,
"Новопесчаная улица, 25/23",4504127908519364,Стоматология на Песчаной площади,branch,,,1 этаж,,
"Автозаводская улица, 23 ст931 к4",70000001044984588,Empire Dental Clinic,branch,,,1 этаж,,
"Юбилейный проспект, 82а",70000001087778644,"Академия-Мс, стоматологическая клиника",branch,,,,,
"Большая Академическая улица, 67",4504127908489636,"Стоматология24, стоматологическая клиника",branch,,,1 этаж,,
"Ореховый бульвар, 57",4504128908401820,"32 Жемчужины, стоматологическая клиника",branch,,,1 этаж,,
"Первомайская улица, 17",70000001019443518,"DinStom Династия, центр цифровой стоматологии",branch,,,1 этаж,,
"Октябрьская улица, 36",4504127914017693,"Бест, стоматологическая клиника",branch,,,1 этаж,,
"Карамышевская набережная, 48 к1",4504128908606639,Профессиональная стоматология,branch,,,,,
"бульвар Строителей, 5",70000001044392870,"Вера, медицинский диагностический центр",branch,,,,,
"Мурановская улица, 12",70000001104419441,"Wish clinic, стоматология",branch,,,,,
"Самаркандский бульвар, 11 к1",4504127908393828,"Гамма, стоматологический центр",branch,,,,,
"Бескудниковский бульвар, 58 к1",4504128908461258,"Рс, клиника",branch,,,"1 этаж; напротив МНТК Микрохирургия глаза, вывеска Стоматология",,
"улица Юности, 4",70000001092585504,"L Dent, стоматологический центр",branch,,,1 этаж,,
"Реутовская улица, 11",70000001058919527,Goodsmile,branch,,,1 этаж,,
"Верхоянская улица, 6 к1",70000001039026746,"СваоДентал, стоматологическая клиника",branch,,,1 этаж,,
"Коммунистическая улица, 4",70000001102724524,"Маэстро Дент, стоматологическая клиника",branch,,,,,
"Боровское шоссе, 30а",70000001034706579,"Новопеределкино, стоматологический комплекс",branch,,,3 этаж,,
"Судостроительная улица, 10 к2",4504127909215663,"Дентал-оффис, стоматологическая клиника",branch,,,1 этаж,,
"улица Мира, 18",70000001069064570,"Мирасмайл, центр стоматологии",branch,,,1 этаж; вход со двора,,
"улица Нахимова, 14",70000001031692489,"Urbanstom, стоматология",branch,,,1 этаж,,
"Сущёвская улица, 9",70000001033550164,"DmDent, стоматология доктора Микаеляна",branch,,,1 этаж,,
"улица Лётчика Бабушкина, 29 к2",70000001060215599,"Дентал Бюро, стоматологическая клиника",branch,,,вывеска Cтоматология,,
"улица Александры Монаховой, 84 к1",70000001103084268,"U дент, стоматология",branch,,,,,
"Пятницкое шоссе, 37",4504127908543521,Стоматология Инновационных Технологий,branch,,,1 этаж,,
"Адмирала Лазарева улица, 30",4504127908964871,"Неомед, стоматологический центр",branch,,,1 этаж,,
"улица Маршала Савицкого, 20 к1",4504127909011317,"Дантистъ Грандъ плюс, стоматологическая клиника",branch,,,1 этаж,,
"улица Маршала Тухачевского, 14 к1",70000001030047865,"Дэнтал-Элегант, стоматология",branch,,,1 этаж,,
"улица Большая Полянка, 28 к1",4504127908464475,"М-супердент, стоматологическая клиника",branch,,,1 этаж,,
"1-й Стрелковый переулок, 3",70000001088841558,Smilegs,branch,,,1 этаж,,
"микрорайон Родники, 8",70000001079648105,"ГлавВрач, отделение стоматологии",branch,,,1 этаж,,
"Жуков проезд, 21Б",70000001058885970,"Innovastom, стоматология",branch,,,1 этаж,,
"Липовая аллея, 5а",70000001109884083,"Денталогика, стоматология",branch,,,1 этаж,,
"улица Жулябина, 9",70000001023218999,"Авва, стоматологическая клиника",branch,,,2 этаж,,
"Большой Сухаревский переулок, 25 ст2",70000001093671247,"Дентал Академия, стоматологическая клиника",branch,,,2 этаж,,
"Люсиновская улица, 55",70000001031339347,"Solo, стоматология",branch,,,1 этаж,,
"улица Алабяна, 12 к4",70000001096444251,"MB2 Clinic, стоматологическая клиника",branch,,,цокольный этаж,,
"Зелёная улица, 41",70000001049491691,Моя Стоматология,branch,,,1 этаж,,
"Малая Красносельская улица, 2/8",70000001049880939,"Стоматологический кабинет, НИКИЭТ",branch,,,1 этаж,,
"Баулинская улица, 2",70000001060615683,"Дентал-эксперт, стоматологическая клиника",branch,,,1 этаж,,
"улица Авиаконструктора Миля, 26",4504127909067974,"Veedenta, стоматологическая клиника",branch,,,1 этаж,,
"Столярный переулок, 2",4504127908400934,"Дентекс, стоматологическая клиника",branch,,,1 этаж,,
"Новое шоссе, 8 к1",70000001032682973,"Профистиль, стоматология",branch,,,1 этаж,,
"Лубянский проезд, 19 ст1",70000001052174144,"Vardui, стоматологическая клиника",branch,,,1 этаж,,
"Большая Остроумовская улица, 10 к2",4504127908560944,"Техно Сервис Лимитэд, стоматологическая клиника",branch,,,1 этаж; вход со двора,,
"улица Вавилова, 97",4504128908358108,"Vitam, центр современной стоматологии",branch,,,1 этаж,,
"Молодёжная улица, 74",70000001035012392,"Доктор прайм, стоматологическая клиника",branch,,,1 этаж,,
"улица Гиляровского, 76 ст2",70000001024731303,Стоматология доктора Мансурского,branch,,,2 этаж,,
"Каширское шоссе, 122",70000001058777038,"СпаркоДент, стоматологическая клиника",branch,,,,,
"Чечёрский проезд, 122 к3",70000001063502753,"Дарья-дент, стоматология",branch,,,1 этаж,,
"Лесная улица, 21",4504127915874824,"Дента-Стар, стоматологическая клиника",branch,,,1 этаж; вход со стороны дороги,,
"Мансуровский переулок, 8",4504128908703139,"ensmile, стоматологическая клиника",branch,,,1 этаж,,
"Большая Академическая улица, 49 к1",70000001040470490,"Забота, стоматологическая клиника",branch,,,1 этаж,,
"улица Академика Понтрягина, 25",70000001063018703,"Улыбка, стоматологический центр",branch,,,1 этаж,,
"улица Тельнова, 10а",70000001039903181,"Estudi, стоматология",branch,,,111 офис; 1 этаж,,
"Советская площадь, 5",70000001064939990,"Стомлайн, стоматологическая клиника",branch,,,,,
"улица Богданова, 2 к1",4504127909241109,"Улыбка Солнца, стоматологический центр",branch,,,1 этаж,,
"улица Чехова, 79 к3",70000001025897811,"Ивостом, стоматологическая клиника",branch,,,1 этаж,,
"Новочерёмушкинская улица, 11 к2",4504127912906657,"Селфи дэнт, стоматологическая клиника",branch,,,1 этаж,,
"улица Малые Каменщики, 4",4504127908550401,Стоматология на Таганке,branch,,,1 этаж,,
"улица Викторенко, 4 к1",70000001035687346,"Эста-смайлдент, центр стоматологии и имплантации",branch,,,1 этаж,,
"проспект Мира, 102 ст27",70000001041023747,"Астра, стоматологическая клиника",branch,,,1 этаж; 10 подъезд,,
"улица Сущёвский Вал, 5 ст1",70000001053936511,"МегаДент, стоматологическая клиника",branch,,,OF02 01 офис; 2 этаж; 5 подъезд,,
"улица Фомичёвой, 16 к5",70000001032557641,"Доктор`S, стоматологический центр",branch,,,1 этаж,,
"Пятницкое шоссе, 6 к3",70000001062680816,"Эрика Дент Митино, стоматологическая клиника",branch,,,,,
"Пушкинская улица, 13",4504127908871250,"Жемчуг, медицинский центр",branch,,,1 этаж,,
"Зеленоград, к1006Б",70000001023796933,"Эталон клиник, стоматологический кабинет",branch,,,2 этаж,,
"Лихачёвский проспект, 68 к5",70000001080072178,"N-Medical Group, стоматологическая клиника",branch,,,1 этаж,,
"улица Борисовские Пруды, 16 к2",70000001021316966,"Медадент, стоматологическая клиника",branch,,,1 этаж,,
"Трубецкая улица, 102",70000001046344184,Семейная стоматология доктора Маллаева,branch,,,1 этаж,,
"Октябрьский проспект, 16",70000001047171918,"Carat, стоматологическая клиника",branch,,,,,
"улица им. К.И. Вороницына, 1 к1",70000001052491948,"Мира дент, стоматологический центр",branch,,,1 этаж,,
"Староволынская улица, 12 к4",70000001084261598,"РеббитДент, стоматологическая клиника",branch,,,,,
"Детская улица, 19",4504127908508378,"Эльвейс, стоматология",branch,,,1 этаж,,
"Измайловский проезд, 15",70000001035881784,"Центродент, стоматологическая клиника",branch,,,1 этаж,,
"Новослободская улица, 62 к12",70000001087224586,Ncd-Клиника,branch,,,1 этаж,,
"Ленинский проспект, 66",4504127909068315,Восстановительная стоматология,branch,,,1 этаж,,
"улица Кирова, вл4",4504127915798075,"Инвита, стоматологическая клиника",branch,,,,,
"Красногорский бульвар, 23 к2",70000001087590333,"Denti, стоматология",branch,,,1 этаж,,
"Профсоюзная улица, 104",4504127908426883,"Fadental`, результативная стоматология доктора Куракиной",branch,,,2 этаж,,
"Центральная улица, 6",4504127916386707,"Улыбка, стоматологический центр",branch,,,1 этаж,,
"улица Василия Петушкова, 3",70000001030165573,"Альтаир-дент, стоматологическая клиника",branch,,,1 этаж,,
"улица Пржевальского, 2",70000001033171687,"M Dental Clinic, стоматологическая клиника",branch,,,1 этаж,,
"Амурская улица, 1а к2",70000001110306725,"Амурская Дент, стоматология",branch,,,1 этаж,,
"улица Советской Конституции, 3Б",70000001056283551,"АртДент, стоматологический центр",branch,,,1 этаж,,
"Октябрьская улица, 16а",70000001065127362,"Орто-Элита, стоматологический центр",branch,,,110; 111 офис; 2 подъезд,,
"Колхозная улица, 18",70000001019247121,"Smile time, стоматологическая клиника",branch,,,1 этаж,,
"Гвардейская улица, 14",4504127908391015,"Дента-Лайт, стоматологическая клиника",branch,,,1 этаж,,
"Вертлинская улица, 5а",70000001023446538,"Медкомфорт, стоматологическая клиника",branch,,,1 этаж,,
"улица Лётчика Ларюшина, 6 к1",70000001087224313,Стоматологическая клиника,branch,,,1 этаж,,
"проспект Космонавтов, 1",4504127920997493,"Р-дента, стоматологическая клиника",branch,,,1 этаж,,
"Центральная улица, 28",70000001007019265,"Ива-меди, медицинский центр",branch,,,2 этаж,,
"Андропова проспект, 8",70000001081106627,Стоматологический кабинет Хамраева Р.Ю.,branch,,,6 этаж,,
"Носовихинское шоссе, 27",70000001032162059,"Шарк дент, стоматологический центр",branch,,,1 этаж,,
"улица Тёплый Стан, 5 к4",70000001049881187,"Dr. Semenova, стоматологический центр",branch,,,1 этаж,,
"улица Бажова, 7",4504127908366863,"Malbret, стоматологическая клиника",branch,,,1 этаж,,
"проспект Ленина, 97а",4504127909311334,"Улыбка, медицинский центр",branch,"Подольск, проспект Ленина, 97а",Медицинское учреждение,,,
"проспект Гагарина, 8/7",70000001077797828,"Астра, стоматологическая клиника",branch,,,вход со двора,,
"улица Веры Волошиной, ст12",70000001024954064,"Dentmicro, микроскопная стоматология",branch,,,919 офис; 9 этаж; центр Разумихин,,
"Кожевническая улица, 1 ст1",70000001058745438,"Визит, зуботехническая лаборатория",branch,,,417 кабинет; 4 этаж,,
"улица Трофимова, 4",4504127917335040,"Здравствуйте, здоровые зубы, стоматологическая клиника",branch,,,1 этаж,,
"улица Горького, 5",70000001006355701,"Urbanstom, стоматологический центр",branch,,,2 этаж,,
"СНТ Вятичи территория, 160",70000001087225532,"ЛадоДент, стоматологическая клиника",branch,"Горки Ленинские, СНТ Вятичи территория, 160",Частный дом,,,
"Овражная улица, 47а",70000001057390335,"Липкинд, стоматологическая клиника",branch,,,423 комната; 9 этаж,,
"Петровско-Разумовский проезд, 17",4504127908658263,"Энергия классик, стоматологический центр",branch,,,1 этаж; в арке,,
"Красноармейская улица, 6",70000001035756854,"Лечение и Диагностика, центр современной стоматологии",branch,,,1 этаж,,
"Сходненская улица, 36/11",70000001045484999,"Vector, стоматология",branch,,,1 этаж,,
"улица С.П. Попова, 1",70000001024098989,"Вита+, стоматологическая клиника",branch,,,3 этаж,,
"улица Ленина, 19/10",4504127908536037,"Ортостом, стоматологическая клиника",branch,,,1 этаж,,
"шоссе Энтузиастов, 3 к1",70000001064721286,"Stelvio, стоматологическая клиника",branch,,,,,
"улица Трофимова, 18а",70000001047084113,Hermesdental,branch,,,1 этаж,,
"Каширское шоссе, 16",4504127908416491,"Нардент, стоматологическая клиника",branch,,,1 этаж,,
"Строительная улица, 14 к2",70000001061794072,"Астелла, стоматологическая клиника",branch,,,1 этаж,,
"улица Чичерина, 8 к2",70000001061631835,"Dream, семейная стоматология",branch,,,1 этаж,,
"Советская улица, 41/5",4504127909310754,"Жемчужинa, стоматологическая клиника",branch,,,1 этаж,,
"Южный микрорайон, 14",70000001110338986,"Mino Dent, стоматологическая клиника",branch,,,1 этаж,,
"Онежская улица, 20",70000001007359560,"Без боли и страха, стоматологическая клиника",branch,,,вход со двора,,
"Широкая улица, 3 к3",70000001019500432,"Ваш Доктор, стоматологическая клиника",branch,,,1 этаж,,
"Вокзальная улица, 1",70000001050292974,"Дент студия доктора Бычкова, стоматология",branch,,,1 этаж,,
"Земледельческий переулок, 14/17 ст2",70000001083668208,"Dr.Zisman, стоматологическая клиника",branch,,,1 этаж,,
"улица Новаторов, 34 к7",4504127908464584,"Зубной Лекарь, стоматологическая клиника",branch,,,1 этаж,,
"3-я Тверская-Ямская улица, 5",70000001019914985,"LoraClinic, стоматологическая клиника",branch,,,1 этаж,,
"Медынская улица, 5Б",70000001075613115,"Берлин, стоматологическая клиника",branch,,,,,
"Профсоюзная улица, 7",4504127916574167,Стоматологическая клиника доктора Бронникова,branch,,,1 этаж,,
"проспект Астрахова, 5а к4",70000001070768819,"Panov dental clinic, стоматология",branch,,,,,
"Щёлковское шоссе, 72",4504127911348205,"Альфа дент, стоматологическая клиника",branch,,,2 этаж,,
"Родниковая улица, 9а к2",70000001084405822,"Третье дыхание, стоматология",branch,,,1 этаж,,
"Пятницкое шоссе, 38",4504127908668807,"Юнал-Мед, стоматологическая клиника",branch,,,1 этаж,,
"микрорайон Планерная, 23",70000001101643203,Триадент,branch,,,,,
"улица Разина, 1а",70000001103944987,"Санденталия, частная стоматологическая клиника",branch,,,,,
"Привольная улица, 9 к1",70000001026635431,"Ваш доктор, стоматологический центр",branch,,,,,
"3-я Крестьянская улица, 5",70000001051284173,Клиника доктора Джамолова,branch,,,1 этаж,,
"Новосередневский проспект, 17 к2",70000001096209295,КристалДент,branch,,,,,
"Саратовская улица, 31",70000001086710155,"Навитадент, стоматологическая клиника",branch,,,1 этаж,,
"Алтуфьевское шоссе, 82",4504127908426953,"Дэнта плюс, стоматологическая клиника",branch,,,1 этаж,,
"Волгоградский проспект, 116",70000001103627954,"Эмаль, стоматологическая клиника",branch,,,,,
"улица Лобачевского, 43",70000001036811289,"Доктор Вайс, стоматологическая клиника",branch,,,1 этаж,,
"Преображенская улица, 6",70000001017523311,"Зубок, стоматологический центр",branch,,,1 этаж,,
"улица Земляной Вал, 20 ст3",70000001046640857,"Внуки Гиппократа, стоматологический центр",branch,,,2 этаж,,
"Даниловский Вал улица, 10",4504127908447233,"Клиника Святого Даниила, стоматология",branch,,,2 этаж; 1 подъезд,,
"Бережковская набережная, 14",70000001036387838,"Биоэстетика, стоматологическая клиника доктора Даяна",branch,,,1 этаж,,
"Старокачаловская улица, 6",4504127908563112,"Тридент-Юг, стоматология",branch,,,1 этаж,,
"улица Николая Старостина, 9",4504127908465353,"Ол-Дентал, стоматологическая клиника",branch,,,1 этаж,,
"бульвар 60-летия Победы, 12",70000001039723320,"Эль-Дент, стоматология",branch,,,1 этаж,,
"Пионерская улица, 12а к3",4504127917397991,"Техно-Дент, стоматологическая клиника",branch,,,1 помещение; 1 этаж,,
"проспект Космонавтов, 34Б",70000001061422712,"Инто-дент, стоматология",branch,,,217 павильон; 2 этаж,,
"Митинская улица, 28",70000001091449289,"Лотос Клиник, стоматология",branch,,,,,
"улица Маршала Жукова, 9",4504127908469702,"Люкс, стоматологическая клиника",branch,,,1 этаж,,
"Московская улица, 7",70000001033275324,"Восторг, стоматологический центр",branch,,,1 этаж,,
"улица Маяковского, 9 к1",4504127908533757,"Дэнтко, стоматологический центр",branch,,,1 этаж,,
"Новая улица, вл17",70000001043209360,"Денто-ко, стоматология",branch,,,1 этаж,,
"Каширский проезд, 25 к5",70000001109738078,"Сима, стоматологическая клиника",branch,,,,,
"Заречная улица, 13",70000001038365743,"Медилена, стоматологическая клиника",branch,,,1 этаж,,
"улица Гурьянова, 4 к1",4504127908370091,"Альтернатива, стоматологический центр",branch,,,1 этаж,,
"Олонецкая улица, 4",70000001024816693,"Ин-клиник, медицинский центр",branch,,,1 этаж,,
"Родниковая улица, 9а к6",70000001055768663,Стоматология,branch,,,,,
"микрорайон Северное Чертаново, 1а",70000001031925206,"Risus, стоматологическая студия Сергея Охапкина",branch,,,1 этаж,,
"Бескудниковский бульвар, 30 к3",70000001035321432,"Aurum-dent, стоматология",branch,,,,,
"улица Липчанского, 5 к1",70000001053150065,"Gold dent amd, стоматология",branch,,,1 этаж,,
"Краснодарская улица, 57/1",70000001074613082,"Вайт Стар, стоматологическая клиника",branch,,,1 помещение; 1 этаж,,
"улица Удальцова, 32",4504127908569421,"Витадент, стоматологическая клиника",branch,,,1 этаж,,
"улица Трофимова, 36 к1",4504127908843400,"Клятва Гиппократа, клиника современной медицины и косметологии",branch,,,1 этаж,,
"улица Генерала Белобородова, 16 к1",4504127908363985,"Ваш стиль, салoн красоты",branch,,,,,
"проспект Мира, 79 ст1",4504128908673405,"Getsmile, стоматологическая клиника",branch,,,1 этаж,,
"Дмитровское шоссе, 165е к9",70000001018952355,"Lika-dent, стоматологическая клиника",branch,,,1 этаж,,
"Юбилейный проспект, 40",70000001033023378,"Абсолют ск, стоматологическая клиника",branch,,,28 помещение; 2 этаж,,
"Уральская улица, 6 к1",4504127908535443,"Стомакс, стоматологическая клиника",branch,,,1 этаж,,
"Чертановская улица, 45а к1",4504127916992537,"Профи-дент, стоматологическая клиника",branch,,,1 этаж,,
"Колпачный переулок, 6 ст4",70000001041462079,"Смартсмайлс, стоматологическая клиника",branch,,,1 этаж,,
"Изумрудный квартал, 2",70000001068701098,"Дентал групп, стоматологическая клиника",branch,,,,,
"Парковая улица, 6",70000001091750257,Стоматологическая клиника,branch,,,1 этаж,,
"улица Академика Анохина, 12 к3",70000001094327258,"Esetov Clinic, стоматологическая клиника",branch,,,1 этаж,,
"улица Машинцева, 5а",4504127908376995,"Виктория, стоматологическая клиника",branch,,,3 этаж,,
"Школьная улица, 14",4504127916112667,"Триодент, стоматологический центр",branch,,,1 офис; 1 этаж,,
"Стрелковая улица, 21",70000001007541230,"Жемчужина, стоматологический центр",branch,,,1 этаж,,
"микрорайон Соболевка, 2",70000001034523946,"Академия стоматологии, стоматологическая клиника",branch,,,1 этаж,,
"Вяземская улица, 12 к1",70000001046832310,"Esthetic Dent, стоматологическая клиника",branch,,,1 этаж; вход с ул. Вяземская,,
"улица Лётчика Ларюшина, 10",70000001078695784,"Валедент, стоматологическая клиника",branch,,,1 этаж,,
"проспект Юных Ленинцев, 82в",70000001036488904,"ДенталстоМед, стоматологическая клиника",branch,,,2 этаж,,
"Смольная улица, 2",70000001111695174,Центр эстетической стоматологии,branch,,,236 помещение; 2 этаж,,
"улица 50 лет ВЛКСМ, 18а",4504127909312269,"Мята, стоматологический центр",branch,,,1 этаж; вход со двора,,
"3-й Донской проезд, 1",70000001078588855,"Doctor Boev, стоматология",branch,,,1 этаж,,
"Парковый микрорайон, 1",70000001098244509,"DentalBerg, стоматологическая клиника",branch,,,комплекс Белая Дача парк,,
"Миклухо-Маклая улица, 18 к2",70000001102115715,Стоматологический кабинет,branch,,,4 этаж,,
"Нагорная улица, 26",70000001068287894,Sdent,branch,,,1 этаж,,
"посёлок Завода Мосрентген, к35",4504127916334084,"МедОл, медицинский центр",branch,,,1 этаж,,
"Пролетарский проспект, 1",70000001021210852,"Эдельвейс, центр медицины и стоматологии",branch,,,1 этаж,,
"улица Анатолия Живова, 10",4504127914559022,"Ситидент, стоматологическая клиника",branch,,,1 этаж,,
"улица Авиаторов, 15",70000001078297288,"Rustam Clinic, стоматология",branch,,,1 этаж,,
"улица Менжинского, 21",4504127908551347,"Стратон 2000, стоматологическая клиника",branch,,,1 этаж,,
"Северное шоссе, 38",70000001040763010,"Колибри, стоматология",branch,,,1 этаж,,
"Малая Полянка улица, 2",70000001041224180,"Urmed, стоматологическая клиника",branch,,,1 этаж,,
"Пожарский переулок, 8",70000001055355168,"Амоз, стоматологический центр",branch,,,1 этаж,,
"Потаповский переулок, 14",70000001058808103,"ОрисСфер, стоматология",branch,,,1 этаж,,
"Троицкая улица, 8",70000001061450864,Стоматологический кабинет,branch,,,1 кабинет; 1 этаж,,
"Самотёчная улица, 5",70000001101646615,"Trianova, стоматологическая клиника",branch,,,1 этаж,,
"Большой Овчинниковский переулок, 10",70000001102822125,"Degna Clinic, стоматологический кабинет",branch,,,,,
"улица Большая Полянка, 15",70000001110401151,Стоматологическая клиника,branch,,,,,
"Большая Садовая улица, 5 к2",70000001051862223,"Nine Senses Clinic, стоматологическая клиника",branch,,,4 этаж,,
"улица Гиляровского, 53",70000001087225669,Дентал Эстетика,branch,,,1 этаж,,
"Зоологическая улица, 26 ст1",70000001100727927,"La Blanche Boutique, стоматология",branch,,,,,
"улица Удальцова, 50",4504127908372417,"Ас-Дент, стоматологическая клиника",branch,,,1 этаж,,
"улица Фёдора Полетаева, 28",4504127908434883,"Зуб мудрости, стоматологическая клиника",branch,,,2 корпус; 1 этаж,,
"Лавров переулок, 5",70000001019742232,"Беверли денталь, стоматологическая клиника",branch,,,1 этаж,,
"Юбилейный проспект, 66",70000001021047646,"Мерри, стоматологическая клиника",branch,,,1 этаж,,
"Донская улица, 24",70000001021780721,"DS chocolate, стоматология",branch,,,1 этаж,,
"улица Верхняя, 22",70000001087224659,"Eristov Clinic, стоматологическая клиника",branch,,,1 этаж,,
"Складочная улица, 1Б",70000001089364191,Чемпион смайл,branch,,,1 этаж,,
"Таллинская улица, 8 к2",4504127908481455,"Mia dent, стоматологическая клиника",branch,,,1 этаж,,
"Загородное шоссе, 9 к3",4504127908370216,"Амбо-дент-клаб, стоматологическая клиника",branch,,,1 этаж,,
"Кутузовский проспект, 24",70000001023266607,"Монополия, стоматологическая клиника",branch,,,1 этаж; около салона Хэлло Бьюти,,
"улица Мишина, 35",70000001087224346,"Сириус, детская стоматология",branch,,,2 этаж,,
"Большой Симоновский переулок, 2",70000001112857171,Клиника доктора Меркушовой,branch,,,,,
,70000001075620234,"Капил Кхурана, стоматологический центр",branch,,,,,
"Тимирязевская улица, 7",70000001110352104,"Геостом приват, стоматология",branch,,,,,
"Новомытищинский проспект, 41а",70000001035100578,"Алекса дент, стоматологическая клиника",branch,,,1 этаж,,
"улица Мещерякова, 1",70000001049998107,"Жемчуг, центр стоматологии и косметологии",branch,,,,,
"Дмитровское шоссе, 165д к1",70000001058886864,Частная стоматология,branch,,,1 этаж,,
"Андропова проспект, 8",70000001094506141,Стоматологическая клиника,branch,,,А3 офис; 6 этаж,,
"Кутузовский проспект, 23 к1",4504127918021127,"Гливит, стоматология",branch,,,1 этаж,,
"улица Черняховского, 15 к1",70000001048493833,"Dr. Green, стоматологический центр",branch,,,1 этаж,,
"Воробьёвское шоссе, 4",70000001058890158,"Mask dental clinic, стоматология",branch,,,3 помещение; 1 этаж,,
"улица Митрофанова, 15",4504127908484400,"Меркурий-сервис, стоматологическая клиника",branch,,,,,
"Малый Палашёвский переулок, 6",4504127909242205,"Ам дентал, стоматологическая клиника",branch,,,3 этаж,,
"Юбилейный проспект, 8",4504127915779334,"Альбус мед, стоматологическая клиника",branch,,,1 этаж,,
"Варшавское шоссе, 66",4504127916829516,"Варшавка 66, стоматологическая клиника",branch,,,1 этаж,,
"Золоторожский Вал улица, 11 ст26",4504128908403635,"Эст-дентал, стоматологический кабинет",branch,,,5 этаж,,
"Можайское шоссе, 45 к2",4504128908957904,"Сенсодент, стоматология",branch,,,1 этаж,,
"улица Воровского, 1",70000001026497185,Luxe-stom,branch,,,1 этаж,,
"улица Фабрициуса, 31а",70000001030137194,"К-дент, стоматологическая клиника",branch,,,1 этаж,,
"улица Пырьева, 9 к2",70000001055335600,"Doctor Viskhan, стоматологическая клиника",branch,,,1 этаж,,
"Зелёный проспект, 20",4504127909216378,"Медико-Лайф, стоматологическая клиника",branch,,,8 этаж,,
"Профсоюзная улица, 58 к4",4504128908961333,"Индивидуальная стоматология, стоматологическая клиника",branch,,,1 этаж,,
"Адмирала Лазарева улица, 52 к3",70000001025779466,"Дом стоматологии, клиника",branch,,,1 этаж,,
"Видная улица, 3",70000001081101229,"Дентал Практика, стоматология",branch,,,1 этаж,,
"микрорайон Серебрянка, 58",4504127908895522,"Нордент, стоматологический центр",branch,,,1 этаж,,
"Мосфильмовская улица, 39 к1",70000001030253428,"Хорс дент, стоматологическая клиника",branch,,,1 этаж,,
"улица Намёткина, 16 к4",70000001032901346,"Газпром, клиника стоматологии",branch,,,,,
"бульвар Матроса Железняка, 33 к1",70000001060809527,"Стоматолог 11, клиника",branch,,,1 этаж,,
"Архангельская улица, 2",70000001090541687,"Макадамия, студия эстетической и функциональной стоматологии доктора Захарченко",branch,,,12 помещение; 1 этаж; 9 подъезд; справа от входа,,
"Вольная улица, 28/4 к1",70000001098740541,Sokolinka Dent,branch,,,1 этаж,,
"Волоколамский проезд, 4 к2",4504127908496469,"Ортостом, стоматологическая клиника",branch,,,цокольный этаж,,
"улица Чехова, 6",4504127908560522,"Темегон, медицинский центр",branch,,,2 этаж,,
"улица Коминтерна, 20/2",70000001080765367,"Ecostom, стоматология",branch,,,1 этаж,,
"Илимская улица, 5 к1",4504128908379934,"Дент-Актив, стоматологическая клиника",branch,,,1 этаж,,
"Окская улица, 3 к2",4504128908434252,"Авиценна, медицинский центр",branch,,,1 этаж,,
"Староандреевская улица, 43 к2",70000001026795578,"Дентрика, стоматологическая клиника",branch,,,,,
"проспект Маршала Жукова, 51",4504127908386491,"DaVinci clinic, стоматологическая клиника",branch,,,1 этаж,,
"Новодмитровская улица, 2 к2",4504127908417602,"Доктор пломбир, стоматологическая клиника",branch,,,1401 офис; 14 этаж,,
"Петрозаводская улица, 24а ст1",4504127908393962,"Дентал плюс, стоматологическая клиника",branch,,,1 этаж,,
"Ленинский проспект, 150",4504127908520010,"Смайл-32, стоматологический кабинет",branch,,,1 этаж,,
"Псковская улица, 9 к1",70000001056603980,"Медицинский стоматологический институт, стоматология",branch,,,1 этаж,,
"Благовещенская улица, 5",4504127920468134,"Квинта, стоматологическая клиника",branch,,,1 этаж,,
"микрорайон Супонево, к7",70000001063016976,"МедЛайн, медицинский центр",branch,,,,,
"Братиславская улица, 23",4504127908364631,"Dentown, стоматологический центр",branch,,,1 этаж,,
"Ангарская улица, 10",4504127908565909,"Улыбка-ЭЛ, стоматологическая клиника",branch,,,,,
"Нарвская улица, 1а к2",70000001018056585,"Снп-дентал, стоматологическая клиника",branch,,,1 этаж,,
"Спортивная улица, 43а",70000001028234175,"Мир Зубов, стоматология",branch,,,1 этаж,,
"Варшавское шоссе, 56 ст2",70000001030213376,"Имплантстом, стоматологическая клиника",branch,,,,,
"улица Колпакова, 44",70000001098615060,"МкДент, стоматологическая клиника",branch,,,1 этаж,,
"улица Правды, 1",4504127908567028,Центр дентальной имплантации,branch,,,1 этаж,,
"посёлок Горки-2, 20",4504127909075875,"На Рублёвке, стоматологическая клиника",branch,,,2 этаж,,
"Варшавское шоссе, 108 к1",4504127915068404,Стоматология на Варшавке,branch,,,1 этаж,,
"улица Комарова, 2 к3",4504128908560929,"Сатори-дент, стоматологическая клиника",branch,,,1 этаж,,
"Адмирала Лазарева улица, 52 к2",70000001021035527,"Ол-мак, медицинский центр",branch,,,1 этаж,,
"Ольховая улица, 11",70000001024490026,"Димадент, стоматологический кабинет",branch,,,19 помещение; цокольный этаж,,
"Новое шоссе, 12",70000001064061605,"Астерия, стоматологическая клиника",branch,,,,,
"посёлок совхоза им. Ленина, 19",70000001074432678,"LiDenta, стоматология",branch,,,1 этаж,,
"1-й Котляковский переулок, 2а к3",70000001085663604,"Родной город, стоматологическая клиника",branch,,,квартал В,,
"15-я Парковая улица, 10а",70000001095641048,"Монтевизо, стоматология",branch,,,9 помещение,,
"проспект Космонавтов, 15",70000001035937577,"Bleach dent, стоматологическая клиника",branch,,,3 этаж; слева от лифта,,
"Битцевский проезд, 17",70000001038930828,"Дентавид, стоматология",branch,,,1 этаж,,
"Кутузовская улица, 2",70000001045696950,"Мальди, стоматологический центр",branch,,,,,
"Профсоюзная улица, 68 к4",70000001057904096,"Sto.mus, стоматологическая клиника",branch,,,1 этаж,,
"Пионерская улица, 30 к13",70000001062378009,"СтомИС, стоматологическая клиника",branch,,,2 этаж; вход со двора,,
"Радужная улица, 6",70000001069176740,"Perfect nova, клиника эстетической стоматологии и косметологии",branch,,,3/1 помещение; 1 этаж,,
"улица 50-летия ВЛКСМ, 4г",70000001098031357,"Ваш стоматолог, клиника",branch,,,,,
"улица Соловьиная Роща, 16",70000001101898539,"Химки, центр имплантации",branch,,,5/1 помещение; 1 этаж; вход около 1 подъезда,,
"улица Маршала Жукова, 40",4504127908487655,"Мто центр, стоматологический центр",branch,,,1 офис; 1 этаж,,
"Институтская улица, 18",4504127908647824,"Современная медицина, стоматологическая клиника",branch,,,1 этаж; вход с торца,,
"улица Маршала Катукова, 16",4504127909241464,"Ирида, стоматологическая клиника",branch,,,2 этаж,,
"Шмитовский проезд, 16 ст1",4504127914571307,Стоматология Асц,branch,,,1 этаж,,
"2-й Фабричный проезд, 16",70000001017498425,"Жемчуг, центр стоматологии",branch,,,1 этаж,,
"Юбилейная улица, 13",70000001019614126,"Эллидент, стоматология",branch,,,1 этаж,,
"Мещанская улица, 2",70000001056249641,Искренняя стоматология,branch,,,2 помещение; 1 этаж,,
"улица Твардовского, 42",70000001061062532,Стоматология,branch,,,1 этаж,,
"Шенкурский проезд, 6",70000001064351713,"Al-dent, стоматологическая клиника",branch,,,1 этаж,,
"улица Свердлова, 54",70000001094105757,"Смайл плюс, стоматологическая и косметологическая клиники",branch,,,,,
"Центральная улица, 37",70000001100104073,"Глобал дент, стоматология",branch,,,1 этаж,,
"шоссе Энтузиастов, 50",4504127908568925,"Эвиа-дентал, стоматологическая клиника",branch,,,1 этаж,,
"Булатниковская улица, 6а",4504127909067550,"Семь я, медицинский центр",branch,,,1 этаж,,
"улица Удальцова, 73",70000001025804824,"Олимп, стоматологическая клиника",branch,,,1 этаж,,
"Богородский микрорайон, 1",70000001037547778,"Альдент плюс, стоматология",branch,,,1 этаж,,
"9-я Парковая улица, 58",70000001079900269,"Улыбка от Айшат, стоматологическая клиника",branch,,,2 этаж,,
"Лесопарковая улица, 4",70000001110812967,"Ак Аю Клиник, стоматология",branch,,,1 этаж,,
"улица Чехова, 33",4504127920710333,"Улыбка, стоматологическая клиника",branch,,,1 этаж,,
"Студенческая улица, 35",70000001024709461,"Novus dent, стоматологическая клиника",branch,,,1 этаж,,
"улица Ивана Сусанина, 4 к6",70000001027622491,"Виа вита, стоматологическая клиника",branch,,,1 этаж; вход со двора,,
"улица Тютчева, 42",70000001042681640,"Олимп, стоматологическая клиника",branch,,,1 этаж,,
"улица Нахимова, 14а",70000001055198430,Стоматологический центр,branch,,,1 этаж,,
"улица Госпитальный Вал, 5 ст12",4504127908427450,"Елена+, стоматологическая клиника",branch,,,1 этаж,,
"улица Гагарина, 6",70000001064199522,"Хьюстом, стоматология",branch,,,1 помещение; 1 этаж,,
"Садовая улица, 20",70000001085803722,Кабинет стоматолога,branch,,,1 этаж,,
"улица Игоря Мерлушкина, 12",70000001094340304,"Алекс эстетика, стоматология",branch,,,1 этаж,,
"улица Ленина, 23 к10",4504127908495937,"Ортодент, стоматологическая клиника",branch,,,1 этаж,,
"улица Ленина, 69",70000001029698074,"Террадент, стоматологическая клиника",branch,,,1 этаж,,
"улица Курыжова, 26",70000001056840744,"Денталклиник, стоматологическая клиника",branch,,,1 этаж,,
"улица Шнырева, 2",4504128908355569,"Денталия, стоматология",branch,,,1 этаж,,
"улица Липовый парк, 5 к1",70000001033455656,"Ас-клиник, центр стоматологии",branch,,,1 этаж,,
"Николоямская улица, 36 ст1",70000001055176763,"Skdent, стоматология",branch,,,1 этаж,,
"Октябрьская улица, 13",4504127908400342,"Денталь-про, стоматологическая клиника",branch,,,,,
"улица Твардовского, 12 к3",70000001035839201,"Dental-ms, стоматологическая клиника",branch,,,,,
"микрорайон Силикат, 36",70000001046959919,"Центр-м, стоматологическая клиника",branch,,,,,
"улица Грибоедова, 7",4504127908895477,"Дента-вит, медицинский центр",branch,,,301 офис; 3 этаж,,
"Петровский переулок, 5 ст4",70000001109991399,"Спектра, стоматологическая клиника",branch,,,1 этаж,,
"улица Черняховского, 15 к1",4504127908560187,"Возрождение, медицинский центр",branch,,,1 этаж,,
"улица Курыжова, 3",70000001035515206,"Вивадента, стоматологическая клиника",branch,,,2 этаж,,
"Краснопролетарская улица, 8 ст1",70000001101895157,"Ms Dental Group, стоматологическая клиника",branch,,,1 этаж,,
"улица Большая Ордынка, 31/12 ст1",4504127908416323,"ДентРеал, стоматологическая клиника",branch,,,1 этаж,,
"улица Садовая-Триумфальная, 12/14 ст1",4504127908502204,"Перфект-дент, стоматологическая клиника",branch,,,1 этаж,,
"Большая Садовая улица, 5 к1",70000001054341690,"Sogo clinic, стоматологическая клиника",branch,,,3 этаж,,
"Самотёчная улица, 17а",70000001084484368,"Доктор Тагаев, стоматология",branch,,,1 этаж,,
"улица Усачёва, 19а к2",4504127908921486,"Ортодонт-Элит, стоматологическая клиника",branch,,,,,
"Фестивальная улица, 22 к2",4504128908469737,"Овостом, стоматологическая клиника",branch,,,,,
"Новокузнецкая улица, 35-37 ст2",70000001020022544,"Амон-Дент, стоматологический центр",branch,,,1 этаж,,
"Солнечная улица, 9",70000001036964212,"Эстетика, стоматологический центр",branch,,,1 этаж,,
"Лялин переулок, 3 ст4",70000001093872881,Гранцев,branch,,,"2, 4 кабинет; 1 этаж",,
"3-я улица Ямского Поля, 9 к4",70000001037036314,Стоматологическая клиника доктора М. Талалая,branch,,,Е209 офис; 2 этаж,,
"улица Генерала Тюленева, 29а",4504127908377035,"Виола, стоматологический центр",branch,,,2 этаж,,
"Нижний Сусальный переулок, 5 ст23",70000001021775505,"32 жемчужины, стоматологический кабинет",branch,,,28 офис; 2 этаж,,
"Крымская улица, 12",70000001028847846,"New Smile, стоматология",branch,,,1 этаж,,
"Большой Саввинский переулок, 9 ст2",70000001050725129,"Давайте улыбаться, стоматологический центр",branch,,,3 этаж; 1 подъезд,,
"Семейная улица, 1",70000001056827419,"МайерДент, стоматологическая клиника",branch,,,1 этаж,,
"проезд Ольминского, 5",70000001084174402,"АТИС-Стоматология, стоматологическая клиника",branch,,,2 этаж; вход со двора,,
"Бутырская улица, 97",4504127908965632,"Гудвин, стоматология Александра Бельчикова",branch,,,1 этаж,,
"3-я Мытищинская улица, 3 к1",4504128908521468,"Априори, стоматологическая клиника",branch,,,11 помещение; 1 этаж,,
"Октябрьский проспект, 3",70000001017609967,"Стомков, стоматология",branch,,,1 этаж,,
"улица Руставели, 19",70000001093682052,Студия семейной стоматологии,branch,,,1 этаж,,
"Ладожская улица, 8",70000001093905224,Альбис,branch,,,1 этаж,,
"Ленинский проспект, 45",4504127909068259,"Ла Перла, стоматологическая клиника",branch,,,1 этаж,,
"Алтуфьевское шоссе, 78",4504127916335524,"Скайс, стоматологическая клиника",branch,,,1 этаж,,
"улица Василия Фабричнова, 18",70000001023906045,"Астрон, стоматология",branch,,,,,
"улица Верхняя Масловка, 24",70000001048511759,"AdWise Medical, стоматология",branch,,,1 этаж,,
"улица Милашенкова, 1",70000001083688953,Клиника доктора Багратиони,branch,,,,,
"Дубнинская улица, 37 к1",4504127908387258,"Даф-Мед, стоматологическая клиника",branch,,,,,
"Варшавское шоссе, 160 к2",4504127915384562,"Омега, стоматологический центр",branch,,,1 этаж,,
"улица Кирова, 61",4504127915577862,"Дантист плюс, стоматологическая клиника",branch,,,1 этаж,,
"Лихачёва проспект, 22",70000001110787678,Techno smile,branch,,,,,
"Большая Почтовая улица, 28 к6",70000001111187800,Синергия+Стом,branch,,,1 этаж,,
"Заречная улица, 9",4504127909024384,"Dент.Аль, стоматологическая клиника",branch,,,2 этаж,,
"улица Бояринова, 9",70000001054742950,"Афина дент, стоматологическая клиника",branch,,,,,
"Мироновская улица, 25",70000001075451446,Вива клиник,branch,,,1 этаж; напротив кафе Лемонграсс,,
"улица Вилиса Лациса, 27 к1",70000001032766334,"Queen dent, стоматологический центр",branch,,,1 этаж,,
"Новочерёмушкинская улица, 49",70000001110257731,"Dek clinik, многофункциональный медицинский центр",branch,,,1 этаж,,
"Беловежская улица, 13",70000001110462870,"Dent&Art kids, семейная стоматология",branch,,,1 этаж,,
"Краснобогатырская улица, 75 к1",70000001025030588,"Практик, стоматологическая клиника",branch,,,1 этаж,,
"улица Островитянова, 5",70000001033083270,Клиника эстетической стоматологии,branch,,,1 этаж; рядом с пунктом Wildberries,,
"Затонная улица, 11 к2а",70000001104400154,"Амонт-дент, стоматологическая клиника",branch,,,2 этаж,,
"Большая Академическая улица, 45 к1",4504127915427453,"Джулия Клиник, стоматологическая клиника",branch,,,1 этаж,,
"улица Маршала Бирюзова, 2",70000001087122351,"PreVit, медцентр",branch,,,1 этаж; вход со двора,,
"Революционный проспект, 18",70000001091611788,"Е.В. Дент, стоматология",branch,,,1 этаж,,
"Романовская улица, 5",70000001105358557,Стоматологическая клиника,branch,,,39 офис,,
"улица Липчанского, 9",70000001111136340,"Den`Tm, стоматологическая клиника",branch,,,1 этаж; клиника Огуз мед,,
"Комсомольская улица, 4",70000001025915867,"Аполлония, клиника семейной стоматологии",branch,,,1 этаж,,
"Луганская улица, 4 к1",4504127908496498,"Ортостом и К, стоматологический центр",branch,,,1 этаж,,
"улица Тёплый Стан, 5 к4",70000001007200247,"Здоровые люди, медицинский центр",branch,,,1 этаж,,
"Мичуринский проспект, 26",70000001044547184,"Галактика, стоматологический центр",branch,,,,,
"Первомайская улица, 72",70000001067534100,Клиника-НМ для Вас,branch,"Куровское, Первомайская улица, 72",Медицинское учреждение,,,
"Миклухо-Маклая улица, 20",4504127908454220,"Лайт-Дент, стоматологическая клиника",branch,,,1 этаж,,
"улица 800-летия Москвы, 4 к2",4504127908535147,"Стома плюс, стоматологическая клиника",branch,,,4-6 кабинет; 1 этаж,,
"Таёжная улица, 1",70000001049082617,"Имплант Стом, стоматология",branch,,,,,
"Алтуфьевское шоссе, 96",70000001070938015,"Бобр, Стоматология",branch,,,1 этаж,,
"Солнечная улица, 6",70000001110718252,Стоматологическая клиника,branch,,,17 офис; 2 этаж,,
"улица Егора Абакумова, 9",4504127915286433,"УльтраДент, центр здоровья",branch,,,1 этаж,,
"Барклая улица, 8",70000001094093429,"Dental magic, стоматология",branch,,,4 этаж,,
"улица Генерала Глаголева, 6 к1",70000001112409399,Стоматологический кабинет,branch,,,цокольный этаж,,
"Институтская улица, 27",4504128908565359,"Аксис-дент, стоматологическая клиника",branch,,,3 этаж,,
"улица Лавочкина, 34",70000001020111318,"Креатив Дент, стоматологический центр",branch,,,2 этаж,,
"Мячковский бульвар, 9",4504127908369995,"Алекс-дент, стоматологическая клиника",branch,,,1 этаж,,
"улица Чехова, 13",4504127916116347,"Арт-Стом, стоматологический центр",branch,,,1 этаж,,
"Вернадского проспект, 92 к1",4504127917301732,"Дент амонд, стоматологическая клиника",branch,,,1 этаж,,
"Заводской проезд, 23",70000001109795285,"Медичи Dc, стоматологическая",branch,,,,,
"Элеваторная улица, 10 к1",70000001007535749,"Семья, медицинский центр",branch,,,,,
"Дмитровское шоссе, 165е к3",70000001044859251,"Север+, медицинский центр",branch,,,,,
"Профсоюзная улица, 43 к2",4504127908430502,"Евродент, стоматология",branch,,,1 этаж,,
"Оршанская улица, 9",4504127912361644,"Медиса, стоматологическая клиника",branch,,,,,
"Рублёвское шоссе, 107",70000001020479369,"Столичная стоматология, клиника",branch,,,,,
"улица Энгельса, 20",70000001110932145,Бьюти Дент,branch,,,,,
"улица Соловьиная Роща, 9",4504127908453797,"Куркино, медицинский стоматологический центр",branch,,,1 этаж,,
"Юбилейный проспект, 1 к3",4504127908567844,"Дубровины, стоматология",branch,,,,,
"улица 1812 года, 8 к1",4504127908822861,"АристократЪ-Дент, стоматологическая клиника",branch,,,1 этаж,,
"улица Свободы, 99 к1",4504128908396463,"Vak-stom. M, стоматологическая клиника",branch,,,1 этаж,,
"Юбилейный проспект, 60",70000001057355079,"Сана Денте, стоматологический центр",branch,,,,,
"Просторная улица, 1",70000001094084954,"Space Dental Clinic, стоматология",branch,,,,,
"Пушкинская улица, 25",70000001110670110,"ОСВ-стоматология, стоматологическая клиника",branch,,,1 этаж,,
"улица Шама, 1в",70000001110672990,Стоматология,branch,,,,,
"улица Победы, 22",70000001112547426,"Версаль, стоматология",branch,,,,,
"Советская площадь, 3",4504127908386403,"Гранти, стоматологическая клиника",branch,,,21 офис; 2 этаж,,
"улица Чкалова, 13",70000001031451127,"Зуб-ок, стоматологическая клиника",branch,,,1 этаж,,
"проезд Шокальского, 31 к1",70000001046232977,"Мирдент, стоматологическая клиника",branch,,,1 этаж,,
"Московская улица, 1",70000001060743798,Стоматология на Московской,branch,,,1 этаж,,
"улица Циолковского, 15",70000001101893066,"Ильдаров дент, стоматологическая клиника",branch,,,,,
"Радужная улица, 14 к2",70000001102561041,"Buta dental, центр эстетической и инновационной стоматологии",branch,,,1 этаж,,
"улица им. С.П. Корнусова, 3",70000001102644847,"ДентАрт, стоматология",branch,,,,,
"Речная улица, 7",70000001110666227,"Dental Clinic, стоматологическая клиника",branch,,,,,
"село Новлянское, 79",70000001023846970,"Альфа-дент, стоматологическая клиника",branch,,,2 этаж,,
"Большая Покровская улица, 60 к4",70000001038119163,"Знакомый доктор, стоматологический центр",branch,,,1 этаж,,
"улица КСЗ, 26",70000001047833834,Стоматологический кабинет Гурджа Е.А.,branch,,,1 этаж,,
"микрорайон Супонево, к3",70000001063016959,"Мила-дент, стоматологическая клиника",branch,,,,,
"Керамическая улица, 10",70000001064683659,"Elisabeth Dent, медицинский центр",branch,,,1 офис; 1 этаж,,
"улица Некрасова, 12",70000001094389648,"Стоматология для Вас, г. Балашиха",branch,,,1 этаж,,
"микрорайон Павлино, 18",4504127920909777,"Бэлль, стоматологический центр",branch,,,1 этаж,,
"улица Гагарина, 10",4504127916298185,"Мой доктор, стоматологическая клиника",branch,,,4 этаж,,
"Зеленоград, к125",70000001101642278,Студия современной стоматологии,branch,,,,,
"Жулебинский бульвар, 36 к1",4504127909067991,"Найс дент, стоматологический центр",branch,,,1 этаж,,
"Дербеневская улица, 9",70000001112768838,"Искусство, клиника",branch,,,,,
"улица Шевченко, 1",70000001080024744,"Denta familia, стоматология",branch,,,1 этаж,,
"улица Гагарина, 19",4504127916047345,"Аполлония, стоматологический центр",branch,,,187 помещение; 1 этаж,,
"Симферопольское шоссе, 4",70000001112592114,Дантист,branch,,,2 этаж,,
"улица Дружбы, 1",70000001045828284,"Ника, стоматологическая клиника",branch,,,1 этаж,,
"Переведеновский переулок, 7/7",70000001068530336,"Хорошая, стоматологическая клиника",branch,,,1 этаж,,
"Маломосковская улица, 21 к4",70000001106158861,"Krutikov, стоматологическая клиника",branch,,,1 этаж,,
"Гарибальди улица, 36",4504127909311335,"Дмитрия Севостьянова, стоматологическая клиника",branch,,,10 секция; 1 этаж; 4 подъезд,,
"микрорайон Супонево, к3а",70000001039048525,"Кристалл, стоматологический центр",branch,,,,,
"улица Заморёнова, 5 ст1",70000001075930896,"Ku.Stom, стоматологическая клиника",branch,,,,,
"Изюмская улица, 50",4504127908386684,"Dantisto, стоматологическая клиника",branch,,,,,
"Аптечный переулок, 3",70000001022915249,"Дентал-Сервис, стоматологическая клиника",branch,,,1 этаж,,
"Павшинский бульвар, 1",70000001023677989,"Династия, стоматология",branch,,,1 этаж,,
"улица Журавлёва, 7а",70000001096208891,Стоматологическая клиника доктора Романцова,branch,,,2 этаж,,
"посёлок подсобного хозяйства Воскресенское, 40 к2",70000001062878414,"С-Дент, стоматологический центр",branch,,,1 этаж; вход со двора,,
"улица Пушкина, 3а",4504127916064634,"Ривайвел, стоматологическая клиника",branch,"Томилино, улица Пушкина, 3а",Медицинское учреждение,,,
"Заповедная улица, 18 к1",70000001105813414,Прайм дентал клиник,branch,,,,,
"улица Чапаева, 9",70000001023821120,"Тимо-дент, стоматологический центр",branch,,,1 этаж,,
"Бауманская улица, 42",70000001088807980,"Avi, стоматологическая клиника",branch,,,2 этаж,,
"Комсомольская улица, вл13",70000001024045939,Протэкс-мед,branch,,,"1, 2 этаж",,
"улица Дзержинского, 10Б к1",70000001086907392,"М12, медицинский центр",branch,,,,,
"Мячковский бульвар, 3",70000001089825133,Нурдент,branch,,,,,
"улица Чкалова, 7",70000001019377040,"Нахабинская стоматология, стоматология семейного типа",branch,,,4 помещение; 1 этаж,,
"Новослободская улица, 71",70000001049274010,"ЛаодикаДент, стоматологическая клиника",branch,,,1 этаж,,
"Авиационная улица, 11",4504127916164237,"Классикдент, стоматологическая клиника",branch,,,4 помещение; 1 этаж,,
"микрорайон 1 Мая, 9",4504127919905439,"Дента Лайн, стоматология",branch,,,2 этаж,,
"улица Дмитриевского, 23",70000001098618941,Лустом,branch,,,,,
"Петровско-Разумовский проезд, 24 к2",4504127908523875,"Ами Дент, стоматологическая клиника",branch,,,1 этаж,,
"Зеленоград, к1471",4504127909075995,"Экспресс-Стом, стоматологическая клиника",branch,,,,,
"Дмитровское шоссе, 7 к2",70000001027150470,Снк стоматология,branch,,,1 этаж,,
"Скобелевская улица, 12",4504127908482085,"Мк-Дент, стоматологический центр",branch,,,1 этаж,,
"Пресненская набережная, 8 ст1",70000001055529792,"Smile.StoreAme, стоматологический кабинет",branch,,,301 офис; 30 этаж,,
"улица Бажова, 8",4504127915177916,"Стомат-престиж, стоматологическая клиника",branch,,,2 этаж,,
"улица Лётчика Грицевца, 8",70000001069169211,#моястоматология,branch,,,1 этаж,,
,70000001049973852,"Улыбка Ниа Дент, стоматологическая клиника",branch,,,1 этаж,,
"Симферопольский проезд, 1",70000001095331992,"Фэнтези Дент, стоматологическая клиника",branch,,,1 этаж,,
"улица Лескова, 19а ст2",70000001039207653,Стоматологическая клиника доктора Арустамяна,branch,,,2 этаж,,
"Онежская улица, 17 к5",70000001043039677,"Сияние, стоматологическая клиника",branch,,,,,
"Высоковольтный проезд, 1 ст49",70000001049904604,Твоя стоматология,branch,,,126 офис; 1 этаж,,
"Октябрьский проспект, 209",70000001068509397,"Арева-дент, центр стоматологии",branch,,,1 этаж,,
"Волгоградский проспект, 96 к4",70000001006214993,Клиника доктора Климовицкой,branch,,,1 этаж,,
"Митинская улица, 23",70000001056617174,"Зубной мост, стоматологический центр",branch,,,1 этаж,,
"улица Главного Конструктора В.И. Адасько, 7 к2",70000001057509516,"Саар, стоматологическая клиника",branch,,,1 этаж,,
"микрорайон В, 57",4504127916385817,"Андромеда, стоматологический центр",branch,,,2 этаж,,
"улица Судакова, 14",4504127909081029,"Династия, стоматологическая клиника",branch,,,,,
"Новая площадь, 8 ст2",70000001052674476,"В Голливуд, стоматологическая клиника",branch,,,1 этаж,,
"Колокольников переулок, 2/6",70000001062590086,"A.g.a.e.m dental, стоматологическая клиника",branch,,,4 этаж,,
"Перовская улица, 39 к2",4504127908417021,"Дина, стоматологическая клиника",branch,,,1 этаж,,
"проспект Мира, 102 ст27",70000001043301571,"Dsdental, стоматологический кабинет",branch,,,314 офис; 3 этаж,,
"Новороссийская улица, 3",70000001091793278,"Adiona, стоматологическая клиника",branch,,,1 этаж,,
"Шипиловский проезд, 61 к1",4504127908568260,"Целитель, стоматологический центр",branch,,,,,
"улица Грабина, 3",70000001019049129,"Мир здоровья, медицинский центр",branch,,,1 этаж,,
"улица Двинцев, 8",70000001076207834,"Двинцев 8, стоматологическая клиника",branch,,,,,
"Профсоюзная улица, 25",70000001045627229,"Династия, стоматологическая клиника",branch,,,1 этаж,,
"проспект Астрахова, 5а к3",70000001094417623,"Сатори-дент, стоматология",branch,,,1 этаж,,
"Саранская улица, 4/24",4504127908568539,Стоматологический кабинет врача Кудымова,branch,,,,,
"Скандинавский бульвар, 7",70000001098915184,"Эвита Альянс, стоматологическая клиника",branch,,,2 этаж,,
"проспект Мельникова, 23/2",4504127909076195,"Натали, стоматологическая клиника",branch,,,1 этаж,,
"посёлок подсобного хозяйства Воскресенское, 34",70000001049881195,Стоматология №1,branch,,,1 этаж,,
"Староалексеевская улица, 20",70000001093998020,Стоматология Ивана Пентелюка,branch,,,,,
"улица Михалевича, 18",70000001023682101,"Гамма-дент, стоматология",branch,,,2 этаж,,
"улица Радиоцентра 5, 16",70000001006715775,Стоматологическая клиника доктора Кулагиной,branch,,,,,
"Бородинский бульвар, 15",70000001035952025,"Арктика, стоматологический центр",branch,,,1 этаж,,
"улица Полковника Милиции Курочкина, 5",70000001029823501,Медицинский центр на Курочкина,branch,,,2 этаж,,
"Смоленский бульвар, 15",4504127908666901,"Эталон-С, стоматологическая клиника",branch,,,1 этаж,,
"Комсомольский переулок, 61",70000001030157331,"Лавадент, стоматология",branch,,,,,
"Советская улица, 1Б",70000001038223104,"Арт дент, стоматологическая клиника",branch,,,2 этаж,,
"Новомарьинская улица, 15",4504127908391037,"Дента Мax, стоматологическая клиника",branch,,,1 этаж,,
"Староватутинский проезд, 17",4504127908775456,"Стома-Т, стоматологическая клиника",branch,,,1 этаж,,
"Молодёжная улица, 26в",70000001062278279,"3 Дент Про, стоматологическая клиника",branch,,,1 этаж; вход с торца дома,,
"улица Василисы Кожиной, 14 к3",70000001025554356,"Медспектрум С, Стоматологическая клиника",branch,,,1 этаж,,
"Шарикоподшипниковская улица, 13а",70000001045186252,"Ariana, стоматологическая клиника",branch,,,408 офис; 3 этаж,,
"улица Красного Маяка, 22 к5",70000001049881157,Стоматология Елены Вильченко,branch,,,1 этаж,,
"Марьинский микрорайон, 4",70000001030155160,"Стоматолог и Я, стоматологическая клиника",branch,,,1 этаж,,
"Мясницкая улица, 24/7 ст1",4504127908528871,"Стеллс-Стом, стоматологический центр",branch,,,96 офис; 1 этаж; 10 подъезд,,
"улица Грина, 24",70000001007435880,"Гета-Мед, стоматологическая клиника",branch,,,,,
"Гражданская улица, 4",70000001023908302,"Коммус, стоматологический центр",branch,,,1 этаж,,
"Новая улица, 49",70000001021162187,"Скай дентал, стоматология",branch,,,1 этаж,,
"Заречная улица, 4а",70000001087225011,"Дентел, стоматологическая клиника",branch,,,1 этаж,,
"1-й микрорайон, 74",70000001023568053,"Амальгама плюс, стоматологическая клиника",branch,,,2 этаж,,
"улица 1 Мая, 19д",70000001028214114,Стоматологический кабинет,branch,"Егорьевск, улица 1 Мая, 19д",Частный дом,цокольный этаж,,
"Зеленоград, к602",70000001105907644,"ЭврикаДент, стоматологическая клиника",branch,,,,,
"улица Чугунова, 43",70000001007462949,"Аэроплан, стоматологическая клиника",branch,,,1 этаж,,
"улица Тельнова, 3/2",70000001029484618,"Солдент, стоматологическая клиника",branch,,,2 этаж,,
"Щербаковская улица, 50",70000001098574008,"Garunov clinic, стоматологический кабинет",branch,,,1 этаж; вход через аптеку Горздрав,,
"2-я улица Марьиной Рощи, 22",70000001064939980,"Rt Dent, стоматологическая клиника",branch,,,1 этаж,,
"Ставропольская улица, 70",4504127908568890,"Эверест-Лида, стоматологический центр",branch,,,1 этаж,,
"проезд Павла Блинова, 6",4504127908855648,"Глянец, стоматологическая клиника",branch,,,3 офис; 1 этаж,,
"Верхние Поля улица, вл56 ст6",70000001021233806,"Радуга, медицинский центр",branch,,,1 этаж,,
"Краснолиманская улица, 21",70000001105996202,"Лаки-Дент, стоматологическая клиника",branch,,,,,
"Воротынская улица, 12",4504127908464816,"Майдент, стоматологический кабинет",branch,,,1 этаж,,
"Святоозёрская улица, 14",70000001037067464,"СК Профидент, стоматологический центр",branch,,,,,
"улица 3-е Почтовое отделение, 61 к1",70000001089624248,"Семья, стоматологическая клиника",branch,,,1 этаж,,
"Можайское шоссе, 100а",70000001063701045,"Dr. Abramyan, авторская клиника эстетической стоматологии",branch,,,20 кабинет; 2 этаж,,
"Парадный проезд, 2/7",70000001087225040,"См, стоматологическая клиника",branch,,,,,
"Колхозная улица, 14а",70000001087269246,"АлТоМед, медицинский центр",branch,,,,,
"Можайское шоссе, 52",70000001087268320,ClinicYouClinic,branch,,,,,
"Писково деревня, 121",70000001041221448,"Гринфилд, стоматологический центр",branch,,,1 этаж,,
"Балаклавский проспект, 16 к2",70000001058825328,"Стомимплант, стоматологический центр",branch,,,1 этаж,,
"Красная улица, 58",70000001029486514,"Ефремдент-и, стоматологическая клиника",branch,,,1 офис; 1 этаж,,
"Ленинская улица, 14",4504128908580626,"Дентос Люкс, стоматологическая клиника",branch,,,1 этаж,,
"Развилка посёлок, 45",4504127916225839,"Диво-дент, стоматологическая клиника",branch,,,7 офис; 1 этаж,,
"жилой комплекс Бутово-Парк, 18",70000001019079325,"Лилидент, стоматологическая клиника",branch,,,1 этаж,,
"улица Льва Яшина, 5 к3",70000001054265264,"Зубкино, стоматология",branch,,,1 этаж,,
"улица Ленина, 4д",70000001105737886,"Лимед, клиника",branch,,,"2, 3 этаж",,
"деревня Новинки, 115 ст2",4504128908447148,Стоматологическая клиника доктора Тарасенко,branch,,,1 этаж,,
"Калошин переулок, 4",70000001023125182,"Клуб 32, стоматологический центр",branch,,,1 этаж,,
"2-я Пилотная улица, 29",4504127909310812,"Стоматолог, стоматологический центр",branch,,,1 этаж,,
"улица Кирова, 51",4504127908502129,"Персона, стоматологическая клиника",branch,,,,,
"улица Михаила Марченко, 10",70000001023309401,"Премиум, стоматологический центр",branch,,,70 помещение; 1 этаж,,
"улица Архитектора Власова, 6",4504127908455383,"Воронцовский, дом здоровья",branch,,,1 этаж; вход с торца,,
"улица Зелинского, 10а",70000001076575594,"Мой ортодонт, стоматологическая клиника",branch,,,1 этаж,,
"Ферганская улица, 8а",4504127908376577,"ВиА Дент, стоматологический кабинет",branch,,,3 этаж,,
"Саларьевская улица, 9",70000001067048687,"Соллерс, стоматологическая клиника",branch,,,,,
"Щёлковское шоссе, 17",4504127908472186,"Мастердент, стоматологическая клиника",branch,"Москва, Щёлковское шоссе, 17",Медицинское учреждение,1 этаж,,
"Зеленоград, к1825",70000001029201372,"Никорёнок, детский стоматологический центр",branch,,,2 этаж,,
"Солнечная улица, 17",70000001033043677,"Леодент, стоматологический центр",branch,,,,,
"улица Кравченко, 9",4504127908622640,"Вайт дент, лечебно-профилактическая клиника",branch,,,цокольный этаж,,
"улица Главного Конструктора В.И. Адасько, 7 к3",70000001023630089,"Семья, стоматологический центр",branch,,,2 этаж,,
"Рабочая улица, 9",70000001078554782,"На Рабочей 9, медицинский центр",branch,,,1 этаж,,
"улица Лебедевой, 10",70000001075542636,"Studiodent, медицинский центр",branch,,,2 этаж,,
"Волгоградский проспект, 32 к2",70000001049861220,"T&Y, стоматологическая клиника",branch,,,2 этаж,,
"улица Творчества, 5",70000001033005867,Стоматологическая клиника,branch,,,1 этаж,,
"улица Говорова, 6",4504127908670156,"Говорово, лечебно-оздоровительный центр",branch,,,1 этаж,,
"Волоколамское шоссе, 71/13 к1",70000001104616626,"U-Dental, стоматологическая клиника",branch,,,1 этаж,,
"Обуховский проезд, 2/26",70000001049881179,"Эстедент, стоматологическая клиника",branch,,,1 этаж,,
"улица Панфилова, 17",70000001060507275,"Sinatra, студия отбеливания зубов",branch,,,,,
"Юрловский проезд, 11",4504127915444927,"Doctor Hit Smile, стоматологическая клиника",branch,,,1 этаж,,
"Ленинградский проспект, 5 ст2",4504127908392097,"Дента-практик, стоматологическая клиника",branch,,,1 этаж; 1 подъезд,,
"улица Бажова, 24 к2",70000001006315606,"Лигадент на ВДНХ, стоматологическая клиника",branch,,,1 этаж,,
"Святоозёрская улица, 21",4504127908403900,"ДЦК-Стом, стоматологическая клиника",branch,,,1 этаж,,
"Варшавское шоссе, 70 к3",4504127908532391,"Стом-Дарт, стоматологическая клиника",branch,,,1 этаж,,
"Радужный проезд, 1",70000001007148556,"Формула Дент 2, стоматологическая клиника",branch,,,3 офис; 1 этаж,,
"Кочновский проезд, 4 к1",70000001020327135,"Палома Бланка, стоматологический центр",branch,,,2 этаж; вход со двора; рядом подъездом №1 корпуса №1,,
"Шенкурский проезд, 3Б",70000001024012728,"ДентоСпас, стоматологическая клиника",branch,,,3 этаж,,
"переулок Печатников, 20 ст1",70000001048392593,"ДентаЛэнд, стоматологическая клиника",branch,,,,,
"Огородный проезд, 20 ст27",4504128908802472,СимплиМед Стом,branch,,,1 этаж,,
"Варшавское шоссе, 160 к1",70000001036496266,"Доктор Литвин, стоматологический кабинет",branch,,,1 этаж,,
"Тимирязевская улица, 17 к1",4504127909073531,"Дента комфорт, стоматологическая клиника",branch,,,1 этаж,,
"проспект Мельникова, 31",70000001026769910,"Арс, стоматологический центр",branch,,,1 этаж,,
"Дубнинская улица, 3",4504127908463822,"Лимко Дент, стоматологическая клиника",branch,,,1 этаж; вход со двора,,
"Люблинская улица, 78 к3",70000001062952597,"Династия, стоматологическая клиника",branch,,,1 этаж,,
"Набережная улица, 12а",70000001055122187,"360, стоматологическая клиника",branch,,,,,
"Новочеркасский бульвар, 10 к1",4504127908416564,"Мисо Дентал Центр, стоматологическая клиника",branch,,,3 этаж,,
"Гурьевский проезд, 15 к2",4504127908364203,"Стоматология 32, стоматологический центр",branch,,,1 этаж,,
"улица Вавилова, 7",4504127908568373,"Частная практика Ирины Зайцевой, стоматологическая клиника",branch,,,4 этаж,,
"Большая Почтовая улица, 28 к7",70000001068840953,"Смайл-Н, стоматологический центр",branch,,,1 этаж,,
"Отрадная улица, 1",4504127908463507,"Лейкодент, стоматологическая клиника",branch,,,1 этаж,,
"2-й Кабельный проезд, 2а",4504127916414594,"Спектр Мед, стоматологическая клиника",branch,,,2 этаж,,
"улица Лескова, 10",4504127917712828,Стоматологическая клиника,branch,,,1 этаж,,
"улица Александра Солженицына, 6а ст1",70000001075193027,"Превент-Дент, стоматологическая клиника",branch,,,2 этаж,,
"Новокосинская улица, 43",4504127908657195,"Экспресс-дантист, стоматологическая клиника",branch,,,1 этаж,,
"Молодёжная улица, 52",4504127915628993,"Денто-Зар, стоматологическая клиника",branch,,,1 этаж,,
"Кутузовский проспект, 35",70000001038593394,"Мск, стоматология",branch,,,1 этаж,,
"Кантемировская улица, 5 к4",4504127908510187,"Реюньон, стоматологическая клиника",branch,,,1 этаж,,
"улица Грина, 40",70000001038699258,"Квазар, профессорская стоматология",branch,,,1 этаж,,
"Петрозаводская улица, 19 к3",4504127915647605,"Денио, стоматологическая клиника",branch,,,,,
"Южнобутовская улица, 75",70000001097448854,"G.T., стоматологическая клиника",branch,,,,,
"Люблинская улица, 78 к2",70000001075880911,Стоматологический центр №1,branch,,,1 этаж,,
"Новокуркинское шоссе, 51",4504127908461536,"Куркино, стоматологический центр",branch,,,1 этаж,,
"Большой Тишинский переулок, 10 ст1",70000001007102077,Стоматологическая студия доктора Барановой,branch,,,1 этаж,,
"Школьная улица, 49",70000001049207729,"Комфорт Дент, стоматология",branch,,,1 этаж,,
"Кастанаевская улица, 26",70000001101142511,Md-Smile Clinic,branch,,,,,
"Отрадная улица, 2",70000001076471344,"Dentalife, стоматологическая клиника",branch,,,1 этаж,,
"улица Генерала Антонова, 5 к4",70000001049821775,"Ортолайн, стоматологическая клиника",branch,,,1 этаж,,
"Одесская улица, 2 к C",70000001049880859,Стоматологический центр,branch,,,8 кабинет; 4 этаж; вход по пропускам,,
"Дмитровское шоссе, 165е к5",70000001041155963,"ВарДент, стоматологическая клиника",branch,,,,,
"деревня Барвиха, 85/1",70000001037750504,"AestheticA, стоматологическая клиника",branch,,,3 этаж,,
"улица Маршала Рыбалко, 2 к9",70000001058776233,"Мега Дент Плюс, семейная стоматология",branch,,,230 офис; 2 этаж; 5 подъезд,,
"Новая улица, 21",70000001061534093,"Стоматология, г. Реутов",branch,,,1 этаж,,
"Георгиевская улица, 9",70000001097039647,"Ардент, стоматологическая клиника",branch,,,,,
"улица Бориса Пастернака, 43",70000001054805656,"ЛеоМед, медицинский центр и стоматология",branch,,,1 этаж,,
"Туристская улица, 7",70000001097018552,"Зубная Планета, стоматологическая клиника",branch,,,,,
"Волгоградский проспект, 110 к3",4504127908567896,"Свой Дантист, стоматологическая клиника",branch,,,цокольный этаж,,
"Минская улица, 1г к1",70000001102126138,"Esseclinic, стоматологическая клиника",branch,,,11 секция; цокольный этаж,,
"Варшавское шоссе, 126",4504127908427192,"Евродент, стоматологический центр",branch,,,1 этаж,,
"улица Полиграфистов, 11Б",70000001006761662,"Дент Асс, стоматология",branch,,,1 этаж,,
"улица Авиаконструктора Миля, 8 к1",70000001093432431,"Dr. Жулебино, клиника",branch,,,,,
"Северный бульвар, 7Б",4504127908416970,"Vitastom.ru, стоматологическая клиника",branch,,,2 этаж,,
"улица Спиридоновка, 27/24",4504128908981419,SmileCouture,branch,,,1 этаж,,
"Луговой проезд, 12 к1",70000001078532176,"Alfa Dent, стоматологическая клиника",branch,,,1 этаж,,
"улица Микояна, 18",4504127908446509,"Карат-клиник, стоматологическая клиника",branch,,,,,
"Георгиевский проспект, 37 к3",70000001068423127,"МоДент, стоматологическая клиника",branch,,,напротив детской площадки,,
"Рассветная улица, 1",70000001060840495,"Астерия, стоматологический центр",branch,,,1 этаж,,
"Зеленоград, к445",70000001006497179,Центр детской и взрослой стоматологии,branch,,,1 этаж,,
"Мирской проезд, 16",70000001055276064,"Доверие, стоматологическая клиника",branch,,,1 этаж; вход со стороны Ozon,,
"Малая Калужская улица, 15 ст1",70000001026567287,Union Dental,branch,,,1 этаж,,
"улица Заморёнова, 21",4504127908464226,"Лю-дент, стоматологическая клиника",branch,,,,,
"Бакунинская улица, 60/2",4504127908382146,Центр лазерной стоматологии,branch,,,,,
"улица Плющиха, 43-47",70000001026168726,Стоматология на Плющихе,branch,,,,,
"улица Жирохова, 5",70000001054897333,"Ост, стоматологическая клиника",branch,,,1 этаж,,
"Садовая улица, 28а",70000001019654522,"Эстет Дент, стоматологическая клиника",branch,,,1 этаж,,
"Новоясеневский проспект, 1а",70000001079807923,"Юнидент, стоматология",branch,,,1 офис; 5 этаж,,
"улица Толбухина, 10 к4 ст2",4504127909215655,"СтомаФрэш, стоматологическая клиника",branch,,,2 этаж,,
"улица Столетова, 11",70000001041164701,"Мелиора Дент, стоматологическая клиника",branch,,,1 этаж,,
"улица Вавилова, вл4",70000001104324071,"Пландент, стоматологическая клиника",branch,,,1 этаж,,
"Булатниковский проезд, 6 к3",4504127908567796,"Фемида, стоматологическая клиника",branch,,,,,
"улица Колпакова, 2а",4504127920978177,"Дент-99, стоматологическая клиника",branch,,,1 этаж,,
"Открытое шоссе, 12 ст3",4504127908664332,"Дантист-М, стоматологическая клиника",branch,,,1 этаж,,
"3-й Хорошёвский проезд, 1 ст1",70000001007272018,"Хорошевская, стоматологическая клиника",branch,,,1 этаж,,
"улица Маркова, 9",70000001037173836,"Клиникдент, стоматологическая клиника",branch,,,,,
"1-я Владимирская улица, 10а ст1",4504127912287171,НИИ Натуротерапии,branch,,,4 офис; 1 этаж,,
"улица Юных Ленинцев, 89 к1",70000001031544770,"Smart Dental Clinics, стоматология",branch,,,2 этаж,,
"Осенний бульвар, 12 к9",70000001052268404,"Dent Alex, стоматологическая клиника",branch,,,1 этаж,,
"Гаражная улица, 1",70000001100887462,"Эйфория Дент, стоматология",branch,,,1 этаж,,
"Пионерская улица, 30 к15",70000001100984660,"Prime Dental by Dr. Rabiev, стоматологическая клиника",branch,,,,,
"Хорошёвское шоссе, 80",70000001103413209,Max-Dantist,branch,,,клиника Дента-Эль,,
"улица Правды, 23",70000001023577756,"В темпе жизни, стоматологическая клиника",branch,,,2 этаж,,
"Защитников Москвы проспект, 8",70000001036701792,"Диадент сервис, стоматологический центр",branch,,,1 этаж,,
"улица Михайлова, 29 к3",70000001052037170,"СимплиМед, клиника",branch,,,,,
"Набережная улица, 7",70000001080090137,ИмплантМед,branch,,,1 этаж,,
"Петровско-Разумовский проезд, 24 к2",70000001007511860,"Династия, стоматологическая клиника",branch,,,1 этаж,,
"улица Воронцовские Пруды, 3",70000001068226260,"Дентал Проф им. Ю.С. Ширшова, цифровая стоматологическая поликлиника инновационных технологий",branch,,,1 этаж,,
"Тайнинская улица, 9",70000001060628565,"Улыбочку!, стоматологическая клиника",branch,,,1 этаж,,
"улица Гримау, 10а ст2",4504127916409277,"Мед-ютас, медицинский центр",branch,,,1 этаж,,
"улица Кагана, 19",70000001076575615,"Академия улыбки, стоматологический центр",branch,,,1 этаж,,
"Татарская улица, 5 ст1",70000001087225697,Prive dental clinic,branch,,,,,
"2-я Владимирская улица, 4 к1",70000001007520861,"Клиника техно-дент, стоматологическая клиника",branch,,,1 этаж,,
"9-я Парковая улица, 27",4504127908566124,"Универсал, стоматологическая клиника",branch,,,2 этаж,,
"Октябрьский проспект, 15Б",4504127915576457,"Стоматика, стоматологическая клиника",branch,,,1 этаж; вход с торца,,
"Чонгарский бульвар, 1 к2",70000001020927152,Стоматология доктора Емельяновой,branch,,,1 этаж,,
"улица Гиляровского, 76 ст2",70000001045755420,"Алтеро Дент, стоматологический центр",branch,,,1 этаж,,
"Библиотечная улица, 8/2",70000001022189409,"Керамист, стоматологическая клиника",branch,"Химки, Библиотечная улица, 8/2",Медицинское учреждение,"1, 2 этаж",,
"Ясная улица, 6",70000001040285706,Стоматологическая клиника,branch,,,,,
"Привольная улица, 75 к1",4504127909067897,"Эгида-стом, стоматологическая клиника",branch,,,1 этаж,,
"улица Текстильщиков, 7а",4504127918297650,"Бор-Мастер, стоматологический центр",branch,,,1 этаж,,
"улица Трофимова, 22 к1",70000001007510038,"Алонта Дентал Клиник, стоматологический центр",branch,,,1 этаж,,
"улица Евстафьева, 9а",4504127920365849,"Эстетик Дент, стоматологическая клиника",branch,,,1 этаж,,
"площадь Ленина, 5",70000001033992661,"Ева-Дент, стоматология",branch,,,206 кабинет; 2 этаж,,
"Мотяково деревня, 66 к28",70000001053948793,Стоматологии Подмосковья,branch,,,2 этаж,,
"улица Дугина, 9",4504127916342810,"Каштанoff, стоматологическая клиника",branch,,,,,
"улица Горького, 8",70000001041484792,"Доверие, студия эстетической стоматологии",branch,,,11 офис; 1 этаж,,
"улица Дыбенко, 22 к1",70000001053926254,"Тари Стом, стоматологическая клиника",branch,,,1 этаж,,
"улица Маршала Бирюзова, 13",4504127908427622,"Жемчуг, стоматологическая клиника",branch,,,1 этаж,,
"проспект Космонавтов, 36Б",70000001019516365,"Натура дент, стоматология",branch,,,2 этаж,,
"Плавский проезд, 2",70000001092858330,"ManDent, клиника",branch,,,,,
"улица Кравченко, 9",70000001103947190,Кабинет стоматолога Даллакян Д.В.,branch,,,3 офис; вход со двора,,
"Задорожная улица, 3а",4504127917231515,"Кас+, стоматологический центр",branch,,,1 этаж,,
"Зарайская улица, 47 к2",4504127909078070,"Добрый доктор+, стоматологическая клиника",branch,,,,,
"Гаражная улица, 1",70000001022966408,"Стома-Люкс, стоматологический центр",branch,,,1 этаж,,
"Солнечная улица, 18а",70000001046685133,"Доктор-дент, стоматологическая клиника",branch,,,,,
"Леволинейная улица, 41",70000001100179351,"Здоровая улыбка, медицинский центр",branch,,,,,
"Совхозная улица, 3",4504128908581361,"Эстет-Дент, стоматологическая клиника",branch,,,"2 офис; 2 этаж; на втором этаже, вход справа от кафе Фрау Клара",,
"Новомарьинская улица, 30",70000001034236167,"Today`s Dental, стоматология",branch,,,1 этаж,,
"улица Щепкина, 13",70000001017312046,Центр клинической стоматологии,branch,,,1 этаж,,
"Большая Учительская улица, 4",70000001024034560,"Идеальная улыбка, стоматология",branch,,,цокольный этаж,,
"Россошанский проезд, 6",70000001036925902,"Dент-и-я, стоматологический центр",branch,,,,,
"Южный микрорайон, 14",70000001081579435,"SaidDent, стоматологическая клиника",branch,,,1 этаж,,
"Комсомольская улица, 10 к1",70000001021733323,"Прокси дент, стоматологическая клиника",branch,,,4 помещение; 1 этаж,,
"Большая Серпуховская улица, 14/13 ст1",70000001031352431,"АйДентист, стоматология",branch,,,39 офис; 3 этаж,,
"Чечёрский проезд, 44",70000001087518494,"СмайлЭстет, стоматологическая клиника",branch,,,1/1 помещение; 1 этаж,,
"улица Героев Панфиловцев, 18 к2",70000001104617782,"Osmadent, стоматология",branch,,,,,
"Новослободская улица, 71",4504127908436433,"Инненди, стоматологическая клиника",branch,,,,,
"улица Генерала Белова, 28 к3",70000001022217975,"Соланждент, стоматологический центр",branch,,,1 этаж; вход с ул. Каширское шоссе,,
"Базовая улица, 2",70000001024688177,Стоматологический кабинет доктора Стрельникова,branch,,,2 этаж,,
"Городская улица, 1",70000001051618912,"А-Лина, стоматологическая клиника",branch,,,1 этаж,,
"Большая Грузинская улица, 20",70000001066604250,"Дентэст, клиника",branch,,,цокольный этаж,,
"улица 3-го Интернационала, 80",70000001029238344,"Богородская медицинская компания, отделение восстановительной медицины и стоматологии",branch,,,1 этаж,,
"улица Текстильщиков, 31г",70000001087321255,"Денталь, стоматологическая клиника",branch,,,01 помещение,,
"Революционный проспект, 16",70000001100555508,"Знакомый доктор, стоматологическая клиника",branch,,,,,
"Ковров переулок, 4 к2",70000001006915534,"Камертон, стоматологическая клиника",branch,,,1 этаж,,
"Киевская улица, 18",70000001110108118,ОптиСмайл,branch,,,,,
"Волгоградский проспект, 32 к11",70000001033503416,Стоматология доктора Сергеева,branch,,,1 этаж,,
"улица Атарбекова, 4",70000001048713694,"Дантист&док, стоматологический центр",branch,,,1 этаж; вход с ул. Преображенская,,
"улица Академика Бакулева, 10",4504127915559162,"Вита+, стоматологический центр",branch,,,2 этаж,,
"Шоссейная улица, 14/1",70000001057624424,"Сакура, стоматологический центр",branch,,,1 этаж,,
"Мясницкая улица, 24/7 ст1",70000001082990194,Кабинет стоматолога Мурашовой,branch,,,115 офис; 3 этаж,,
"2-я Вольская улица, 7 к1",70000001019031490,Стоматологическая клиника,branch,,,1 этаж,,
"бульвар Академика Ландау, 5 к1",70000001069349509,"Дентинум, стоматологическая клиника",branch,,,1 этаж,,
"Институтский переулок, 12",70000001078775358,"Smile up, стоматология",branch,,,1 этаж,,
"Перуновский переулок, 4-10",4504128908417392,"Ека-стом, стоматология",branch,,,1 этаж,,
"улица Сокольнический Вал, 50 к2",4504128908460462,"32 жемчужины, центр стоматологии",branch,,,1 этаж,,
"улица Сущёвский Вал, 16 ст4",70000001033349991,"Астрастомкомпани, стоматологическая клиника",branch,,,1 этаж,,
"Каланчёвская улица, 32",70000001093976851,"Well.Being, кабинет ортодонта",branch,,,"1 этаж; стоматологическая клиника ""Ester""",,
"улица Казакова, 3 ст4",4504127908381148,"Воладент, стоматологический центр",branch,,,1 этаж; вход в арку,,
"Коммунистическая улица, 53",70000001043721263,"Медицина, медицинский центр",branch,,,1 этаж,,
"Большая Серпуховская улица, 60",70000001062146608,"Р.И. клиник, стоматологическая клиника",branch,,,1 этаж,,
"Большой Дровяной переулок, 20 ст1",70000001092603425,"Мак, стоматологический кабинет",branch,,,,,
"улица Пресненский Вал, 14 к3",70000001038495717,"Степ ту Дент, стоматологическая клиника",branch,,,1 этаж,,
"Духовской переулок, 19 ст2",70000001087225234,Ортодонтическая студия доктора Афанасьевой,branch,,,,,
"Варшавское шоссе, 10",4504127908426328,"Доктор Фокин, стоматологическая клиника",branch,,,"1, 2 этаж",,
"Конюшковская улица, 30 ст3",4504128908726214,"Интеллдент, стоматологический центр",branch,,,3 этаж,,
"улица Мишина, 26",70000001032784469,"Sky dent, стоматологическая клиника",branch,,,1 этаж,,
"Хлебников переулок, 4 ст2",70000001079698415,Стоматологический центр Овсянкина В.А.,branch,,,,,
"проспект Мира, 124 к10",70000001102617264,"Стоматолог, медицинский стоматологический производственный кооператив",branch,,,цокольный этаж,,
"Ленинградский проспект, 74 к2",4504127908430501,"Евродент, стоматологическая клиника",branch,,,1 этаж,,
"микрорайон Белая Дача, 22",70000001032809457,"Гэриус-Мед, медицинский центр",branch,,,1 этаж,,
"Андропова проспект, 8",70000001103614514,"GgbClinic, стоматологическая клиника",branch,,,35 офис; 6 этаж,,
"улица Володарского, 14",70000001023112917,"Артемидастом, стоматологический центр",branch,,,2 этаж,,
"Ясеневая улица, 30 ст2",4504127908463677,"Ли&Лу, стоматологический центр",branch,,,,,
"улица Маршала Жукова, 11а",70000001006764189,"MaxiLife, центр красоты и здоровья",branch,,,цокольный этаж,,
"Кунцевская улица, 4 к1",70000001007433713,"Swiss Tek Dental, стоматологическая клиника",branch,,,,,
"2-я Кабельная улица, 10",70000001111308062,Кабинет детского стоматолога,branch,,,,,
"4-я Гражданская улица, 36",4504127915360395,"Cтар-Дент, стоматологическая клиника",branch,,,1 этаж,,
"улица Говорова, 50",4504127920682935,"Санамед-с, стоматологический центр",branch,,,11 офис; 1 этаж,,
"Ломоносовский проспект, 25 к1",70000001007406817,"Институт традиционной медицины, клиника",branch,,,1 этаж,,
"Энергетическая улица, 3",70000001020261854,"Доктор Демидов, стоматология",branch,,,1 этаж,,
"Земская улица, 8",70000001062868158,"БриллиДент, стоматология",branch,,,1 этаж,,
"улица Красная Сосна, 3",70000001079209318,"Улыбка сервис, стоматология",branch,,,1 этаж,,
"улица Большое Понизовье, 3",70000001086731574,"Nor-art dent, стоматология",branch,,,,,
"Дмитровское шоссе, 74 к1",70000001041914958,"Астрадент, стоматологическая клиника",branch,,,,,
"Нижняя улица, 6",4504127910218215,"Реформа, стоматологическая клиника",branch,,,1 этаж,,
"улица Тихомирова, 17 к1",70000001025010804,"Den-style, стоматологическая клиника",branch,,,1 этаж,,
"Краснобогатырская улица, 90 ст1",70000001044890215,"Интдент, стоматологическая клиника",branch,,,1 этаж,,
"улица Коминтерна, 15",70000001098033217,Стоматология Доктора Шабанова,branch,,,1 этаж,,
"улица Архитектора Власова, 18",4504127909216915,"Даним, стоматологическая клиника",branch,,,2 этаж,,
"улица Гагарина, 85",4504127916018245,"Бор-мастер, стоматологический центр",branch,,,1 этаж,,
"улица 800-летия Москвы, 18",4504127919344314,"Леге артис, стоматологический центр",branch,,,,,
"улица Гризодубовой, 8",70000001020111267,Стоматологическая клиника Стражниковой Е.Ю.,branch,,,,,
"Зеленоград, к2043",70000001045080894,"Дентал-Артс, стоматологический центр",branch,,,,,
"Юго-Запада 38-й квартал, к5а",70000001062522550,"Пломбир, стоматологическая клиника",branch,,,,,
"Ленинградское шоссе, 15",70000001109854619,Стоматология,branch,,,,,
"улица Руставели, 17а",4504127908568602,Стоматологическая клиника,branch,,,1 этаж,,
"Балаклавский проспект, 8а",4504127917102676,"Стоматология в Чертаново, стоматологический центр",branch,,,1 этаж,,
"улица Луначарского, ст8а",70000001033134460,"Леда +, стоматологическая клиника",branch,,,2 этаж,,
"улица Удальцова, 50",70000001036679772,"Kalinin dentistry, стоматологическая клиника",branch,,,1 этаж,,
"Ленинский проспект, 134",70000001068010917,"Avevita, стоматология",branch,,,,,
"Донецкая улица, 2",70000001075104648,Стоматологический кабинет,branch,,,1 этаж,,
"улица Чехова, 4а",4504127920769570,Стоматологический кабинет,branch,,,1 этаж,,
"Лучистая улица, ст1Б",70000001083388194,"Элемент Здоровья, стоматология",branch,,,,,
"Новороссийская улица, 24 к2",70000001097568074,"Позитив, г. Москва",branch,,,,,
"улица Михайлова, 30а к2",70000001110500307,"Эверест, стоматология",branch,,,,,
"улица Народного Ополчения, 2",4504128908609313,"Виктория, стоматологическая клиника",branch,,,2 помещение; 1 этаж,,
"Шипиловский проезд, 39 к2",70000001028121829,"Светландия, стоматологическая клиника",branch,,,5 офис; 3 этаж,,
"Андропова проспект, вл10",70000001087224681,"Персональная студия виниров, стоматологическая клиника",branch,,,14 этаж,,
"Пионерский переулок, 33а",70000001088936043,"Кредо, стоматология",branch,,,,,
"Тепличная улица, 2",70000001094098189,"Denticon, стоматологическая клиника",branch,,,1 этаж,,
"улица Коштоянца, 47 к1",70000001103911880,"Al dental, центр современной стоматологии",branch,,,,,
"улица Борисовка, 8",70000001006567926,"Планета красивых зубов, стоматологическая клиника",branch,,,2 помещение; 1 этаж,,
"Ленинский проспект, 123",70000001007471262,"Асдент, стоматологический центр",branch,,,2 этаж,,
"проспект Гагарина, 8/7",70000001019259018,"Болинет, стоматологический центр",branch,,,,,
"улица Стромынка, 21 к1",70000001031990867,Стоматология доктора Халидова,branch,,,1 этаж,,
"улица Александры Монаховой, 80 к2",70000001066537973,"Zizi Dent, стоматология",branch,,,,,
"улица Борисовские Пруды, 16 к4",70000001068323574,Мастерская по ремонту зубных протезов,branch,,,508 офис; 5 этаж,,
"улица Академика Анохина, 9",70000001095329073,"Лавдент, частная стоматология",branch,,,,,
"улица Борисовка, 14",70000001110950581,"Дм Клиник, стоматология",branch,,,,,
"Братиславская улица, 33",4504127917376498,Стоматологическая клиника,branch,,,1 этаж,,
"Средняя Первомайская улица, 10",70000001006390173,"Доктор Прохоренков, стоматологическая клиника",branch,,,1 помещение; 1 этаж,,
"улица Наташи Ковшовой, 23",70000001040308141,Стоматологическая клиника,branch,,,1 этаж,,
"Ленинградское шоссе, 116",70000001080562573,Дент Север,branch,,,1 этаж,,
"проспект Астрахова, 4",70000001067197681,"Донтия+, стоматологическая клиника",branch,,,1 этаж,,
"улица Строителей, 7 к3",70000001093945422,"Столичная поликлиника №1, Стоматология",branch,,,5Н помещение,,
"Можайское шоссе, 21 к1",70000001110816936,"Family Doc Dent, стоматологическая клиника",branch,,,1 этаж,,
"Заводская улица, 24",4504127908532635,"Видент, стоматологическая клиника",branch,,,1 этаж,,
"улица Энгельса, 27",70000001039552644,"С-Клиник, стоматологическая клиника",branch,,,12 офис; 2 этаж,,
"деревня Дудкино, вл12",70000001048722294,"Дента-арс, стоматологическая клиника",branch,,,1 этаж,,
"1-я Новая улица, ст1",70000001055403088,"ВипДент, стоматология",branch,,,2 этаж,,
"улица Соловьиная Роща, 2",4504127911384883,"Апекс-Д, клиника дентальной имплантации",branch,,,,,
"проспект Мельникова, 16",4504127917075208,Vaxco.ru,branch,,,1 этаж,,
"Митинская улица, 10 к1",70000001006714601,"Оптимадент, стоматологическая клиника",branch,,,,,
"Новая улица, 8в",70000001006814823,"Жемчуг, стоматологическая клиника",branch,,,цокольный этаж,,
"2-й Гончарный переулок, 3",70000001030765417,"Dream dent, стоматологическая клиника",branch,,,цокольный этаж,,
"улица Гурьянова, 19 к2",4504127915652747,"Марклиника, стоматологический кабинет",branch,,,1 этаж,,
"улица Пушкинская, 15",4504127915937848,"Надежда, многопрофильный медицинский центр",branch,,,1 этаж,,
"Октябрьский проспект, 293/301",4504127919751567,"Галадент, стоматологический кабинет",branch,,,1 этаж,,
"Цветной бульвар, 19 ст4",70000001093729205,"Москва-Мед, медицинская стоматология",branch,,,1 этаж,,
"улица Луначарского, 16",70000001094106807,"Медикал Клаб, стоматологическая клиника",branch,,,,,
"Пяловская улица, 10",70000001100284927,"Serenity Space, центр стоматологии",branch,,,4 офис; 1 этаж,,
"микрорайон Птицефабрика, 35 к3",70000001109595746,"DVK-Dent, стоматология",branch,,,,,
"улица 25 лет Октября, 7",4504127908453036,"Корунд, стоматологическая клиника",branch,,,1 помещение; 1 этаж,,
"Комсомольская улица, 14",4504127908944125,Стоматологический кабинет,branch,,,1 этаж; 1 подъезд,,
"Озёрная улица, 11 к1",70000001024344772,"Карат дентал, центр стоматологии",branch,,,1 этаж,,
"улица Толмачёва, 1/2",70000001041133596,"White&smile, студия косметического осветление зубов",branch,,,,,
"улица Логинова, 5 к2",70000001084340727,"Eva Dent №1, стоматологическая клиника",branch,,,1 этаж,,
"улица 43-й Армии, 23",70000001110546631,Стоматологическая клиника доктора Андреечкина А.В.,branch,,,"31 помещение; вход с ул. 43-й Армии, напротив Никольского храма",,
"улица 60 лет Победы, 1",70000001032677579,"Олдента, стоматологический центр",branch,,,1 этаж,,
"Хлебозаводская улица, 2",70000001063391194,Стоматологическая клиника Гавриловых,branch,,,1 этаж,,
"Донская улица, 5",70000001075240183,"Алексадент, стоматологическая клиника",branch,,,1 этаж,,
"улица Корнилаева, 20",70000001104784448,"Серадент, стоматологическая клиника",branch,,,1 этаж,,
"Вокзальная улица, 15",70000001022781272,"Эстетика, стоматологическая клиника",branch,,,1 этаж,,
"Зеленоград, к1639",4504127909075973,"Дент Ди, стоматологическая клиника",branch,,,1 этаж,,
"Солнечная улица, 4",70000001033797557,"Зубной доктор, стоматологическая клиника",branch,,,,,
"улица Александры Монаховой, 98 к2",70000001040054135,"Альянс, стоматологическая клиника",branch,,,,,
"улица Гудкова, 20",70000001059647811,"Зуб, стоматологический центр",branch,,,,,
"проспект Мира, 24/1",70000001086836936,"Implant Story, стоматологическая клиника",branch,,,1 этаж,,
"проспект Маршала Жукова, 38 к1",4504127908496950,"Стомцентр на Жукова, 38, центр стоматологии и имплантологии",branch,,,1 этаж,,
"улица Жилинская, 27 к6",70000001032911114,"Никорёнок, детская стоматология",branch,,,2 этаж,,
"квартал КМЖЗ Мелодия леса, 3",70000001057283616,Стоматология,branch,,,цокольный этаж,,
"Ленинградское шоссе, 130 к3",70000001035982257,Центр инновационной стоматологии,branch,,,1 этаж,,
"Литовский бульвар, 26",70000001094371975,"Мелодент, стоматологическая клиника",branch,,,1 этаж,,
"Юбилейная улица, 24а",70000001028178757,"Твой доктор, стоматологическая клиника",branch,,,1 этаж,,
"улица Яковлева, 15",70000001066058935,"М-Клиник, медицинский центр",branch,,,2 этаж,,
"Полимерная улица, 10Б",4504127908972775,"Тари, стоматологический центр",branch,,,,,
"микрорайон Рекинцо, 14",70000001090818034,"Дента Люкс, стоматологическая клиника",branch,,,,,
"Лесная улица, 32",70000001033260233,"Вита-дент, стоматологическая клиника",branch,,,2 этаж,,
"Береговая улица, 24",70000001041296440,"Дантист, центр семейной стоматологии",branch,,,1 этаж,,
"Рогожская улица, 117",70000001022819399,"Ваш дантист плюс, стоматология",branch,,,1 этаж,,
"Западная улица, 20 к1",70000001023056416,"Стома-Люкс +, стоматологический центр",branch,,,1 этаж,,
"улица Панфилова, 2",70000001101897749,Сакура,branch,,,2 этаж,,
"улица Маршала Тухачевского, 32 к2",4504127908515261,"Райс-дент, стоматологическая клиника",branch,,,1 этаж,,
"улица Панфилова, 3",4504127916129694,"Студио-Дент, стoматологическая клиника",branch,,,2 помещение; 1 этаж,,
"улица Мира, 17",4504127918745040,Стоматологический центр,branch,,,1 этаж,,
"Бартеневская улица, 57 к2",4504128908528640,"Шарм-дент, стоматология",branch,,,1 этаж,,
"Адмирала Лазарева улица, 22",70000001018367956,"Дантист-Профи, стоматологическая клиника",branch,,,1 этаж,,
"Советская улица, 30",70000001022900955,"Стоматолог и Я, стоматологический кабинет",branch,,,цокольный этаж,,
"площадь Ленина, 11",70000001022911944,Стоматологическая клиника,branch,,,А306 офис; 3 этаж,,
"улица Маршала Савицкого, 6 к1",70000001032574663,"Эстет-а-дент, стоматологическая клиника",branch,,,1 этаж,,
"улица 3-го Интернационала, 39",70000001063573151,"Немо, стоматологическая клиника",branch,,,1 этаж,,
"улица Академика Легостаева, 8",70000001049748897,"Профессорская ЛК, стоматологическая клиника",branch,,,1 этаж,,
"Гостиничный проезд, 6 к2",70000001049880820,"Стома+с, стоматологическая клиника",branch,,,211 офис; 2 этаж,,
"улица Мичурина, 21а",70000001093855636,"Creative Stom, стоматологическая клиника",branch,,,1 этаж,,
"проспект Гагарина, 12",70000001035747258,"Клиника Знакомого Стоматолога, стоматологический центр",branch,,,,,
"Осташковская улица, 12а",4504127908390969,"Дента-Арс Медведково, стоматологическая клиника",branch,,,2 этаж,,
"Пионерская улица, 11",4504128908577030,"Дента вит+, стоматологический центр",branch,,,024 помещение; 1 этаж,,
"улица Свердлова, 33",70000001021549285,"Светдент, стоматологическая клиника",branch,,,1 этаж,,
"микрорайон Строителей, 40",70000001029999965,"Гармония улыбок, стоматологическая клиника",branch,,,477 помещение; 1 этаж,,
"переулок Васнецова, 9 ст2",70000001026567760,"Lbms, клиника стоматологии",branch,,,1 этаж,,
"Большой Златоустинский переулок, 7 ст1",70000001101761992,"Dentaltime, стоматологическая клиника",branch,,,3 этаж,,
"Большая Садовая улица, 14 ст6",70000001044214253,"Алстом, стоматологический центр",branch,,,416 офис; 4 этаж,,
"улица Дурова, 13/1",70000001087225586,Клиника улыбки,branch,,,1 этаж; вход с торца,,
"4-я Тверская-Ямская улица, 12 к2",4504127908568205,"Хороший дантист, стоматологическая клиника",branch,,,1 этаж,,
"Георгиевский проспект, 33 к6",70000001103463857,"Вк-дент, стоматология",branch,,,,,
"Большой Строченовский переулок, 15 ст1",4504127908488566,Стоматология на Строченовском,branch,,,1 этаж,,
"Советская улица, 12/10",70000001103450106,Авторская стоматология доктора Адамяна,branch,,,,,
"Новолесная улица, 4",70000001094449153,Стоматологическая клиника Инессы Фицеж,branch,,,1 этаж,,
"Луговая улица, 1Б",70000001048722306,"Дента-люкс, стоматология",branch,"Электроугли, Луговая улица, 1Б",Частный дом,,,
"Большой Дровяной переулок, 20 ст1",70000001069372670,"Doctor Elchin, стоматологический кабинет",branch,,,,,
"Большой Дровяной переулок, 20 ст1",70000001075511213,Стоматологический кабинет,branch,,,1 этаж,,
"Большой Дровяной переулок, 20 ст1",70000001087709284,"Private dental practice, стоматология",branch,,,,,
"улица Большие Каменщики, 3 ст2",70000001103424359,НикаМедикал,branch,,,1 этаж,,
"Дружинниковская улица, 11а",70000001109802247,"Овенто, стоматология",branch,,,,,
"улица Мусы Джалиля, 26 к1",4504127908545253,Стоматологическая клиника,branch,,,1 этаж,,
"улица Правды, 17/19",70000001055629215,Стоматологическая клиника,branch,,,1 этаж,,
"Нижняя Сыромятническая улица, 5 ст3а",70000001017280537,"Плутон, медсанчасть №1",branch,,,1 этаж,,
"улица Александра Солженицына, 40 ст2",70000001047056889,Метродент,branch,,,1 этаж,,
"Духовской переулок, 17 ст11",70000001088862507,"Альянс-про, стоматология",branch,,,1 этаж; лофт 2,,
"Бутырская улица, 62",4504127910949317,"Aldente, стоматологическая клиника",branch,,,1 этаж,,
"улица Генерала Белова, 51 к1",70000001006424613,"А-медик, медицинская клиника",branch,,,1 этаж,,
"проспект Кирова, 78",70000001023914674,"Жемчуг, стоматологическая клиника",branch,,,1 этаж,,
"улица Пушкина, 9",70000001035074012,Стоматологический центр,branch,,,1 этаж,,
"улица Девичье поле, 12 к4",70000001045508125,"Амедика, лечебно-диагностический центр",branch,,,1 этаж,,
"Фрунзенская набережная, 50",70000001049326711,"Внешстрoймаркет, стоматология",branch,,,цокольный этаж,,
"Русаковская улица, 7 ст3",70000001081199638,Семейная стоматология,branch,,,1 этаж,,
"улица Вавилова, 6",70000001087225170,"Dr.Daler, кабинет стоматолога",branch,,,7 кабинет; 1 этаж,,
"Петровско-Разумовский проезд, 15",4504127908364280,"Beautiful smile, стоматологическая клиника",branch,,,1 этаж,,
"улица Лихоборские Бугры, 10 к1",70000001047162171,"ЭстетДоктор, стоматологическая клиника",branch,,,1 этаж,,
"улица Гончарова, 19",4504127908489570,"Ваш доктор, стоматологическая клиника",branch,,,1 этаж,,
"Золоторожский проезд, 5",70000001093584497,"Приоритет дент, стоматологическая клиника",branch,,,,,
"улица Вучетича, 28 к5",4504127908380846,"Вита-К, стоматологическая клиника",branch,,,1 этаж,,
"5-й микрорайон, 10",70000001045762480,"Дента, стоматология",branch,,,5 офис; 1 этаж,,
"Ленинский проспект, 60/2",4504127916465955,"Универсал, стоматологическая клиника",branch,,,2 этаж,,
"улица Электрозаводская, 24",70000001067333019,3D Crown,branch,,,038 офис; -1 этаж,,
"шоссе Энтузиастов, 22/18",70000001104165298,"Мелдент, стоматология",branch,,,2 этаж,,
"Зюзинская улица, 6",4504127908488694,"Назер, стоматологическая клиника",branch,,,1 этаж,,
"улица Александры Монаховой, 23",70000001077226770,"Valetti clinic, стоматологическая клиника",branch,,,1 этаж,,
"улица Гончарова, 13Б",70000001055416858,"Аванстом, стоматология",branch,,,1 этаж,,
"Вернадского проспект, 9",70000001105139351,Cтоматология,branch,,,1 этаж,,
"Ломоносовский проспект, 25 к5",70000001111322422,"Форма М-З, стоматологическая клиника",branch,,,1 этаж,,
"улица Шолохова, 12",4504127908372803,"Бас-сервис, стоматологическая клиника",branch,,,1 этаж,,
"2-я улица Энтузиастов, 5 ст1",70000001088078714,Стоматология доктора Римского,branch,,,,,
"Чертановская улица, 1в к1",4504127908376075,"Ваш стоматолог, стоматологическая клиника",branch,,,1-2 этаж,,
"проспект Будённого, 37 к1",4504127908657932,"Эликсир-Дентис, стоматологический центр",branch,,,цокольный этаж,,
"улица Зелинского, 10а",70000001023642524,"Улыбка, стоматологическая клиника",branch,,,1 этаж,,
"улица Намёткина, 14 к1",70000001104899901,"Премьер, стоматология",branch,,,,,
"Симферопольский бульвар, 24 к5",4504127908381028,"Витарус, стоматологическая клиника",branch,,,1 этаж,,
"улица Рублёвское предместье, 7 к1",70000001050038120,"Ювидент, стоматологический центр",branch,,,1 этаж,,
"Воскресенская площадь, 3",4504128908354660,"Истра-дент, стоматологическая клиника",branch,,,1 этаж,,
"Ленинский проспект, 95Б",70000001040625990,"Manashirov Dental Clinic, стоматологическая клиника",branch,,,2 этаж,,
"улица Маршала Рыбалко, 2 к9",70000001062590226,"Мастерская улыбок, стоматологическая клиника",branch,,,231 офис; 2 этаж; 6 подъезд,,
"улица Конёнкова, 6а",70000001065031483,Стоматология,branch,,,1 этаж,,
"улица Лётчика Бабушкина, 32 к1",70000001104487401,"Дентал-А, стоматологическая клиника",branch,,,1 этаж,,
"Духовской переулок, 10",4504128908424431,"Миар, стоматологическая клиника",branch,,,1 этаж,,
"улица Плеханова, 2/46 ст5",70000001043426798,"Дента-мдс, стоматологическая клиника",branch,,,4 этаж,,
"Новгородская улица, 1",70000001057479484,"Кристалл дент, стоматологическая клиника",branch,,,209/1 офис; 2 этаж,,
"улица Удальцова, 71 к2",70000001061661332,Клиника Диадент,branch,,,1 этаж,,
"улица Перерва, вл31Б",70000001041160946,Стоматологический кабинет,branch,,,15П2 павильон; 2 этаж,,
"Староволынская улица, 12 к5",70000001048217996,"Айтидент, стоматологический центр",branch,,,1 этаж,,
"улица Новинки, 31",70000001087224353,Виа Дент,branch,,,,,
"Ленинский проспект, 111 к1",70000001110665755,"ВНС клиник, стоматология",branch,,,1 этаж,,
"Южная улица, 9а",4504127915741532,"Иллюм, стоматологическая клиника",branch,,,1 этаж,,
"улица Судакова, 15",4504127908427460,"Жекул, стоматологическая клиника",branch,,,,,
"Большая Черёмушкинская улица, 2 к6",4504127916520797,"Ркм+3к, стоматологический кабинет",branch,,,1 этаж,,
"Кременчугская улица, 3 к4",70000001112455023,Центр стоматологии и имплантологии,branch,,,1 этаж,,
"Люблинская улица, 112",4504127908669447,Центр стоматологической помощи,branch,,,1 этаж,,
"улица Академика Янгеля, 3 к2",70000001097005293,"Максидент, стоматология",branch,,,1 этаж,,
"12-я Новокузьминская улица, 6 к1",4504128908743186,"Стомавитал, стоматологический кабинет",branch,,,1 этаж,,
"Вернадского проспект, 125",4504127908560900,"Технология-сервис, стоматологическая клиника",branch,,,1 этаж,,
"Харьковская улица, 4 к3",4504127915387784,"Марсель, стоматологический центр",branch,,,14 офис; 2 этаж,,
"Братиславская улица, 27 к2",70000001031607801,"Здоровья Всем, стоматология",branch,,,1 этаж,,
"Ленинградское шоссе, 94 к3",70000001047290530,"Облик, стоматология",branch,,,1 этаж,,
"бульвар Академика Ландау, 3",70000001061385583,"Улыбка ФС, стоматология",branch,,,1 этаж; вход со двора,,
"Сафоновская улица, 17",4504127908386110,Частная клиника Гольдштейна В.Э.,branch,,,1 этаж,,
"улица Свободы, 48 ст1",70000001046896403,"Аргодент, стоматология",branch,,,2 этаж,,
"Ореховый бульвар, 31",70000001091446277,"Стелла-Ст, стоматология",branch,,,1 этаж,,
"Ратная улица, 8 к2",4504127908410233,"Денто-эния, стоматологический центр",branch,,,1 этаж,,
"улица Марьинский Парк, 17 к2",70000001089014693,"ШиранСтом, стоматологическая клиника",branch,,,1 этаж,,
"Советская улица, 9",70000001006563117,"Дент-Л, стоматологическая клиника",branch,,,2 этаж,,
"Елецкая улица, 35 к2а",70000001058798021,Стоматологическая клиника,branch,,,,,
"Привольная улица, 61 к1",70000001018863265,"Варидент, стоматологический кабинет",branch,,,1 этаж,,
"Донбасская улица, 75",70000001079266906,"Vivaldi, г. Видное",branch,,,1 этаж,,
"улица Богданова, 6 к1",70000001112172738,"СафиДент, стоматология",branch,,,,,
"улица Знаменские Садки, 5 к1",4504127908393780,"Дентал, стоматологическая клиника",branch,,,1 этаж,,
"микрорайон Белая Дача, 6",70000001030291386,Стоматологическая поликлиника №1,branch,,,1 этаж,,
"3-й Покровский проезд, 2",70000001036016726,"Авиценна+, клиника",branch,,,1 этаж,,
"Боровское шоссе, 2а к4",70000001045501861,"ДентаЛуч, стоматологическая клиника",branch,,,1 этаж; вход со стороны серого забора,,
"Павшинский бульвар, 40",70000001059773463,"Нью Смайл, стоматологический центр",branch,,,36 офис; 1 этаж,,
"улица Александры Монаховой, 107 к1",70000001077124393,"Брекет-центр, стоматологическая клиника",branch,,,,,
"Пятницкое шоссе, 23",4504127908388555,"Дельта-дент, стоматологическая клиника",branch,,,,,
"Советская улица, 9",4504127908536906,Стоматолог,branch,,,цокольный этаж,,
"Молодёжная улица, 63 к3",4504127909076243,"Новодент, центр инновационной стоматологии",branch,,,1 этаж,,
"2-й Покровский проезд, 4 к1",70000001018954385,"Полидентал, стоматологическая клиника",branch,,,1 этаж,,
"улица Крупской, 18 к2",70000001030165487,Медицинский центр профессиональной стоматологии,branch,,,1 этаж,,
"улица Самуила Маршака, 18",70000001040336425,"Граальдент, стоматологическая клиника",branch,,,1 этаж,,
"Логистическая улица, ст9Б",70000001105129279,Стоматологический кабинет,branch,,,3 этаж,,
"Лесная улица, 5",4504127916307894,"Улыбка, стоматологический центр",branch,,,107 офис; 1 этаж,,
"Стрелецкая улица, 16",4504127917942507,"Дента-Люкс, стоматологическая клиника",branch,,,1 этаж,,
"Песчаная улица, 8",70000001019401314,"Аметист, стоматологическая клиника",branch,,,4 помещение; 1 этаж,,
"Ярославское шоссе, 10",70000001020116164,"Мед-стом, стоматологический центр",branch,,,1 этаж,,
"Лётная улица, 12",70000001032059551,"Юдент, стоматология",branch,,,1 этаж,,
"Успенская улица, 4",70000001051528120,"Laki, стоматологическая клиника",branch,,,1 этаж,,
"1-й Добролюбовский проезд, 4",70000001096225071,Стоматолог и Я,branch,"Пушкино, 1-й Добролюбовский проезд, 4",Частный дом,,,
"Рощинская улица, 9",70000001024112864,"Денталь, стоматологический центр",branch,,,1 этаж,,
"Юбилейная улица, 7а",70000001026765845,"Люксимед, стоматологический центр",branch,,,1 этаж,,
"Сущёвская улица, 27 ст2",70000001102923608,"Ortodont-studiya, стоматологическая клиника",branch,,,3 этаж; В4 подъезд,,
"улица Граничная, 24",70000001109919366,"Мир Улыбок, стоматологическая клиника",branch,,,,,
"Колхозная улица, 4",4504127908664577,Стоматология,branch,,,1 помещение; 1 этаж,,
"Советская улица, 47",4504127921604822,Стоматологический кабинет,branch,,,201-202 офис; 2 этаж,,
"село Усово, ст100 к Г",70000001033234832,"Clean dent, стоматологическая клиника",branch,,,1 этаж,,
"Текстильная улица, 4",70000001049257711,"Медика, стоматологическая клиника доктора Балкизова",branch,,,3 офис,,
"посёлок Ржавки, ст3а",70000001044458117,"АлисаДент, стоматологическая клиника",branch,,,2 помещение,,
"улица Раменки, 20",70000001053695980,"Flc dental, клиника",branch,,,1 этаж,,
"улица Пушкина, 6а",70000001094323755,"Вита, стоматологическая клиника",branch,,,1 этаж,,
"Шубинский переулок, 6 ст1",70000001110890985,Стоматологический кабинет,branch,,,315 кабинет; 3 этаж,,
"улица Гризодубовой, 6",70000001023957986,Первая стоматологическая клиника,branch,,,,,
"Зеленоград, к1805",70000001097280052,"Адента, стоматологический кабинет",branch,,,1 этаж,,
"Суздальская улица, 34 к1",4504127908381160,"Stom2, стоматологическая клиника",branch,,,1 этаж,,
"улица Ломоносова, 10",70000001020308580,"Вам дент, стоматологическая клиника",branch,,,1 этаж,,
"рабочий посёлок Андреевка, 31а",70000001026784570,"Смайл, центр стоматологии",branch,,,1 этаж,,
"шоссе Энтузиастов, 64",70000001041852753,"Салюта, стоматология",branch,,,1 этаж,,
"Георгиевский проспект, 37 к3",70000001054096665,"Белуччи, стоматологическая клиника",branch,,,,,
"Светлый микрорайон, 30",70000001059649704,"Гарант-дент, стоматологическая клиника",branch,,,1 этаж,,
"Молодёжная улица, 48",70000001020725061,Стоматологический кабинет,branch,,,2 этаж,,
"Богородский микрорайон, 5",70000001025854015,"Арсенал, стоматологическая клиника",branch,,,1 этаж,,
"Казарменный переулок, 3",70000001087224350,"Doctor FV, стоматологическая клиника",branch,,,1 этаж,,
,70000001105705700,"Симметрия, клиника эстетической и функциональной стоматологии",branch,,,,,
"Хлебников переулок, 4 ст2",70000001111609299,Стоматолог Итуев А.М.,branch,,,,,
"Молодёжный проезд, 1",70000001007361545,"32 плюс, стоматология",branch,,,2 этаж,,
"Советская улица, 2",70000001023684411,"Дантист, стоматология",branch,,,310 офис; 3 этаж,,
"улица Сукромка, 26",70000001079618698,Gentle touch dental implant studio,branch,,,1 этаж,,
"Ореховый проезд, 11",4504127909074694,"Земский доктор, стоматологическая клиника",branch,,,1 этаж,,
"Малая Почтовая улица, 10",4504128908860998,"А-мир, медицинский центр",branch,,,1 этаж,,
"Советская улица, 22",70000001048431211,Стоматологическая клиника,branch,,,,,
"Протопоповский переулок, 17 ст3",4504127909211293,"Дэнисто, стоматологическая клиника",branch,,,1 этаж,,
"Дачная улица, 11а",70000001031391996,"Дента, стомaтологическая клиника",branch,,,5 этаж,,
"Пионерский переулок, 2",70000001088936067,Стоматология,branch,,,2 этаж,,
"Томилинская улица, 22а",4504127916119728,"Клиника доктора Журавлева, стоматология",branch,,,,,
"Банковская улица, 8",70000001023335143,"Омега, стоматологическая клиника",branch,,,2 этаж,,
"Красноармейская улица, 25Б",70000001039681553,"Ваш стоматолог, стоматологическая клиника",branch,,,1 этаж,,
"Варшавское шоссе, 53 к4",70000001041436511,"Верадент, стоматологический центр",branch,,,,,
"улица Мусы Джалиля, 40",70000001042665653,Центр протезирования зубов,branch,,,1 этаж,,
"улица Ленина, 1а",4504128908354177,Стоматологический кабинет,branch,,,1 этаж,,
"улица Усачёва, 29 к3",4504127908372378,"Арт-дент, стоматологическая клиника",branch,,,1 этаж,,
"Рабочая улица, 57",70000001022828412,Стоматологический кабинет,branch,,,1 этаж,,
"16-я Парковая улица, 5",70000001051997452,"Дантия, стоматология",branch,,,1 этаж,,
"проспект Ленина, 04 к1",70000001078816186,"Стоматолог+, стоматологическая клиника",branch,,,1 этаж,,
"улица Госпитальный Вал, 5 ст7",70000001110555278,Luma Dent,branch,,,1 этаж,,
"улица 28 Июня, 5",70000001022818081,"Доктор-люкс, стоматологическая клиника",branch,,,1 этаж,,
"Рабочая улица, 34",70000001076227909,"Мастерская улыбок, стоматология",branch,,,1 этаж,,
"Одесская улица, 2 к C",70000001111317111,Стоматология,branch,,,,,
"Туристская улица, 20 к1",4504127908669194,Клиника лазерной медицины,branch,,,1 этаж,,
"Коммунальная улица, 11",70000001041141215,"Вива дент, стоматологическая клиника",branch,,,5 офис; 2 этаж,,
"Кольцевая улица, 10",70000001047519443,"Кастом-Медикал, стоматологический центр",branch,,,1 этаж,,
"улица Чугунова, 21а",4504127916747278,"Клевер, стоматологическая клиника",branch,,,1 этаж,,
"улица Некрасова, 8",70000001064632342,"Альфадент, стоматология",branch,,,1 этаж,,
"улица Твардовского, 42",70000001089079805,Стоматология доктора Баратынского,branch,,,напротив пункта выдачи Wildberries,,
"Быковское шоссе, 62",70000001039120760,"Белая лилия, стоматология",branch,,,,,
"1-я Ленинская улица, 2",70000001040868720,Стоматологический кабинет,branch,,,1 этаж,,
"Большая Московская улица, 6",70000001038223018,"Доктор люкc, стоматологический центр",branch,,,1 этаж,,
"Мичуринский проспект, 56",70000001105684964,"Studio oral design, стоматология",branch,,,2 этаж,,
"Некрасовская улица, 17",70000001027693034,"Доктор-люкс, стоматология",branch,,,1 этаж,,
"Братеевская улица, 10 к1",70000001028196015,"Элика дент, стоматологическая клиника",branch,,,1 этаж,,
"улица Серегина, 18",70000001037807439,"ДентаПлюс, стоматологический центр",branch,,,2 этаж,,
"Братеевская улица, 10 к4",70000001059403345,"Adiona, стоматологическая клиника",branch,,,1 этаж,,
"Паромная улица, 9 к1",4504127908381961,"Вэл-стом, стоматологическая клиника",branch,,,1 этаж,,
"Зеленоград, к118",4504127908382070,"Гаг, медицинский центр",branch,,,,,
"улица Ленина, 90",70000001040514545,"Люксодент, стоматологический кабинет",branch,,,18 павильон; 1 этаж,,
"улица Суворова, 66",70000001045468613,Веды-стом,branch,,,,,
"Юбилейная улица, 5",70000001023967738,"Семейный доктор, стоматология",branch,,,1 этаж,,
"2-я Институтская улица, 18",70000001024193325,"Отличная, стоматологическая клиника",branch,,,1 этаж,,
"Пионерская улица, 30 к5",70000001062173249,Королевская стоматология,branch,,,1 этаж,,
"Волоколамское шоссе, 7",70000001077832080,"Московская стоматология, стоматологическая клиника",branch,,,1 этаж,,
"улица Земляной Вал, 27 ст4",4504127908567554,"Урбансмайл+, стоматологическая клиника",branch,,,,,
"3-я Фрунзенская улица, 1",4504127908364644,"Dl-стоматология, стоматологическая клиника",branch,,,1 этаж,,
"Салтыковская улица, 7 к3",70000001021160241,"Диамант, стоматологический центр",branch,,,1 этаж,,
"Варшавское шоссе, 23 ст2",70000001026050888,"Маэп-дент+, стоматологическая клиника",branch,,,1 этаж,,
"Ярославская улица, 8 к3",4504127917154196,"Панацея, стоматологическая клиника",branch,,,505 офис; 5 этаж,,
"Святоозёрская улица, 26",70000001104555753,"Сарвина-люкс, стоматология",branch,,,,,
"улица Матросова, 15 ст2",4504128908614970,"Авиценна, стоматологический центр",branch,,,1 этаж,,
"бульвар Любы Новоселовой, 6а",70000001097376783,"Комфорт Смайл, центр современной медицины",branch,,,2 этаж,,
"Заповедная улица, 10",70000001105835576,Стоматологическая клиника,branch,,,,,
"улица Курыжова, 26",70000001111643316,"Медпул клиник, стоматологическая клиника",branch,,,,,
"улица Маршала Тухачевского, 55",4504127908502595,"Практика доктора Баранова, стоматологическая клиника",branch,,,1 этаж,,
"Каширское шоссе, 5 к1",4504127915384793,"ДИО Дент, стоматологическая клиника",branch,,,1 этаж,,
"Солдатский переулок, 10",70000001105170786,"Белый куб, клиника стоматологии",branch,,,1 этаж,,
"улица Черняховского, 8",4504127908370144,"АльфаДент, стоматологический центр",branch,,,,,
"Запорожская улица, 6",70000001007442032,"Мед Дент, стоматологическая клиника",branch,,,1 этаж,,
"улица Ворошилова, 71",70000001087224273,Дентал арт Кр,branch,"Красноармейск, улица Ворошилова, 71",Медицинское учреждение,,,
"Симферопольский бульвар, 19 к1",70000001105265116,"ЛегоДенталКлиник, стоматология",branch,,,,,
"Лианозовский проезд, вл1",4504128908798821,"Denta-class, стоматологическая клиника",branch,,,35 павильон; 2 этаж,,
"улица Космонавта Волкова, 12",4504127908488207,"ННДент, стоматологическая клиника",branch,,,1 этаж,,
"Литовский бульвар, 19",4504127908376687,"ВиЗа-Дент, стоматологическая клиника",branch,,,6 офис,,
"улица Зои и Александра Космодемьянских, 4 к3",4504127908510723,"Рубком, стоматологический центр",branch,,,,,
"Путевой проезд, 40 к3",4504127908561000,"Астрара-Медик, медицинская клиника",branch,,,1 этаж,,
"Центральный проезд, 7",70000001034237931,"Доктор Григ, стоматологический центр",branch,,,1 этаж,,
"улица Академика Анохина, 5 к2",4504127917173561,Стоматологическая клиника Артёмова,branch,,,1 этаж,,
"Набережная улица, 35 к6",70000001019287684,"Пушкинская, стоматология",branch,,,1 этаж,,
"улица Ирины Левченко, 2",70000001053467809,"ВсеБелое, клиника стоматологии",branch,,,1 этаж,,
"Назаровская улица, 4",4504128908586332,"Анжела, многопрофильный медицинский центр",branch,,,1 этаж,,
"Сухановская улица, 2",70000001069352561,"Карта здоровья, медицинский центр",branch,,,,,
"Ореховый бульвар, 55 к1",70000001082780175,"Просто улыбка, доступная стоматология",branch,,,2 этаж; левое крыло,,
"улица Ленина, 1а",4504127908399620,"Дентал-Лайф, стоматологическая клиника",branch,,,4 этаж,,
"квартал Северный, 7",70000001039036200,"ТриА, стоматологический центр",branch,,,1 этаж,,
"Боровское шоссе, 20",4504127908391577,"Дента стиль, стоматологическая клиника",branch,,,1 этаж,,
"проспект Космонавтов, 29/12 к1",4504127908381140,"Стоматолог и Я, стоматологический центр",branch,,,1 этаж,,
"Перовская улица, 51",4504127908416509,"Диагност, стоматологическая клиника",branch,,,1 этаж,,
"Каширское шоссе, 86 к3",4504127909217024,"Амрита, стоматологическая клиника",branch,,,,,
"Новоясеневский проспект, 13 к2",4504128908355100,Таркомм,branch,,,2 этаж; правое крыло,,
"улица Борисовка, 2",70000001019561767,"Пиквита, стоматологическая клиника",branch,,,1 этаж,,
"Быковское шоссе, 20Б",70000001019896589,"Астра, стоматология",branch,,,1 этаж,,
"Перервинский бульвар, 15 к2",70000001042760018,Доктор Виктория,branch,,,1 этаж,,
"Спортивная улица, 1",70000001088962895,"Иплантклиник, стоматологическая клиника",branch,,,1 этаж,,
"Финский микрорайон, 9 к1",70000001101296077,"Профи Дент, стоматология",branch,,,1 этаж,,
"Ягодная улица, 4",70000001103423428,"Наска Дент, центр инновационной стоматологии",branch,,,,,
"Таганская улица, 15 ст2",70000001112916869,Стоматологический кабинет,branch,,,,,
"проспект Ракетостроителей, 5",70000001019231025,"Дельфин дент, стоматологическая клиника",branch,,,1 этаж,,
"улица Чапаева, 24/5",70000001080803876,"Школьник, стоматологическая клиника",branch,"Воскресенск, улица Чапаева, 24/5",Частный дом,,,
"Хованская улица, 6",4504127908416477,"Диавакс, медицинский центр",branch,,,1 этаж,,
"улица Авиаконструктора Миля, 1",4504127915646777,"Дента-Бур, стоматологический центр",branch,,,1 этаж; Медцентр на Миля,,
"улица Победы, 1 к4",70000001034723115,"Новодент, стоматология",branch,,,1 этаж,,
"улица Шолохова, 5 к2",70000001024042120,Стоматологический кабинет,branch,,,304 кабинет; 3 этаж,,
"Преображенская улица, 9",70000001057353540,"КС-Дентал, стоматологическая клиника",branch,,,,,
"Заводская улица, 4",70000001102712195,"Экостом, стоматологическая клиника",branch,,,1 этаж,,
"улица Подольских Курсантов, 4",70000001027604739,"Эстетстом, стоматология",branch,,,,,
"Степаньковское шоссе, 17",70000001024007033,Стоматологический кабинет,branch,,,116 офис; 1 этаж,,
"Октябрьская улица, 29",70000001023182838,"Дантист, стоматологическая клиника",branch,,,1 этаж,,
"Московская улица, вл24Б ст1",70000001054986011,Стоматология. Семейный доктор,branch,,,2 этаж,,
"Зеленоград, к340",70000001098232270,"Z-Смайл, стоматологическая клиника",branch,,,,,
"Нижегородская улица, 86а",4504127908369859,"Адаптация, стоматологический центр",branch,,,1 этаж,,
"Фабричная улица, 11а",70000001019554256,"Bnl clinic, стоматологический центр",branch,,,1 этаж,,
"улица Декабристов, 1в",70000001063554878,"Шанс-Дент, студия стоматологии",branch,,,1 этаж,,
"Краснослободская улица, 4Б",70000001022909733,"Дентал-студия, стоматология",branch,,,1 этаж,,
"улица Свердлова, 2",70000001038245948,"Профи-дент, стоматологический центр",branch,,,цокольный этаж,,
"Дмитровское шоссе, 21 к2",4504127908471315,"Мастер-стом, стоматологическая клиника",branch,,,1 этаж,,
"3-я Филёвская улица, 8 к2",4504128908845881,"А стом а, стоматологический центр",branch,,,1 этаж,,
"Вокзальная улица, 3",70000001038389759,"Улыбка, стоматологический кабинет",branch,,,1 этаж,,
"3-я Прядильная улица, 3",4504127908563184,"Тридцать два, стоматологическая клиника",branch,,,цокольный этаж,,
"Садовая улица, 60",4504128908926705,"Мастера улыбок, стоматологический кабинет",branch,,,2 этаж,,
"Вернадского проспект, 44 к1",70000001112367532,"Soul Dental Boutique, стоматологическая клиника",branch,,,1 этаж,,
"Жулебинский бульвар, 5а",4504127908658735,"Дента мед, медицинский центр",branch,,,1 этаж,,
"Садовническая набережная, 7",70000001056998643,"Luxvita, клиника комплексной стоматологии",branch,,,3 помещение; 1 этаж,,
"квартал 3-й Капотня, 13",70000001051214288,"Нк-Дентал, стоматологическая клиника",branch,,,цокольный этаж; вход со двора,,
"улица Маршала Федоренко, 2 к2",70000001111208848,ImplArt,branch,,,,,
"улица Хрипунова, 3",70000001047374864,"Династия, стоматологический центр",branch,,,1 этаж,,
"Комсомольская улица, 6а",70000001023914040,"Дента Плюс, стоматологический центр",branch,,,2 этаж,,
"Грузинский переулок, 4",70000001076674508,"Ортоспейс, центр эстетической стоматологии",branch,,,,,
"проспект Кирова, 34",70000001023912877,"Макс, стоматологический центр",branch,,,3 помещение; 1 этаж,,
"улица Горького, 12в",4504128908578095,"Жемчужина, Стоматология",branch,,,2 этаж,,
"Волгоградский проспект, 17",4504127908489101,"Николас, стоматологическая клиника",branch,,,1 этаж; вход в арке,,
"Центральная улица, 90",70000001048970483,"Арт-смаил, стоматология",branch,,,2 этаж,,
"Большой Дровяной переулок, 8 ст1",70000001111327559,Dr. Adet,branch,,,,,
"Мраморная улица, 2а",4504127916934720,"Сота, стоматологическая клиника",branch,,,1 этаж,,
"улица Хрипунова, 1",70000001023755016,"Ведент, стоматологическая клиника",branch,,,1 этаж,,
"Жирово деревня, 160/1",70000001087224777,Стомтим,branch,,,,,
"улица Островитянова, 5",70000001057313678,"Мармелад, стоматологическая клиника",branch,,,1 этаж,,
"Адмирала Лазарева улица, 72",4504127908543482,"Стоматология Доктора Белова, клиника",branch,,,1 этаж,,
"улица Грина, 34",4504128908514202,"Гринадент, стоматология",branch,,,1 этаж,,
"проспект Гагарина, 9",70000001019480141,"Ваш доктор, стоматологическая клиника",branch,,,,,
"Солнечная улица, 23",4504127908550337,"Семист, стоматологическая клиника",branch,,,1 этаж,,
"улица Алабяна, 10 к3",70000001027393817,"Vita, многопрофильный медицинский центр",branch,,,1 этаж,,
"улица Маршала Катукова, 9 к1",70000001097514583,"Студия стоматологии, г. Москва",branch,,,,,
"улица Мира, 13",70000001054843191,"Beauty med, клиника эстетической медицины",branch,,,,,
"улица Талсинская, 25",70000001019138733,"32 Dent, стоматологический центр",branch,,,2 этаж,,
"улица Свободы, 19",70000001061203226,Стоматологическая клиника,branch,,,1 этаж,,
"улица Алексея Короткова, 3",70000001051185138,"Экодент, стоматология",branch,,,1 этаж,,
"деревня Кривцово, 5а",70000001033209018,"Вита Дент, стоматология",branch,,,,,
"Ногинское шоссе, 36 к4",70000001104065060,"Дентал стори, стоматология",branch,,,1 этаж,,
"улица Маршала Захарова, 16 к1",4504127908527068,"Сникон, стоматологическая клиника",branch,,,1 этаж,,
"Рождественская улица, 7",70000001023958753,Стоматологический кабинет,branch,,,1 этаж,,
"Сиреневый бульвар, 71 к2",70000001052591735,"Медилюкс, стоматологическая клиника",branch,,,1 этаж,,
"улица Маршала Тухачевского, 37/21",70000001025680255,"Dent-o-care, стоматологическая клиника",branch,,,1 этаж,,
"Советская улица, 3",70000001048734018,Стоматология для всех,branch,,,1 этаж,,
"улица Холодово, 2",70000001055105311,"Каури, стоматология",branch,,,1 этаж,,
"Мясницкая улица, 24/7 ст1",70000001077128981,"Ддм, стоматология",branch,,,115 офис; 3 этаж,,
"проезд Берёзовой Рощи, 4",4504127908505264,"Престиж, стоматологическая клиника",branch,,,2 этаж,,
"Крымская улица, 7",70000001020257550,"Какаду, стоматологическая клиника",branch,,,23 помещение,,
"Первомайская улица, 2",70000001093869881,Videntel,branch,,,,,
"улица Карла Маркса, 117/15",4504127908519490,"Семал, стоматологическая клиника",branch,,,1 этаж,,
"улица Воловья, 3",4504127909241977,"Интерстом, стоматологическая клиника",branch,,,цокольный этаж,,
"Шарикоподшипниковская улица, 36/18",4504127912069948,"Фортуна, стоматологическая клиника",branch,,,1 этаж,,
"Дмитровское шоссе, 34 к1",4504127917368442,"Ваше здоровье, стоматологический центр",branch,,,,,
"улица Босова, 2",70000001023619398,"Евростиль, стоматологический кабинет",branch,,,1 этаж,,
"Главная улица, 3",70000001019530972,"Дидента, семейная стоматология",branch,,,2 этаж,,
"Шоссейная улица, 49",70000001050378947,"О.С.А. и ко, медицинский центр",branch,,,,,
"Лианозовский проезд, 6",4504127908401321,"Дентиста, стоматологическая клиника",branch,,,1 этаж,,
"Набережная улица, 94",70000001041545328,"Авиценна, многопрофильный медицинский центр",branch,,,2 этаж,,
"улица Раменки, 17 к1",4504127908669133,"Наша стоматология, стоматологическая клиника",branch,,,1 этаж,,
"Георгиевская улица, 13",70000001021905932,"Нео-мед клиник, медицинская клиника",branch,,,1 этаж,,
"Вокзальная улица, 3Б",70000001029500310,"Стоматология для Вас, стоматологический центр",branch,,,27 помещение; 4 этаж,,
"проспект Мира, 19 к1",4504127908855756,"Счастливая улыбка, стоматологический центр",branch,,,1 этаж,,
"улица Менделеева, 7",70000001029471319,Стоматология на Менделеева,branch,,,24 помещение; 1 этаж,,
"улица Гаршина, 3",4504128908583276,Стоматология в Звёздном,branch,,,312 кабинет; 3 этаж,,
"Донбасская улица, 2 ст1",4504127915716789,"Клиника-м, стоматологическая клиника",branch,,,102 офис; 1 этаж,,
"Молодёжная улица, 6",70000001024052230,"Витадент, стоматология",branch,,,1 этаж,,
"Фасадная улица, 6",4504127916866027,Стоматологическая клиника,branch,,,1 этаж,,
"Пролетарская улица, 1",70000001087732419,"Doctor White+, стоматологическая клиника",branch,,,12 офис; 1 этаж,,
"Павшинский бульвар, 7",4504127915966613,"Модернстом, стоматологическая клиника",branch,,,1 этаж,,
"Носовихинское шоссе, 28",70000001088788108,"Нарек-Тигран, стоматологический кабинет",branch,,,2 этаж,,
"3-й микрорайон, 10",4504127921017590,"Пагда плюс, стоматологический центр",branch,,,1 этаж,,
"5-я Парковая улица, 33",4504127908369774,"Авиценна ЛВ, стоматологический кабинет",branch,,,71 офис; 1 этаж,,
"Ленинский проспект, 146",4504127908369957,"Элит Дент, стоматологическая клиника",branch,,,103 офис; 1 этаж; левое крыло,,
"улица Красного Маяка, 4 к3",4504127908370138,"Альфа-медслужба, стоматологическая клиника",branch,,,,,
"Снежная улица, 13 к2",4504127908372321,"Арт-гарант, стоматологическая клиника",branch,,,1 этаж,,
"улица Борисовские Пруды, 21 к1",4504127908374171,"Аванстом, стоматологический центр",branch,,,,,
"улица Пришвина, 11",4504127908375512,"Большая Медведица 1, медицинский центр",branch,,,1 этаж,,
"Донская улица, 28",4504127908375530,"Bft-denta, стоматологическая клиника",branch,,,1 этаж,,
"Маршала Соколовского улица, 4",4504127908376181,"Таргис, стоматологическая клиника",branch,,,1 этаж,,
"улица Островитянова, 9",4504127908376327,"Верастом, стоматологическая клиника",branch,,,1 этаж,,
"улица Ленина, 10/6 ст1",4504127908380833,"Вита-Дент, стоматологический кабинет",branch,,,1 этаж,,
"улица Лобачевского, 2",4504127908381930,"Вся семья, медицинский центр",branch,,,,,
"Петровско-Разумовская аллея, 10 к1",4504127908385993,"Клиника доктора Тёмкина, стоматологическая клиника",branch,,,1 этаж,,
"Волгоградский проспект, 160 к3",4504127908386945,Фирма Дантист,branch,,,1 этаж,,
"Малая Бронная улица, 12",4504127908387006,Стоматология доктора Трубицына,branch,,,13 офис; 1 этаж,,
"Ангарская улица, 45 к2",4504127908387287,"Деймос, стоматологическая клиника",branch,,,1 этаж,,
"Гвардейская улица, 11 к2",4504127908389189,"Dentstyle, стоматологическая клиника",branch,,,,,
"улица Конёнкова, 13/2",4504127908391568,"Дента сити, стоматологическая клиника",branch,,,,,
"Луков переулок, 4",4504127908391585,"Дента, стоматологический центр",branch,,,1 этаж,,
"улица Гиляровского, 50",4504127908393720,"Дентал медсервис, стоматологическая клиника",branch,,,1 этаж,,
"Южнопортовая улица, 18",4504127908400872,"Дента Стиль, стоматологическая клиника",branch,,,1 этаж,,
"Каширское шоссе, 57 к7",4504127908417457,"Доктор Лука, стоматологическая клиника",branch,,,1 этаж,,
"Тепличный переулок, 4",4504127908427425,"Евростом-1, стоматологическая клиника",branch,,,1 этаж,,
"Дмитровское шоссе, 29 ст1",4504127908427522,"Lucky Dent, стоматологическая клиника",branch,,,,,
"Нижняя Первомайская улица, 12а",4504127908435581,Стоматологический кабинет,branch,,,цокольный этаж; 3 подъезд,,
"7-я улица Текстильщиков, 4",4504127908436361,"Инкорс, стоматологическая клиника",branch,,,1 этаж,,
"Тарасовская улица, 10",4504127908464409,"Мдент, центр стоматологии и ортопедии",branch,,,3 помещение; 1 этаж,,
"Олимпийский проспект, 29 ст2",4504127908464981,"2с, стоматологическая клиника",branch,,,9 этаж,,
"Красноармейская улица, 5",4504127908472510,"Мед квадрат, стоматологическая клиника",branch,,,1 этаж,,
"улица Лётчика Бабушкина, 16 к2",4504127908472511,"Гловес, стоматологическая клиника",branch,,,1 этаж,,
"бульвар Дмитрия Донского, 13",4504127908473611,"Медиком-М, стоматологическая клиника",branch,,,1 этаж,,
"Чоботовская улица, 15",4504127908482112,"Мкм, стоматологический центр",branch,,,1 этаж,,
"улица Академика Анохина, 4 к3",4504127908489764,"Новейшие технологии, стоматологическая клиника",branch,,,1 этаж,,
"Боровский проезд, 14",4504127908495663,"Оптус-Медо, стоматологическая клиника",branch,,,1 этаж,,
"Люблинская улица, 42",4504127908496644,"Доктор люкс, стоматологический центр",branch,,,170 офис; 1 этаж,,
"улица Бабакина, 13",4504127908503112,"Приват-Дент, стоматологический кабинет",branch,,,,,
"улица Маршала Бирюзова, 26",4504127908503186,"Протект-Люкс, стоматологическая клиника",branch,,,1 этаж,,
"Флотская улица, 14",4504127908503435,"Профессионал, стоматологический ортодонтический центр",branch,,,1 этаж,,
"Югорский проезд, 6",4504127908519439,"Семадент, стоматологическая клиника",branch,,,1 этаж,,
"Шмитовский проезд, 6",4504127908519786,"Симона а, стоматологическая клиника",branch,,,1 этаж,,
"Новохорошёвский проезд, 25",4504127908529898,"Биосан, стоматологическая клиника",branch,,,1 этаж,,
"улица Академика Каргина, 34",4504127908531040,"Вариант, стоматология",branch,,,1 этаж,,
"Пронская улица, 8/4",4504127908535711,"Стоматек, стоматологическая клиника",branch,,,,,
"Матвеевская улица, 7",4504127908535771,"Стоматик, стоматологическая клиника",branch,,,1 этаж,,
"улица Гагарина, 85",4504127908543355,"Без боли, стоматологический центр",branch,,,1 этаж,,
"Часовая улица, 6 к1",4504127908550984,"Стоматология-С, стоматологическая клиника",branch,,,1 этаж,,
"улица Маршала Баграмяна, 2",4504127908551380,"СТС, стоматологическая клиника",branch,,,1 этаж,,
"улица Чкалова, 19",4504127908561460,"Тит, стоматологическая клиника",branch,,,1 этаж,,
"Криворожская улица, 25",4504127908567639,"Фадис-С, стоматологическая клиника",branch,,,1 этаж,,
"Ясногорская улица, 21 к1",4504127908576795,"Нэкиа, стоматологическая клиника",branch,,,,,
"улица Гагарина, 85Б",4504127908649453,"Спартадент, стоматологическая клиника",branch,,,1 этаж,,
"Балаклавский проспект, 16 к2",4504127908657364,"Экстрадент, стоматологическая клиника",branch,,,1 этаж,,
"улица Панфилова, 4",4504127908669422,"Дантист для семьи, стоматология",branch,,,,,
"Юбилейная улица, 32а",4504127908669455,"Будьте Здоровы, семейная стоматологическая клиника",branch,,,2 этаж,,
"улица Татьяны Макаровой, 4",4504127908844445,"Институт здоровья, стоматология",branch,,,,,
"проспект Мира, 24/2",4504127908855608,"Дент аско, стоматологический кабинет",branch,,,1 этаж,,
"Дворцовый проезд, 8/14",4504127908869030,"СВ-Тур, стоматологическая клиника",branch,,,1 офис,,
"улица Новый Арбат, 19",4504127908898465,"Headway, стоматологический центр",branch,,,201 офис; 3 этаж,,
"Лётная улица, 42",4504127908940431,"Визит-улыбка, стоматологическая клиника",branch,,,1 этаж,,
"Трубецкая улица, 50а",4504127908965034,"Лагуна-стиль, центр красоты и стоматологии",branch,,,2 этаж,,
"Татарская улица, 3 ст1",4504127909069802,Стоматология на Татарской,branch,,,1 этаж,,
"Пролетарская улица, 17",4504127909076145,"Астарта-а, стоматологический центр",branch,,,1 офис; цокольный этаж,,
"Измайловское шоссе, 24 к1",4504127909087576,"Аурум, стоматологический центр",branch,,,1 этаж,,
"Барвихинская улица, 4 к1",4504127909215628,"Дентал хоум, стоматологическая клиника",branch,,,1 этаж,,
"улица Богданова, 2 к1",4504127909241068,"Ста-дент, стоматологическая клиника",branch,,,1 этаж,,
"Солнцевский проспект, 25",4504127909245897,"Эстедент плюс, стоматологическая клиника",branch,,,1 этаж,,
"улица Чугунова, 32а",4504127909312518,"Эвадент, стоматологическая клиника",branch,,,1 этаж,,
"Рублёвское шоссе, 62",4504127912319972,"Эстелайт, стоматологическая клиника",branch,,,2 этаж,,
"улица Образцова, 14",4504127914025356,"Иводент, стоматологическая клиника",branch,,,1 этаж,,
"Сторожевая улица, 4 ст1",4504127914579408,"Верадент, стоматологическая клиника",branch,,,2 этаж,,
"4-й Вятский переулок, 16 к1",4504127914783896,"Дентагард, стоматологическая клиника",branch,,,1 этаж,,
"улица Пудовкина, 5",4504127915390757,"Арт-дент, стоматологический центр",branch,,,1 этаж,,
"Открытое шоссе, 23 к4",4504127915557180,"МиГ, стоматологическая клиника",branch,,,1 этаж,,
"улица Говорова, 2а",4504127915675063,"Агапит, стоматологическая клиника",branch,,,,,
"3-я Парковая улица, 61",4504127915709537,"Профи, многопрофильная клиника",branch,,,,,
"Курская улица, 2",4504127915742406,Стоматологический кабинет,branch,,,8 помещение; 1 этаж,,
"Центральная улица, 37",4504127915743050,"Исида-К, стоматологическая клиника",branch,,,1 этаж,,
"Цветной бульвар, 11 ст6",4504127915952062,"На Цветном, стоматологический центр",branch,,,301 офис; 3 этаж,,
"Советская улица, 32а",4504127915959654,"Клиника доктора Витера, стоматологический центр",branch,,,1-2 этаж,,
"Пролетарский проспект, 7а",4504127916050300,Стоматологический кабинет,branch,,,2 помещение; 1 этаж,,
"улица Маяковского, 10",4504127916079915,"Дент-арт, стоматология",branch,,,1 этаж,,
"Преображенская улица, 2 к1",4504127916262443,"ДенталКит, стоматологическая клиника",branch,,,1 этаж,,
"Задорожная улица, 19",4504127916296546,"Борменталь, стоматологический кабинет",branch,,,1 этаж,,
"Советская улица, 3/12",4504127916335553,"Денталекс, стоматологический центр",branch,,,цокольный этаж,,
"Пионерская улица, 17",4504127916339372,"Дента медикал, стоматология",branch,,,,,
"Надсоновская улица, 20",4504127916347031,"Дентикс, стоматологическая клиника",branch,,,1 этаж,,
"микрорайон В, 49",4504127916463167,"Серебряный доктор, стоматологическая клиника",branch,,,1 этаж,,
"Ленинский проспект, 52",4504127916475068,"Миндаль-дент, стоматологическая клиника",branch,,,1 этаж,,
"Нагорная улица, 8",4504127916513786,"Алс-дент, стоматологическая клиника",branch,,,цокольный этаж,,
"Нагорная улица, 9",4504127916514659,"Эхо-cтиль, стоматологическая клиника",branch,,,1 этаж,,
"Донецкая улица, 26",4504127916761876,"Три Дентал, стоматологическая клиника",branch,,,1 этаж,,
"Профсоюзная улица, 104",4504127917258222,"Акф Дент, стоматологическая клиника",branch,,,2 этаж; вход со двора,,
"10-я Парковая улица, 6",4504127917658366,"XXI век, стоматологический центр",branch,,,1 этаж,,
"Садовая-Кудринская улица, 7 ст2",4504127917889291,Стоматологический кабинет,branch,,,,,
"Новослободская улица, 54 ст2",4504127918092171,Стоматология доктора Джорджа,branch,,,1 этаж,,
"Малая Грузинская улица, 19/2",4504127918211017,"Лаура, стоматологическая клиника",branch,,,цокольный этаж,,
"улица Ленина, 47",4504127918502111,"Дента-Люкс, Стоматология",branch,,,Желтая линия; 2-028 павильон; 2 этаж,,
"Носовихинское шоссе, 11",4504127919480660,"Махди, стоматологический центр",branch,,,1 этаж,,
"Институтская улица, 2а",4504127920466927,"Зуб Здоров, стоматологическая клиника",branch,,,1 этаж,,
"улица Геодезистов, 1Б",4504127920771307,"Клиника 32, стоматологический центр",branch,,,1 этаж,,
"улица 50 лет ВЛКСМ, 16",4504127920892060,Стоматологический кабинет,branch,,,6 помещение; 1 этаж,,
"Радужная улица, 11",4504127921030309,"Радуга-дент, стоматология",branch,,,1 этаж,,
"Ленинградская улица, 1",4504127921149290,Стоматологический кабинет,branch,,,12 этаж,,
"улица Дубки, 6",4504127921206136,Стоматологический центр,branch,,,42 офис; 2 этаж,,
"Большая Черкизовская улица, 6",4504127921228689,"Тимдент, стоматологический центр",branch,,,3 этаж,,
"улица Горького, 2",4504128908358468,"Фридан, стоматологическая клиника",branch,,,1 этаж,,
"Ярославское шоссе, 44",4504128908370342,"Кобидент, стоматологическая клиника",branch,,,2 этаж,,
"Херсонская улица, 17",4504128908371587,"Implacity, стоматологическая клиника",branch,,,,,
"улица Верземнека, 5",4504128908410570,"Эксклюзив, стоматологическая клиника",branch,,,1 этаж,,
"посёлок Шишкин Лес, ст31Б",4504128908424313,"Константа дент, стоматологический центр",branch,,,2 этаж,,
"улица Кржижановского, 15 к7",4504128908432509,Стоматология,branch,,,1 этаж,,
"Индустриальная улица, 14",4504128908519592,"Дентика, стоматологическая клиника",branch,,,1 офис; 1 этаж,,
"Рязанский проспект, 8а ст1",4504128908532979,"Дэнтал Фокс, стоматологический центр",branch,,,109 офис; 1 этаж; 1 подъезд,,
"улица Митрофанова, 2Б",4504128908590964,"Мария, стоматологическая клиника",branch,,,2 этаж,,
"Ходынский бульвар, 9",4504128908607947,"Астрадент, стоматологический центр",branch,,,1 этаж,,
"Чапаевский переулок, 3",4504128908624302,"М-Плаззо М, стоматологическая клиника",branch,,,6 офис; 2 этаж,,
"проезд Серебрякова, 6",4504128908636628,Центр академической стоматологии,branch,,,1 этаж,,
"улица Радио, 22",4504128908689283,"Instom, стоматологическая клиника",branch,,,1 этаж,,
"Ореховый бульвар, 59 к2",4504128908707859,Центр семейной стоматологии,branch,,,1 этаж,,
"Поречная улица, 27 к2",4504128908720342,"Тале, стоматологическая клиника",branch,,,1 этаж,,
"Авиамоторная улица, 28/6",4504128908756363,Стоматологическая клиника доктора Бондарева,branch,,,1 этаж,,
"улица Земляной Вал, 1/4 ст2",4504128908865914,"Имидж, стоматологический центр",branch,,,1 этаж,,
"улица Покрышкина, 8 к2",4504128908903693,"Академия Дент, стоматологическая клиника",branch,,,1 этаж,,
"Днепропетровский проезд, 4а ст1",4504128908930930,"Лазарь дент, стоматология",branch,,,1 этаж,,
"60-летия Октября проспект, 19",4504128908960758,"Дали-Дент, стоматологическая клиника",branch,,,1 этаж,,
"Тушинская улица, 13",4504128908978104,"Венивита, стоматологическая клиника",branch,,,1 этаж,,
"Каширское шоссе, 107а",70000001006197223,"Грин парк, стоматологическая клиника",branch,,,3 этаж,,
"улица Колонцова, 5",70000001006499017,"Ваш стоматолог!, стоматологическая клиника",branch,,,322 кабинет; 3 этаж,,
"улица Чистова, 4",70000001006654182,"Профи, стоматология",branch,,,4 помещение,,
"улица Левченко, 1",70000001006699677,"Олдент, стоматология",branch,,,,,
"Литейная улица, 42а",70000001006993697,Стоматология,branch,,,1 этаж,,
"улица Маршала Рыбалко, 2 к3",70000001007021120,Стоматологическая клиника,branch,,,207 офис; 1 этаж,,
"Ивовая улица, 6 к2",70000001007199293,"Смайл лайн, стоматологическая клиника",branch,,,1 этаж,,
"улица Чугунова, 15а",70000001007284200,"Смайл дент, Стоматологическая клиника",branch,,,22 офис; 2 этаж,,
"Московская улица, 2в",70000001007357790,"Союз-дент, стоматологический кабинет",branch,,,4 этаж,,
"Заводской проезд, 10",70000001007478780,"Smile-Std, стоматологическая клиника",branch,,,цокольный этаж,,
"Ялтинская улица, 10 к1",70000001007505443,"Дентология, стоматологическая клиника",branch,,,,,
"Авиамоторная улица, 8а ст5",70000001007512516,"Medeka, стоматологическая клиника",branch,,,1 этаж,,
"проезд Циолковского, 2",70000001007535530,Стоматологическая клиника на Циолковского,branch,,,1 этаж,,
"Бакунинская улица, 69 ст1",70000001017256475,"Юрмадент, стоматологическая клиника",branch,,,50 офис; 2 этаж,,
"Советская улица, 15",70000001017402054,"Авидент, стоматологический центр",branch,"Фрязино, Советская улица, 15",Медицинское учреждение,,,
"Минская улица, 1г",70000001017565141,"Практика доктора Волкова, стоматологический центр",branch,,,цокольный этаж,,
"4-й Вятский переулок, 18 к2",70000001017990564,"Элефантдент, клиника академической стоматологии",branch,,,1 этаж,,
"Симферопольский бульвар, 1",70000001018349457,"Гринлайн, стоматологический центр",branch,,,1 этаж; въезд с торца,,
"улица Маршала Тухачевского, 51 к1",70000001018370285,"Dental star, стоматологическая клиника",branch,,,2 этаж,,
"Задонский проезд, 22",70000001018860899,Стоматологическая клиника,branch,,,1 этаж,,
"Советская улица, 19",70000001018940211,"Стомгрэйт, стоматологическая клиника",branch,,,1 этаж,,
"проспект Гагарина, 26 к1",70000001019033116,"Дентатим, стоматологический центр",branch,,,,,
"микрорайон Пронина, 9",70000001019085055,"Смайл, стоматологическая клиника",branch,,,,,
"Набережная улица, 5",70000001019085474,Стоматологический лечебный кабинет,branch,,,цокольный этаж,,
"Коммунистический проспект, 1Б",70000001019086118,"Ваш Доктор, стоматологический центр",branch,,,,,
"Зеленоград, к1649",70000001019101170,Зубоврачебный кабинет,branch,,,1 этаж,,
"улица Давыдова, 16",70000001019148673,"Радуга-09, стоматологическая клиника",branch,,,1 этаж,,
"улица Горького, 8",70000001019170577,"Эстетика, стоматологическая клиника",branch,,,1 этаж,,
"Садовая улица, 1",70000001019207762,"Мистер Дент, стоматология",branch,,,1 этаж,,
"улица Гагарина, 4",70000001019505311,"Доктор-Дент+, стоматологическая клиника",branch,,,1 этаж,,
"посёлок Горки-10, 24а",70000001019530002,"Доктор Ди, центр эстетической стоматологии и имплантологии",branch,,,2 этаж,,
"Полевая улица, 16а",70000001019534842,"Персона+, стоматологическая клиника",branch,,,2 этаж,,
"Тепличная улица, 9в",70000001019537807,"Дентал бест, стоматологическая клиника",branch,,,1 этаж,,
"Первомайская улица, 10",70000001019570989,"32 жемчужины, стоматологическая клиника",branch,,,1 этаж,,
"Молодёжная улица, 64",70000001019924030,"Mdn-dental, стоматологическая клиника",branch,,,1 этаж,,
"Букинское шоссе, 31",70000001020126728,Стоматологический центр,branch,,,1 этаж,,
"Московская улица, 4/1",70000001020165042,"Дент-арт, стоматология",branch,,,1 этаж,,
"улица Воровского, 5",70000001020190572,"Династия, стоматология",branch,,,103 офис; 1 этаж,,
"Зеленоградская улица, 17",70000001020464003,Медицинский стоматологический центр на Зеленоградской,branch,,,1 этаж,,
"Ленская улица, 28",70000001020646847,"Триумф, клиника эстетической стоматологии",branch,,,1 этаж,,
"улица Урицкого, 1а",70000001020724657,Стоматологический кабинет,branch,,,2 этаж,,
"улица Дзержинского, 24/2",70000001020774588,"Инденто, стоматологическая клиника",branch,,,1 этаж,,
"улица Ушакова, 27д",70000001021239883,"Стомасервис, стоматологический центр",branch,,,2 этаж,,
"улица Артюхиной, 8/10",70000001021285471,"Спас-дент, стоматологический кабинет",branch,,,,,
"Ленинградский проспект, 35 ст2",70000001021573794,"Homedent, стоматология",branch,,,313 офис; 2 этаж,,
"Весенняя улица, 3 ст1",70000001021713330,"Таваккуль, стоматологический кабинет",branch,,,1 комната; 8 помещение,,
"Южнобутовская улица, 25",70000001021852430,"Дент-эксперт, стоматологическая клиника",branch,,,1 этаж,,
"улица Комарова, 2 к2",70000001021853957,"Лиарт Дент, клиника современной стоматологии",branch,,,3 помещение; 1 этаж,,
"Собина площадь, 1 к39",70000001022271813,Медсанчасть,branch,"Долгопрудный, Собина площадь, 1 к39",Медицинское учреждение,,,
"Новое шоссе, 7 к2",70000001022314788,"Бористом, стоматологическая клиника",branch,,,1 этаж,,
"Комсомольская улица, 10",70000001022789628,Стоматологический кабинет,branch,,,1 этаж,,
"улица Иванова, 6",70000001022816243,"Дентал, стоматологическая клиника",branch,,,1 этаж,,
"Юбилейная улица, 9",70000001022825411,"Стоматолог, стоматологическая клиника",branch,,,1 этаж,,
"улица Декабристов, 3в",70000001022884800,"Артисдент, стоматологическая клиника",branch,,,1 этаж,,
"улица 3-го Интернационала, 78",70000001022884934,Стоматологический кабинет,branch,,,1 этаж,,
"улица Текстилей, 35",70000001022904094,"Миро-дент, стоматологическая клиника",branch,,,1 этаж,,
"улица Самодеятельная, 10а",70000001022908935,"Ск-элит, стоматологический кабинет",branch,,,1 этаж,,
"Мадонская улица, 12",70000001022953248,Стоматологический кабинет Эдуарда Хабаева,branch,,,1 этаж,,
"набережная 60 лет Октября, 2/1",70000001022957541,Стоматологический кабинет,branch,,,1 этаж,,
"улица 3-го Интернационала, 39",70000001022979120,"Perfectstom, стоматологический центр",branch,,,1 этаж,,
"улица Белякова, 2 к3",70000001022979949,"Спектр-Дент, стоматологическая клиника",branch,,,1 этаж,,
"улица Ленина, 14",70000001022986189,"Ортостом, стоматологическая клиника",branch,,,2 этаж,,
"проспект Ленина, 02 к3",70000001023034000,"Медио-Дент, стоматологическая клиника",branch,,,1 этаж,,
"Люблинская улица, 175",70000001023095458,"Дент Арт, стоматологическая клиника",branch,,,1 этаж,,
"улица Ленина, вл86",70000001023114249,"Целитель, семейная стоматологическая клиника",branch,,,2 этаж,,
"Спортивная улица, 35",70000001023165390,"Отдых-плюс, стоматология",branch,,,1 этаж,,
"2-й Подгорный проезд, 4Б",70000001023291440,"Ваш доктор, стоматологический центр",branch,,,100 офис; 1 этаж; домофон 100,,
"Молодёжный проезд, 1",70000001023314158,"Ден-клиник, стоматологический центр",branch,,,1 этаж,,
"Молодёжная улица, 1",70000001023359022,"Галадент, стоматологический кабинет",branch,,,1 этаж,,
"Лесная улица, 18",70000001023640557,"Alize, стоматологическая клиника",branch,,,1 этаж,,
"улица Гагарина, 19/2",70000001023682979,"Виктория, стоматологическая клиника",branch,,,13 помещение; 2 этаж,,
"Ленинский проспект, 111/1",70000001023719800,"Doctor Shamov, стоматологическая клиника",branch,,,222 офис; 2 этаж,,
"бульвар Дмитрия Донского, 12",70000001023755752,Стоматологический кабинет,branch,,,1 этаж,,
"улица Хрипунова, 3",70000001023755807,"Dent+, стоматологический центр",branch,,,1 этаж,,
"улица Куйбышева, 45в",70000001023761224,"Сферамед, стоматологическая клиника",branch,,,3 офис; 1 этаж,,
"улица Кузьмина, 15",70000001023761370,"Твид, стоматология",branch,,,1 этаж,,
"улица Святого Константина, 7",70000001023813563,"Оникс, стоматологическая клиника",branch,"Электрогорск, улица Святого Константина, 7",Медицинское учреждение,,,
"улица Кирова, 86",70000001023827668,"Эстетикдент, стоматологический кабинет",branch,,,,,
"улица Герцена, 11/1",70000001023829218,"Продент, стоматологическая клиника",branch,,,2 этаж,,
"Октябрьская улица, 11",70000001023846135,"Ваш доктор, стоматологический кабинет",branch,,,2 этаж,,
"улица Сазонова, 5",70000001023858491,Стоматологический центр на Сазонова,branch,,,1 этаж; вход с торца,,
"2-й микрорайон, 38Б",70000001023896060,"Елена, стоматологический центр",branch,,,,,
"улица Девичье поле, 10",70000001023904730,"Ваш стоматолог, стоматологический центр",branch,,,1 этаж,,
"улица Гаврилова, 4/1",70000001023907300,"Дантист, стоматологический центр",branch,,,2 этаж,,
"улица Гаврилова, 4",70000001023908004,"Улыбка, медицинский центр",branch,,,183-184 павильон; 3 этаж,,
"Сиреневый бульвар, 2",70000001023908079,"Медгност, стоматологический центр",branch,,,1 этаж,,
"улица Дзержинского, 4",70000001023951955,"Алекс дент, стоматологическая клиника",branch,,,222 помещение; 1 этаж,,
"Красноармейская улица, 25а",70000001023965590,"Алвадент, стоматология",branch,,,1 этаж,,
"улица Октябрьской революции, 366/2",70000001023999841,Клиника доктора Балуева,branch,,,228 офис; 2 этаж,,
"улица Октябрьской революции, 404",70000001024004207,"Адонис, стоматологический кабинет",branch,,,302 офис; 3 этаж; левое крыло,,
"улица Дмитриевского, 17",70000001024007687,"Формула Эстетики, стоматологический центр",branch,,,,,
"Молодёжная улица, 17",70000001024010992,"М-дент, стоматологический центр",branch,,,1 этаж,,
"улица Гагарина, 45",70000001024116241,"Жемчужина дент, стоматологическая клиника",branch,,,1 этаж,,
"улица Свердлова, 32 к1",70000001024365646,"Эстер, стоматология",branch,,,1 этаж,,
"посёлок Мечниково, 26",70000001024466258,"Триумф-клиник, стоматологическая клиника",branch,,,23 офис; 3 этаж,,
"Сущёвская улица, 27 ст2",70000001024987889,"Skomnia, стоматологический центр",branch,,,3.10 офис; 3 этаж; 4В подъезд,,
"улица Маяковского, 24",70000001025134046,"Жемчуг, стоматологическая клиника",branch,,,1 этаж,,
"Комсомольская улица, 4",70000001025401536,Медицинский диагностический центр,branch,,,1 этаж,,
"улица Молодцова, 29 к2",70000001025489082,"СВ Стоматология, стоматологический кабинет",branch,,,,,
"Школьный бульвар, 10",70000001025562464,Стоматологический кабинет,branch,,,2 этаж,,
"улица Генерала Белобородова, 32",70000001025574193,"Династия, стоматология",branch,,,1 этаж,,
"улица Александры Монаховой, 95 к2",70000001025633685,"viavita.ru, стоматологическая клиника",branch,,,,,
"Пролетарский проспект, 19 к3",70000001025767918,Стоматологический кабинет,branch,,,1 этаж,,
"Луговая улица, 1",70000001025988744,"Денталстом, стоматология",branch,,,1 этаж,,
"Октябрьская улица, 1",70000001026457013,"Улыбка, стоматологическая клиника",branch,,,,,
"Сущёвская улица, 27 ст2",70000001026592564,"Дента престиж клиник, стоматологическая клиника",branch,,,1 этаж,,
"Солнцевский проспект, 10",70000001026742942,"Дент плазис, стоматологический центр",branch,,,1 этаж,,
"Заводская улица, 9",70000001026798322,"Атд Клиник, стоматологический центр",branch,,,1 этаж,,
"улица Ухтомского Ополчения, 8",70000001026836651,"Вита дент, стоматологический центр",branch,,,1 этаж,,
"улица Косыгина, 5",70000001026886404,"Сказка, детская стоматологическая клиника",branch,,,цокольный этаж,,
"Акуловский проезд, 4а",70000001027534328,Стоматологический кабинет,branch,,,1 этаж,,
"Привокзальная улица, 22а",70000001027538843,"Дентал-сервис, стоматологический центр",branch,,,3 этаж,,
"проезд Шокальского, 49 к2",70000001027614177,"Дэнталюкс, стоматологический центр имплантации и ортодонтии",branch,,,1 этаж,,
"улица Багрицкого, 3 к1",70000001027654089,"ClearStom, стоматологическая клиника",branch,,,1 этаж,,
"улица Октябрьской революции, 161",70000001028161971,"Семейный доктор, стоматология",branch,,,1 этаж,,
"Комсомольский переулок, 61",70000001028207867,"XXI век, стоматология",branch,,,1 этаж,,
"улица Ленина, 78",70000001028223592,"Альтодент, стоматология",branch,,,5 этаж,,
"улица Дугина, 17 к3",70000001028294481,Стоматология доступного качества,branch,,,,,
"Большая Московская улица, 29",70000001028311616,"Вита дент, стоматологическая клиника",branch,,,2 этаж,,
"Красноармейская улица, 24",70000001028319895,"Дентикс, стоматологическая клиника",branch,,,2 этаж,,
"улица 40 лет Октября, 5а",70000001028369122,"Квартал стом, стоматологический центр",branch,"Киржач, улица 40 лет Октября, 5а",Медицинское учреждение,,,
"Сущёвская улица, 27 ст5",70000001028613457,"Protetica, стоматологическая клиника",branch,,,,,
"улица Полиграфистов, 1",70000001028767592,Стоматологический кабинет,branch,,,119А кабинет; 1 этаж,,
"проспект Мира, 31",70000001028774254,"Статускво, стоматологическая клиника",branch,,,17 помещение; 1 этаж,,
"Парковая улица, 2/2",70000001028794179,"Сермис, медицинский центр",branch,,,,,
"Железнодорожная улица, 14а",70000001028922214,"Твой доктор, центр стоматологии",branch,,,цокольный этаж,,
"Зелёная улица, 2",70000001029288815,Стоматологическая клиника,branch,,,1 этаж,,
"улица Ломоносова, 119 к2",70000001029466941,"Семейный доктор, стоматология",branch,,,1 этаж,,
"улица Советской Конституции, 2а",70000001029549150,"Privat Doctor, стоматологический кабинет",branch,,,2.1 павильон; 2 этаж,,
"Советская улица, 8 к2",70000001029689530,"Террастом, стоматология",branch,,,1 этаж,,
"проспект Мира, 68 ст1",70000001029747050,"Кабинет Плюс, стоматологическая клиника",branch,,,511 офис; 5 этаж,,
"Краснополянская улица, 28г",70000001029815294,"Стоматолог и Я, клиника",branch,,,,,
"Биокомбината посёлок городского типа, 16",70000001029843724,"Эвидент, стоматология",branch,,,1 этаж,,
"Арбатская улица, 13",70000001029864308,Стоматологический кабинет,branch,,,1 этаж,,
"улица Маршала Василевского, 1 к1",70000001029870255,"Лик, стоматологическая клиника",branch,,,1 этаж,,
"Совхозная улица, 13",70000001029996364,"Доктор Зубнофф, стоматологическая клиника",branch,,,2 этаж,,
"Школьный бульвар, 9",70000001030106049,"Смайл, стоматология",branch,,,2 этаж,,
"Береговая улица, 16",70000001030117060,"Денто, стоматология",branch,,,4 офис; 1 этаж,,
"5-й микрорайон, 21",70000001030138816,"Смайл, стоматологический центр",branch,,,1 этаж,,
"улица Кирова, 46",70000001030169328,"Мастер-дент, стоматология",branch,,,1 этаж,,
"Перекопская улица, 34 к2",70000001030376024,"Dentium, стоматологическая клиника",branch,,,1 этаж,,
"улица Наташи Ковшовой, 17",70000001030442629,"Альтернатива, стоматологическая клиника",branch,,,1 этаж,,
"Столярный переулок, 3 к3",70000001030546517,"Грин, стоматологическая клиника",branch,,,1 этаж,,
"улица Гагарина, 41",70000001031297474,"Новая медицина, стоматологическая клиника",branch,,,1 этаж,,
"Ленинский проспект, 139",70000001031338878,"Эталон, стоматология",branch,,,11 помещение; 1 этаж,,
"улица Генерала Глаголева, 19",70000001031391565,"КерамаДент, стоматологическая клиника",branch,,,1 этаж,,
"Октябрьская улица, 5",70000001031582913,"Стоматолог-с, стоматологическая клиника",branch,,,2 этаж; правое крыло,,
"Мироновская улица, 25",70000001031933542,"ДаоДент, стоматологический центр",branch,,,1 этаж,,
"Бескудниковский проезд, 2 к1",70000001031956859,"Эль Сэм Мед, стоматологическая клиника",branch,,,,,
"1-й Советский переулок, 25 ст1",70000001032082685,"Сити-дент, стоматологическая клиника",branch,,,2001 офис; 2 этаж,,
"Спасо-Тушинский бульвар, 8",70000001032725495,"Армдент, стоматология",branch,,,1 этаж,,
"проспект Мира, 102 ст34",70000001032734986,"Best smile clinic, стоматология",branch,,,210 офис; 2 этаж; 2 подъезд,,
"Средняя Калитниковская улица, 24",70000001032796035,"Дина и к1, стоматологическая клиника",branch,,,,,
"улица Вавилова, 48",70000001033103836,"Эстет Плюс, стоматология",branch,,,1 этаж,,
"2-я Мелитопольская улица, 21 к3",70000001033411157,"Дентал м, стоматология",branch,,,,,
"проспект Мира, 13",70000001033428381,"Миладент, стоматологическая клиника",branch,,,1 этаж; вход с обратной стороны,,
"Электроизолятор посёлок, 52",70000001033548210,"Стомат и Ко, стоматологический кабинет",branch,,,,,
"1-й Волконский переулок, 11 ст2",70000001033679067,"VSP-dental, клиника имплантации доктора Вааля",branch,,,1 этаж,,
"Владимирская улица, 29",70000001033860242,"Дантист, стоматологический центр",branch,,,2 этаж,,
"Красная улица, 81",70000001033937327,"Аливко дент, стоматологический кабинет",branch,,,1.13 офис; 1 этаж,,
"Борисовский проезд, 42 к1",70000001034470685,"32 зуб, семейная стоматология",branch,,,1 этаж; с обратной стороны дома,,
"улица Гагарина, 16",70000001034523147,Стоматологический центр,branch,,,,,
"1-й Советский переулок, 25 ст1",70000001034613372,"Renaissance dent, стоматологическая клиника",branch,,,307 офис; 3 этаж,,
"улица Добролюбова, 19",70000001034652581,"Эконом-Дент, стоматологический центр",branch,,,1 этаж,,
"улица Победы, 14а",70000001034736510,"Al dente, стоматологическая клиника",branch,,,21 офис; 2 этаж,,
"Дубнинская улица, 12 к2",70000001035222290,Стоматология,branch,,,,,
"Тверская улица, 6 ст3",70000001035278111,"Оптима Супер, стоматологическая клиника",branch,,,цокольный этаж; справа от подъезда 23,,
"улица Толбухина, 10 к1",70000001035390295,"Сетунь, стоматологическая клиника",branch,,,2 этаж,,
"Дмитровское шоссе, 157 ст12",70000001035498659,"Добрый доктор, стоматологический центр",branch,,,2 этаж,,
"улица Мира, 4а",70000001035733398,"Левадент, стоматология",branch,,,1 этаж,,
"Каширское шоссе, 142 к1",70000001035819157,"Дантес, стоматологическая клиника",branch,,,,,
"улица Дмитрия Михайлова, 2",70000001035901986,"New Smile, стоматологический центр",branch,,,2 помещение; 1 этаж,,
"Советская улица, 41",70000001037599506,Стоматология Для Всех,branch,,,,,
"1-я Новокузьминская улица, 19",70000001037665763,"Стом.ру, стоматологическая клиника",branch,,,2 этаж,,
"Успенское село, 34",70000001037769090,"Клиника Эффективной стоматологии, стоматологическая клиника",branch,,,в1 офис,,
"посёлок подсобного хозяйства Воскресенское, 39",70000001038153178,"Арт-Дент, стоматологическая клиника",branch,,,1 этаж,,
"улица Победы, 11",70000001038217151,"Дента, стоматология",branch,,,,,
"улица Свердлова, 14",70000001038401423,"Примадент, стоматологический кабинет",branch,,,1 этаж,,
"1 Мая 2-й переулок, 11",70000001038470422,Стоматологический кабинет,branch,,,,,
"улица Большие Каменщики, 1",70000001038531709,"АльфаСкан, центр стоматологической рентгенодиагностики",branch,,,9 офис; 4 этаж,,
"Новолесная улица, 17/21",70000001038555713,Стоматологическая клиника доктора Сафроновой,branch,,,1 этаж,,
"Долевая улица, 27",70000001039229151,"Улыбка, стоматология",branch,,,1 этаж,,
"5-й микрорайон, 10",70000001039493415,Стоматологический кабинет,branch,,,4 офис; 1 этаж,,
"Молодёжная улица, 1",70000001039656201,Кабинет стоматолога,branch,,,,,
"улица Костякова, 12 ст2",70000001039713350,"Эстедент-РДМ, стоматологическая клиника",branch,,,1 этаж,,
"проспект Ленина, 25",70000001039763662,"Блеск, стоматологический центр",branch,,,22 офис; 2 этаж,,
"улица Ленина, 99",70000001039830303,"Мечта, стоматология",branch,,,2 этаж,,
"улица Ленина, 99",70000001039898112,Стоматология доктора Брюквина,branch,,,1 этаж; бизнес-центр Галерея,,
"Комсомольская улица, 22а",70000001039923480,"Элигенс дентал, стоматологическая клиника",branch,,,1 этаж,,
"Советская улица, 22",70000001039946664,"Зубной доктор, стоматологический кабинет",branch,,,1 этаж,,
"улица Менделеева, 13а",70000001040194525,Стоматологический кабинет,branch,,,1 этаж,,
"Строгинский бульвар, 26 к2",70000001040258722,"Сервис-дент, стоматологический кабинет",branch,,,1 этаж,,
"Садовый проезд, 3",70000001040306562,"Vivadent, стоматологическая клиника",branch,,,1 этаж,,
"5-й микрорайон, 13",70000001040382558,"Окула-Дент, стоматология",branch,,,1 этаж,,
"улица Зелинского, 20а",70000001040456861,"Мистал, стоматологический кабинет",branch,,,2 этаж,,
"улица Коминтерна, 1а",70000001040545538,Стоматологический кабинет,branch,,,2 этаж,,
"Мадонская улица, 28 к3",70000001040599863,Стоматологический кабинет,branch,,,1 этаж,,
"посёлок Щапово, 54",70000001040819615,"Фрея, стоматологическая клиника",branch,,,1 этаж,,
"улица Королёва, 4 ст1",70000001041008675,"Интердент, стоматологическая клиника",branch,,,2 этаж,,
"Шоссейная улица, 252а",70000001041112092,"Артиго, стоматологическая клиника",branch,"Быково, Шоссейная улица, 252а",Медицинское учреждение,,,
"Святоозёрская улица, 15",70000001042599957,"Солнышко, детский медицинский центр",branch,,,1 этаж,,
"Зеленоград, к1126",70000001042604506,"Ника орто, стоматологическая клиника",branch,,,,,
"улица Татищева, 3",70000001042656594,Клиника цифровой ортодонтии Дениса Проценко,branch,,,1 этаж,,
"Черноморский бульвар, 4 к2",70000001042876973,"Стом-дарт-плюс, стоматологическая клиника",branch,,,1 этаж,,
"Школьная улица, 12",70000001043536371,"Семейная стоматология, стоматологический центр",branch,,,1 этаж,,
"шоссе 1-е Успенское, ст25",70000001043775552,"Gdent, стоматологическая клиника",branch,,,3 этаж,,
"Митинская улица, 44",70000001044202367,"Стомасервис, стоматологическая клиника",branch,,,1 этаж,,
"Панино-Малино 1 километр, вл1",70000001044287320,"Найс смайл, стоматологическая клиника",branch,,,2 этаж,,
"2-я Институтская улица, 24а",70000001044427328,"Софья Дент, стоматология",branch,,,1 этаж,,
"Школьная улица, 38",70000001044524974,"Смайл, стoматологическая клиника",branch,,,1 этаж,,
"микрорайон Рекинцо-2, 5",70000001044567882,"Медэст, стоматологическая клиника",branch,,,2 этаж,,
"Корабельная улица, 1 ст1",70000001045242519,Стоматологическая клиника,branch,,,2 этаж,,
"улица Академика Виноградова, 9",70000001045266496,"KmClinic, клиника эстетической стоматологии",branch,,,1 этаж,,
"улица Девичье поле, 12 к1",70000001045508138,"Зубной доктор, стоматологический центр",branch,,,1 этаж,,
"Юбилейная улица, 31",70000001045925398,Стоматология доктора Скрябиной,branch,"Юрлово, улица Лесная, 1 / Юбилейная улица, 31",Коттедж,,,
"улица Карла Маркса, 20",70000001046018520,"Семейный доктор, стоматология",branch,,,1 этаж,,
"улица Намёткина, 8 ст1",70000001046347113,Nametkin clinic,branch,,,403 офис; 4 этаж,,
"Садовая улица, 3 к2",70000001046468205,Стоматология,branch,,,1 этаж,,
"улица Газопровод, 15",70000001046617546,"Соло-бис, медицинский центр",branch,,,1 этаж,,
"улица Ялагина, 10",70000001046637831,Электростальская стоматологическая поликлиника,branch,,,1 этаж,,
"КИЗ Горки-8, 275",70000001046784166,"Rimpl, стоматологический центр",branch,,,58 помещение; 3 этаж,,
"набережная Новикова-Прибоя, 3 к2",70000001046926022,"Ципсав, стоматологический центр",branch,,,1 этаж,,
"Берёзовая улица, 4",70000001047078497,"Светлана, стоматологическая клиника",branch,,,1 этаж,,
"Изюмская улица, 39 к1",70000001047647063,"Апекс, стоматология",branch,,,,,
"жилой комплекс Бутово-Парк, 28",70000001047945540,"Бутово парк, стоматологический центр",branch,,,,,
"Привокзальная площадь, 9",70000001048392349,"Дентария, стоматологическая клиника",branch,,,1 этаж,,
"улица Александра Солженицына, 6а ст1",70000001048620409,"MoscowDent, стоматологическая клиника",branch,,,"2, 9 кабинет; 2 этаж",,
"улица Дмитрия Ульянова, 27",70000001048718077,"Деви Дент, стоматологическая клиника",branch,,,1 этаж,,
"Октябрьская улица, 7",70000001048749615,"Евродент, стоматологический центр",branch,,,2 этаж,,
"Кочновский проезд, 4 к1",70000001048909862,"Dr.Bleach, стоматологическая клиника",branch,,,2 этаж; синяя вывеска,,
"Грузинский Вал улица, 26 ст3",70000001048915534,"Yarantsev Dental Group, центр стоматологии и эстетики",branch,,,1 этаж,,
"посёлок Подосинки, 50",70000001048942949,"Алёнка, стоматология",branch,,,,,
"улица Академика Анохина, 2 к3",70000001049080800,"Икка-дент, стоматологическая клиника",branch,,,1 этаж,,
"Лесная улица, 82",70000001049210147,"Константа дент, стоматологическая клиника",branch,,,1 этаж,,
"Спортивная улица, 12/1",70000001049250957,"Маяк, стоматология",branch,,,,,
"деревня Огуднево, 48",70000001049257689,Медидент,branch,,,,,
"Самокатная улица, 2а ст1",70000001049551718,"Iris, научно-производственная компания",branch,,,1 этаж,,
"Дегунинская улица, 3 к3",70000001049574604,"Паритетстом, стоматологический центр",branch,,,1 этаж,,
"Кутузовский проезд, 4",70000001049811974,"Св. Пантелеймон, стоматологическая клиника",branch,,,2 этаж,,
"Ленинский проспект, 146",70000001049881033,Стоматологический центр доктора Жака,branch,,,332 офис; 3 этаж,,
"Зелёный посёлок, 50а",70000001049881059,"Лада, стоматологическая клиника",branch,,,,,
"микрорайон Строителей, 12",70000001049881081,"Стоматология, пгт. Некрасовский",branch,,,,,
"Пионерская улица, 6",70000001049903974,"Твой стоматолог, стоматология",branch,,,1 помещение,,
"Вернадского проспект, 94 к4",70000001049939689,Учебно-диагностический центр доктора Антоника,branch,,,2 этаж,,
"Сиреневый бульвар, 32а",70000001050213366,"Медэксперт, стоматологическая клиника",branch,,,,,
"3-й Крутицкий переулок, 11",70000001050273808,"Dental&cosmetology clinic, клиника стоматологии и косметологии",branch,,,2 этаж,,
"Московское шоссе, 59 к1",70000001050905341,Стоматология,branch,,,,,
"Белореченская улица, 5",70000001051274567,Стоматологический центр,branch,,,1 этаж,,
"Краснобогатырская улица, 90",70000001051609455,"ST, стоматологическая клиника",branch,,,1 этаж,,
"улица Плещеева, 16",70000001053438447,"003, стоматология",branch,,,1 этаж,,
"Скобелевская улица, 23 к6",70000001054102480,"Россадент, стоматологический центр",branch,,,,,
"улица Талсинская, 24а",70000001054217239,Стоматологический кабинет,branch,,,2 этаж,,
"улица Льва Яшина, 7",70000001054265266,"Алви Дент, стоматология",branch,,,1 этаж,,
"набережная Циолковского, 12/24",70000001054315604,Стоматологическая клиника,branch,,,,,
"улица Полиграфистов, 14а",70000001054362006,"White&Smile international, центр отбеливания зубов",branch,,,303 офис; 303 кабинет; 3 этаж,,
"улица Талсинская, 24а",70000001054392906,Стоматологический кабинет,branch,,,2 этаж,,
"улица Жуковского, 14/18",70000001054732634,"Милена-Дент, стоматологическая клиника",branch,,,1 этаж,,
"Московская улица, 84 к2",70000001054810265,"Прима дент, стоматологическая клиника",branch,,,1 этаж,,
"Ленинский проспект, 44",70000001054944407,"Msrcenter, стоматология",branch,,,цокольный этаж,,
"улица Василия Фабричнова, 12",70000001055035408,"Звенигород, стоматологический центр",branch,"Звенигород, улица Василия Фабричнова, 12",Частный дом,,,
"Зеленоградская улица, 33 к1",70000001055140281,"Эстетик, стоматологическая клиника",branch,,,1 этаж,,
"улица Победы, 5а",70000001055524337,"Мивладент, стоматология",branch,,,1 этаж,,
"Татьянин Парк улица, 19 к1",70000001055621327,Диана,branch,,,4 кабинет; 2 этаж,,
"Нахабинское шоссе, 1 к1",70000001055656329,"Азбука здоровья зубов, стоматологическая клиника",branch,,,,,
"Центральная улица, 20а",70000001055962787,Стоматология на Центральной,branch,,,1 этаж,,
"Шарикоподшипниковская улица, 11 ст7",70000001056384783,"Лояль медицина, стоматологическая клиника",branch,,,225 офис; 2 этаж,,
"Петровский бульвар, 6а",70000001056408083,"Dr.Smile, стоматологическая клиника",branch,,,1 этаж,,
"проспект Ленина, 08а",70000001056930285,"Лемма, стоматология",branch,,,1 этаж,,
"Коммунистическая улица, 49",70000001057390852,"Эконом-дент, стоматологический центр",branch,,,,,
"улица 40 лет Октября, 11",70000001057666569,"Эстэт, стоматология",branch,,,2 этаж,,
"Новоясеневский проспект, 1а ст1",70000001057797347,"Добрый Дента, стоматологический кабинет",branch,,,2 этаж,,
"Южнобутовская улица, 109",70000001058654686,"Мирстом, стоматология",branch,,,1 этаж,,
"Малая Юшуньская улица, 1 к1",70000001058810793,"Планета улыбки, стоматологическая клиника",branch,,,1501 офис; 15 этаж,,
"Вернадского проспект, 127",70000001058857127,"White, стоматологическая клиника",branch,,,1 этаж,,
"Волоколамское шоссе, 30 к2",70000001058881971,Facemicrosurgery,branch,,,4 этаж,,
"Большой Дровяной переулок, 18",70000001059312867,"Ассоциация Российских дантистов, стоматологическая клиника",branch,,,1 этаж,,
"Суздальская улица, 16 к2",70000001059412519,"Династия, центр стоматологии и хирургии",branch,,,1 этаж,,
"проспект Ленина, 72",70000001059745735,"Дентал клиник Старском, стоматология",branch,,,1 этаж,,
"Вокзальная улица, 35",70000001059790603,"Бостом, стоматология",branch,,,11/4 помещение; 1 этаж,,
"2-я Парковая улица, 13",70000001059939127,"АльбусДент, кабинет стоматологии",branch,,,1 этаж,,
"Пятницкое шоссе, 11",70000001060272910,"Денто-Максима, стоматологический центр",branch,,,,,
"улица Плещеева, 4 к1 ст5",70000001060747891,Стоматологический кабинет,branch,,,1 этаж,,
"Лукинская улица, 14",70000001060868326,"АлексСтом, стоматологическая клиника",branch,,,1 этаж,,
"Языковский переулок, 5 к4",70000001060966542,Стоматологическая клиника,branch,,,,,
"Вернадского проспект, 101 к8",70000001061138723,Мировые стоматологи,branch,,,1 этаж,,
"Кольцевая улица, 3",70000001061260183,"Sd, стоматологическая клиника",branch,,,14 помещение; 1 этаж,,
"Стрелковая улица, 4",70000001061421402,"Авторская Pride clinic, медицинский центр",branch,,,1 этаж,,
"Северное шоссе, 10",70000001061455656,Улыбка лэнд,branch,,,113 кабинет; 1 этаж,,
"Ивановская улица, 51 к2",70000001061537168,Musin clinic,branch,,,1 этаж,,
"Ленинградская улица, 1",70000001061843601,"Happy dent, стоматология",branch,,,1 этаж,,
"улица Покровка, 1/13 ст1",70000001062538855,"Медея, стоматология",branch,,,,,
"Калужское шоссе 22 километр, 8 ст1",70000001062722788,Стоматологический кабинет,branch,,,,,
"Новочерёмушкинская улица, 44 к1",70000001062734737,"Дантист, стоматологическая фирма",branch,,,213 офис; 2 этаж,,
"Весенняя улица, 29",70000001062861135,"Идеал Смайл, стоматологическая клиника",branch,,,1 этаж,,
"проспект Мира, 24/1",70000001062932479,"VitaDent, стоматология",branch,,,1 этаж,,
"улица Льва Яшина, 7",70000001062934808,"Ismed clinic, стоматология",branch,,,1 этаж,,
"1-й микрорайон, 158",70000001062982389,Кабинет стоматолога,branch,,,2 этаж,,
"Центральный проезд, 17",70000001063017862,"Велес Дент, стоматологическая клиника",branch,,,1 этаж,,
"1-я Волоколамская улица, 60 ст5",70000001063031926,"Восток-запад, стоматологический центр",branch,,,1 этаж,,
"Пожарный переулок, 1",70000001063727449,Стоматология,branch,,,1 этаж,,
"Южная улица, 16а",70000001064347971,"Мидент, стоматологический центр",branch,,,1 этаж,,
"Институтская улица, 11",70000001064939997,"Стомштейн, зубной дом",branch,,,1 этаж,,
"улица Кирова, 10 к1",70000001065472587,"See_I, студия косметического отбеливания зубов",branch,,,цокольный этаж,,
"улица Плещеева, 6",70000001065552836,"И-Дента, стоматологическая клиника",branch,,,1 этаж,,
"улица Клары Цеткин, 33 к24",70000001065581618,"Профидент, стоматология",branch,,,2 этаж,,
"бульвар Яна Райниса, 31",70000001065989168,"Dentry-clinic, стоматологическая клиника",branch,,,,,
"микрорайон Поваровка, 16",70000001066019822,Стоматологический кабинет,branch,,,1 этаж,,
"набережная Тараса Шевченко, 3 к3",70000001066051741,Стоматология,branch,,,1 этаж,,
"Истра посёлок, 50 к1",70000001066229131,"АиС Дент, стоматология",branch,"Истра, Истра посёлок, 50 к1",Магазин,,,
"Новоясеневский проспект, 2а",70000001066262039,"Дента+, многопрофильный медицинский центр",branch,,,2 этаж,,
"улица Хромова, 3",70000001066771124,"Глобалдент, стоматологическая клиника",branch,,,430 офис; 4 этаж,,
"Карповская улица, 59",70000001066880798,Стоматология,branch,,,1 этаж,,
"Ладожская улица, 8",70000001066909943,"SkyLine Dental Office, стоматология",branch,,,1 этаж,,
"Озерковская набережная, 50 ст1",70000001067454774,Стоматологический кабинет Лежниной О.В.,branch,,,115 офис; 1 этаж,,
"улица Курыжова, 19 к1",70000001067884373,"Юдент, стоматологическая клиника",branch,,,1 этаж,,
"Староволынская улица, 12 к4",70000001067896369,"Доктор Дол, стоматологическая клиника",branch,,,1 этаж,,
"улица Жирохова, 1",70000001067911175,"Стоматолог и Я, кабинет стоматолога",branch,,,2 этаж,,
"МКАД 14 километр, 30",70000001068290508,Стоматологический кабинет,branch,,,2-17/18И кабинет; 2 этаж,,
"улица Лавриненко, 13 к2",70000001068426371,Стоматологический кабинет,branch,,,1 этаж,,
"улица Карла Маркса, 1/1",70000001068751091,"КрасДент, стоматологический центр",branch,,,1 этаж,,
"МКАД 19 километр, вл20 ст1",70000001069411884,Стоматология,branch,,,2 этаж,,
"Адмирала Лазарева улица, 55",70000001069525265,"Elnor medical, стоматологическая клиника",branch,,,,,
"улица Орлова, 26",70000001075088943,"Платина, стоматологическая клиника",branch,,,1 этаж,,
"Вокзальная улица, 2",70000001075516283,Стоматологический кабинет,branch,,,2 этаж,,
"Комсомольская улица, 80",70000001075542615,"Vendenta, стоматологическая клиника",branch,,,1 этаж,,
"улица Татьяны Макаровой, 10",70000001075639849,Кабинет гигиениста-стоматолога,branch,,,стоматологический центр Smile Estetic,,
"Московский проспект, 44",70000001075896700,"Лира Стом, стоматологическая клиника",branch,,,1 этаж,,
"улица Амет-хан Султана, 15 к1",70000001076232222,Стоматологический центр,branch,,,,,
"1-я Брестская улица, 66",70000001078595424,Стоматология,branch,,,16 офис; 2 этаж,,
"Обуховская улица, 50Б",70000001078703046,"Вера Мед, стоматология",branch,,,1 этаж,,
"улица 9 Мая, 10Б",70000001078764501,Семейная клиника доктора Абрамова,branch,,,,,
"Пресненская набережная, 12",70000001078954926,"Keep Smiling, стоматологическая клиника",branch,,,80 этаж,,
"Ленинская улица, 58",70000001078994129,"Проф Мед, стоматология",branch,,,,,
"Хлебников переулок, 4 ст2",70000001079698411,Стоматология доктора Крихели,branch,,,,,
"Хлебников переулок, 4 ст2",70000001079698421,Стоматологическая клиника,branch,,,,,
"улица Самуила Маршака, 19",70000001079699382,"Soprano, стоматологическая клиника",branch,,,1 этаж,,
"улица Гоголя, 6",70000001079845949,Стоматологический кабинет,branch,,,1 этаж,,
"5-й микрорайон, 18",70000001079958244,"Натали дентал, стоматология",branch,,,1 этаж,,
"Спасская улица, 1 к2",70000001080051040,"Майстом, стоматологический центр",branch,,,1 этаж,,
"Челобитьевское шоссе, 2 к1",70000001080104871,"УлыбкаДент, стоматология",branch,,,,,
"Донская улица, 1",70000001080111540,"Стиль дент, стоматология",branch,,,19 помещение; 1 этаж,,
"Свободный проспект, 37 к2",70000001080372569,"Lux Stom, стоматологическая клиника",branch,,,,,
"улица Чистяковой, 80",70000001080685501,"Doкторс груп, стоматология",branch,,,,,
"Волгоградский проспект, 105 к2",70000001081328516,"Базис Дент, стоматология",branch,,,1 этаж,,
"Юбилейная улица, 3а",70000001081669308,"Мдц Здоровье, стоматологический центр",branch,,,2 этаж,,
"улица Дугина, 2а",70000001081693128,"Зубной стражник, стоматологический кабинет",branch,,,27 помещение; 3 этаж,,
"Новгородская улица, 37",70000001082064976,Стоматология,branch,,,,,
"9-я Парковая улица, 48",70000001082357082,"Магия улыбки, стоматологическая клиника",branch,,,1 этаж,,
"улица Руднёвка, 2",70000001082783980,Стоматологический кабинет,branch,,,1 этаж; вход со двора,,
"Дмитровский проезд, 20 к2",70000001083262460,"Ads, стоматологическая клиника",branch,,,1 этаж,,
"Чеховский переулок, 10а",70000001083680085,"ГранАТ, стоматология",branch,,,1 этаж,,
"улица Маркова, 70",70000001083763812,Мдм дентал,branch,,,,,
"улица Гагарина, 32",70000001083951742,"3-А Дент, стоматология",branch,,,2 этаж,,
"Симферопольское шоссе, 1в",70000001084127414,"Love Dental, стоматологическая студия",branch,,,1 этаж,,
"Зелёная улица, 25",70000001084427058,"Дентамина, стоматология",branch,,,1 этаж,,
"Андропова проспект, 22",70000001084563280,"RuDentAI, стоматология",branch,,,1 офис; 1 этаж,,
"улица Кирова, 3 ст3",70000001085343847,Стоматологический кабинет,branch,,,,,
"Тестовская улица, 10",70000001086724173,Стоматологический кабинет,branch,,,,,
"улица Генерала Ермолова, 2",70000001086917814,"Вива дент, стоматология",branch,,,1 этаж,,
"1-й микрорайон, к1",70000001087224156,Art smile,branch,,,9 помещение,,
"улица Кирова, 19",70000001087224167,"Innдента, стоматологический центр",branch,,,1 этаж,,
"Кутузовский проспект, 30",70000001087225278,"Redenta, стоматология",branch,,,,,
"Торговая улица, ст2",70000001087225452,Nice smile,branch,,,,,
"Троицкая улица, 8",70000001087225503,"Dr.Polueshkin, стоматология",branch,,,,,
"улица Ленина, 27",70000001087279334,"DM, стоматология",branch,,,1 этаж,,
"улица Атласова, 3",70000001087320625,Бегма Дент,branch,,,,,
"улица Старомихневская, вл33",70000001087321288,"Медея, стоматологический кабинет",branch,,,,,
,70000001087590565,Мастерская по ремонту зубных протезов,branch,,,,,
"Солнечная улица, 6",70000001087628937,"Медцентр на Солнечной, стоматология",branch,,,,,
"2-й Хорошёвский проезд, 7 к1",70000001087638684,Стоматология Максимова С.В.,branch,,,,,
"Народная улица, 20 ст1",70000001088236433,"Lucidus, клиника эстетической стоматологии",branch,,,1 помещение; 1 этаж,,
"Хлебников переулок, 4 ст2",70000001088730872,Стоматологический кабинет Шаповалова,branch,,,,,
"Изюмская улица, 47 к4",70000001089014480,БутовоСтом,branch,,,1 этаж,,
"улица Марии Ульяновой, 8",70000001089118256,"Vita clinic, стоматологическая клиника",branch,,,10 помещение; 1 этаж,,
"улица 3-е Почтовое отделение, 77",70000001089426129,"True Dent, стоматология",branch,,,2 этаж,,
"Люблинская улица, 171",70000001089548602,"ЗодиакДент, стоматология",branch,,,,,
"Алтуфьевское шоссе, 96",70000001089896091,"Зубов, стоматология",branch,,,,,
"Вернадского проспект, 39",70000001090100161,Авторская стоматология Доктора Маринич,branch,,,537 офис; 5 этаж; вход через клинику Стоун-дент,,
"Шарикоподшипниковская улица, 40",70000001090398470,Медицинский центр здоровья,branch,,,,,
,70000001090440908,"АлисаМед, медицинский центр",branch,,,,,
"улица Хрипунова, 1",70000001091759917,Моларис,branch,,,1 этаж; вход со двора,,
"площадь Ленина, 1 ст1",70000001091801645,"SRS, стоматология",branch,,,309 офис; 3 этаж,,
"Адмирала Лазарева улица, 35",70000001092687767,"Бон Дент, стоматологическая клиника",branch,,,1 этаж; слева от 1-го подъезда,,
"Скандинавский бульвар, 19",70000001092804121,"Магия улыбки, стоматология",branch,,,1 этаж,,
"Советская улица, 21в",70000001093389346,"Зубок, стоматологический кабинет",branch,"Долгое Ледово, Советская улица, 21в",Частный дом,,,
"улица Пушкина, 27а/1",70000001093683211,"Надин дент, стоматологический кабинет",branch,,,2 этаж,,
"Хлебников переулок, 4 ст2",70000001093824063,Стоматологический кабинет,branch,,,,,
"Шоссейная улица, 1а",70000001093827013,"Шик Дент, стоматологический центр",branch,,,210 офис; 2 этаж,,
"улица Говорова, 50",70000001093882615,"Венский салон, стоматология",branch,,,12 помещение; 1 этаж,,
"Цветной бульвар, 24 к2",70000001093895065,"Dental d club, стоматологическая клиника",branch,,,2 этаж,,
"микрорайон Пронина, к2",70000001093952414,"Денто-максима, стоматологическая клиника",branch,,,,,
"Центральная улица, 35",70000001093953262,"Эконом-Дент, стоматология",branch,"Воскресенск, Центральная улица, 35",Частный дом,,,
"улица Удальцова, 5 к1",70000001094066375,"Кабинет стоматолога, г. Москва",branch,,,21 офис; 1 этаж,,
"Азовская улица, 15",70000001094096602,Клиника стоматологии и ортодонтии Нувахова Н.Р.,branch,,,,,
"улица Некрасова, 18а",70000001094798661,"Катуар Дента, стоматология",branch,,,,,
"Малая Семёновская улица, 13",70000001095286287,"Поликлиника №64, платное отделение",branch,,,1 этаж,,
"Проектируемый 4062-й проезд, 6 ст1",70000001095318405,"IQ Smile, студия косметического отбеливания зубов",branch,,,5 этаж,,
"1-й Трудовой переулок, 4",70000001095328386,"D. S. A., стоматологическая клиника",branch,,,,,
"улица Колпакова, к23",70000001095329261,"DentalSmile, стоматология",branch,,,2.12 офис; 2 этаж,,
"Бескудниковский бульвар, 13",70000001095329556,"Алсим 2003, стоматологический центр",branch,,,6 помещение,,
"Хлебников переулок, 4 ст2",70000001095329611,Кабинет ортодонта,branch,,,,,
"Ленинский проспект, 83",70000001095331562,Кабинет челюстно-лицевого хирурга,branch,,,,,
"Пролетарская улица, 20Б",70000001096219987,ЮмиДент,branch,,,,,
"Молодёжная улица, 6а",70000001096449063,"Доктор Плюс, стоматологическая клиника",branch,"Большое Буньково, Молодёжная улица, 6а",Объект,,,
"Староандреевская улица, 43 к2",70000001096459714,"Новый Уровень, стоматологическая клиника",branch,,,,,
"улица Талалихина, 6-8/2 ст3",70000001097028516,Центр имплантации,branch,,,1 этаж; в центре MG clinic,,
"улица Поляны, 5а к3",70000001097044624,Мелодия Улыбки,branch,,,,,
"Профсоюзная улица, 65 к1",70000001097046937,Dr. Drobotushenko,branch,,,1 этаж,,
"посёлок совхоза им. Ленина, 8а",70000001097169480,Стоматология,branch,,,306 офис; мансардный этаж,,
"Береговая улица, 13",70000001097176473,"Стоматологическая клиника, г. Москва",branch,"Береговая улица, 13",Медицинское учреждение,,,
"Институтская улица, 2Б",70000001097260255,"Денталь, центр имплантации",branch,,,1 помещение,,
"1-я Владимирская улица, 10а",70000001097303346,Многопрофильный Медицинский Центр,branch,,,4 офис; 1 этаж,,
"улица Семёна Гордого, 1",70000001097638990,"Врачебная Практика, медицинский центр",branch,,,"вход рядом с Гемотест, угол здания",,
"улица Тихонова, 71",70000001098033964,Стоматология,branch,,,,,
"Плещеевская улица, 56в",70000001098263556,"HP Plus, cтоматология",branch,,,рядом c Почтой России,,
"улица Андреса, 3а",70000001098265307,Стоматология,branch,,,2 этаж,,
"улица Чикина, 8Б",70000001098333819,"Ньюсмайл, стоматология",branch,,,2 этаж,,
"Большая Черкизовская улица, 22 к1",70000001098554155,Стоматологический кабинет,branch,,,1 этаж,,
"Михневская улица, 8",70000001098966275,"Интелмед, стоматологическая клиника",branch,,,,,
"Митинская улица, 28 к2",70000001099005675,"Эсстом, стоматологическая клиника",branch,,,,,
"1-й Нагатинский проезд, 11 к2",70000001099748963,Стоматологическая клиника,branch,,,1 этаж,,
"Советская улица, 126",70000001099837971,"Mr.White, студия отбеливания зубов",branch,,,325 офис; 3 этаж,,
"3-й микрорайон, 28",70000001099861114,"Здоровье, медицинский центр",branch,,,,,
"Огородный проезд, 16/1 ст3",70000001101228757,Grunge Clinic,branch,,,,,
"улица Генерала Ермолова, 2",70000001101656944,Кабинет стоматолога,branch,,,,,
"Тушинская улица, 17",70000001101693935,"Айссдентика, стоматологическая клиника",branch,,,1 этаж; вход с улицы слева от центрального входа,,
"Ярославская улица, 13а",70000001101832251,"Well Being, стоматологическая клиника",branch,,,1 этаж,,
"Пролетарская улица, 1/3",70000001101833306,Кабинет ортодонта,branch,,,30 кабинет; 2 этаж; мед центр Медина,,
"улица Дыбенко, 22 к1",70000001101895737,Стоматологический кабинет,branch,,,7 офис; 1 этаж,,
"улица Сущёвский Вал, 5 ст28",70000001102487188,"Доктор смайл, стоматологическая клиника",branch,,,2 этаж,,
"Сухановская улица, 17",70000001102499337,"Yes, стоматология",branch,,,,,
"улица Нижняя Масловка, 5",70000001102700741,"На Масловке, стоматология",branch,,,,,
"улица Александры Монаховой, 94 к2",70000001102879315,"Полидентис, стоматология",branch,,,,,
"Новое Бисерово-2, 20",70000001103087899,Стоматологическая клиника,branch,,,,,
"улица Коштоянца, 47 к1",70000001103181085,Стоматологическая группа,branch,,,вход с ул. Коштоянца,,
"Лобненская улица, 13 к2",70000001103813150,"Direct Smile, центр стоматологии и имплантологии",branch,,,,,
"улица Приборостроителей, 16а",70000001103949699,"Соната-Денталь, стоматология",branch,,,1 этаж,,
"Чечёрский проезд, 82",70000001104067873,"Вега-дент, стоматологическая клиника",branch,,,,,
"Окружной проезд, 15 к2",70000001104192817,"Медречтранс, стоматологическая клиника",branch,,,107 офис; 1 этаж,,
"Золоторожский Вал улица, 32 ст29",70000001104773917,Кабинет стоматолога,branch,,,2 этаж,,
"улица 9 Мая, 12а",70000001104775461,"Эльбрус-дент, стоматологическая клиника",branch,,,,,
"Боровское шоссе, 2а к4",70000001104900203,"Sot, стоматологическая клиника",branch,,,1 этаж,,
"рабочий посёлок Андреевка, 16Б",70000001105094004,"Дента-Гаг, Стоматологическая клиника",branch,,,2 этаж,,
"Молодёжная улица, 1м",70000001105111969,"ШамСтом, стоматологический кабинет",branch,,,2 этаж,,
"Тургеневская улица, 7а",70000001105181975,Колибри,branch,,,,,
"Профсоюзная улица, 65 к1",70000001105252953,"Ваш личный ортодонт, стоматологический кабинет",branch,,,,,
"улица Ленина, 15/1",70000001105362867,"T.I.O clinic, стоматологическая клиника",branch,,,2 этаж,,
"улица Лавочкина, 13 к2",70000001105706361,"Pfr, клиника",branch,,,,,
"Золоторожский Вал улица, 32 ст29",70000001105755881,Кабинет стоматолога,branch,,,8 офис,,
"Новая улица, 8а",70000001106002286,"ДенталЛс, стоматологическая клиника",branch,,,,,
"Молодёжная улица, 29",70000001106086997,Стоматологический кабинет,branch,,,2 этаж,,
"Можайское шоссе, 26Б",70000001106163021,"Доктор с вами, медицинский центр",branch,,,,,
"Народная улица, 14 ст2",70000001109762348,Ортодонт Бельчикова Е.А.,branch,,,,,
"Донская улица, 24",70000001109786529,Стоматологический центр,branch,,,1 этаж; Стоматология эра улыбок,,True
"Пионерская улица, 11",70000001109798037,"С-мед+, стоматология",branch,,,,,
"улица Борисовка, 28",70000001109803968,Центр имплантологии Белкиной Е.М.,branch,,,,,
"улица Горького, 8",70000001110040548,"Ди-стом, стоматологическая клиника",branch,,,1 этаж,,
"Пионерская улица, 11",70000001110084881,"Мегадент, стоматологическая клиника",branch,,,1 этаж,,
"улица Верхняя, 20 к1",70000001110112764,"BreketClub, стоматологическая клиника",branch,,,1 этаж,,
"Волоколамское шоссе, 6",70000001110642658,"Geo Stom, стоматология",branch,,,1 этаж,,
"Рождественская улица, 7",70000001110661769,"Гурда, стоматология",branch,,,,,
"Саянская улица, 7а",70000001110770950,Стоматологическая клиника,branch,,,,,
"Силикатная улица, 37",70000001110888920,"Doctor, частная стоматология",branch,,,,,
"улица Чикина, 1а",70000001110897705,"ЛеМинт, стоматологическая клиника",branch,,,3 этаж,,
"Щёлковское шоссе, 77 ст1",70000001111130274,Стоматологический кабинет,branch,,,18с офис; 1 этаж,,
"Лобненская улица, 13 к3",70000001111274683,Дента Смайл,branch,,,,,
"Носовихинское шоссе, 26",70000001111305636,G-style,branch,,,,,
"улица Пырьева, 11а",70000001111321477,Стоматологический кабинет,branch,,,,,
"Челобитьевское шоссе, 12 к2",70000001111494147,"АС идеал, частная стоматологическая клиника",branch,,,,,
"улица 60 лет СССР, 6",70000001111502807,Стоматологический центр,branch,,,1 этаж,,
"улица М.К. Тихонравова, 35 к6",70000001111587955,"Dr.Khachumyans, частная стоматология",branch,,,,,
"Соколово-Мещерская улица, 25",70000001111729886,Гранд Дентал,branch,,,,,
"улица Горького, 5",70000001111864683,Стоматологическая клиника,branch,,,1 этаж,,
"улица Клары Цеткин, 29 к1",70000001112577750,"Улыбка, студия стоматологии",branch,,,1 этаж; напротив ТЦ Петровский,,
"Красноказарменная улица, 15 к2",70000001112634665,"Dentistiko, стоматология",branch,,,,,
"Спортивная улица, 26",70000001112635075,Доктор Дзюба дент,branch,,,1 этаж,,
"Огородный проезд, 16/1 ст1",70000001112831771,"LaliStom, стоматологическая клиника",branch,,,11 этаж,,
"улица Лобачевского, 120 к1",70000001112893606,"Стоматологическая клиника, г. Москва",branch,,,,,
"Кожевническая улица, 1 ст1",70000001112946661,"Apollonia, стоматологическая клиника",branch,,,614 офис; 6 этаж,,
"Новокосинская улица, 22",70000001112976013,"Smile room, студия косметического отбеливания зубов",branch,,,,,
"Ленинградский проспект, 28",70000001112977214,"Доктор Кассис, стоматологический центр",branch,,,,,
"6-я Радиальная улица, 3 к10",70000001113042783,"Люмен, экспертный центр стоматологии",branch,,,,,
"Подсосенский переулок, 20а",70000001113077103,Lady Di Smile,branch,,,,,
"Подсосенский переулок, 20а",70000001113081524,Lady Di,branch,,,,,
"улица Добролюбова, 8 к2",70000001103416234,"M2clinic, стоматология",branch,,,3 секция,,
"Солнцевский проспект, 25/2",4504127908575961,"Моя клиника, медицинский центр",branch,,,1 этаж,,
"улица Руднёвка, 4",70000001028918600,"Аспирин, многофункциональный медицинский центр",branch,,,1 этаж,,
"Ильинский бульвар, 2",70000001063175863,"Даймонд, стоматологическая клиника",branch,,,1 этаж,,
"Хорошёвское шоссе, 9",70000001077904837,"ЛюмиДент, стоматологический центр",branch,,,,,
"улица Достоевского, 1/21 ст1",70000001019882260,"Фм клиник, стоматологическая клиника",branch,,,1 этаж,,
"Тихвинский переулок, 9 ст1",70000001024519152,"Авиценна, медицинский центр",branch,,,1 этаж,,
"Шмитовский проезд, 39 к2",70000001063065303,"Лекардо, центр стоматологии",branch,,,1 этаж,,
"улица Маршала Неделина, 15",4504127908472406,"Мегадент престиж, стоматологическая клиника",branch,,,1 этаж,,
"улица Свободы, 2Б",70000001063915911,"ДелисДент, стоматология",branch,,,1 этаж,,
"Гранатный переулок, 2 ст1",70000001067674328,"You can fly, стоматология",branch,,,1 этаж,,
"улица Руднёвка, 24",4504127908639007,"Здоровая Семья, медицинский центр",branch,,,1 этаж,,
"улица Хамовнический Вал, 28",4504127908375256,"Москва дент, стоматологический центр",branch,,,1 этаж,,
"Дмитровское шоссе, 21а",4504127908632582,"Карс, медицинский центр",branch,"Москва, Дмитровское шоссе, 21а",Медицинское учреждение,1 этаж,,
"Полярная улица, 15 к2",70000001086847665,"Элистом, стоматологическая клиника",branch,,,6 помещение; вход со стороны подъездов,,
"Тарусская улица, 18 к2",4504127911380754,"Дентальная практика, стоматологический кабинет",branch,,,1 этаж,,
"улица Тёплый Стан, 31",4504127908669111,"Мегаконсультант, стоматологический кабинет",branch,,,"1 этаж; 1 подъезд; домофон 3, первая дверь направо, коричневая дверь внутри",,
"Рабочая улица, 67",70000001022827774,"Берна, стоматология",branch,,,1.2 помещение; 1 этаж,,
"улица Берзарина, 19 к1",4504127908488587,"На Берзарина, стоматологическая клиника",branch,,,1 этаж,,
"улица Коштоянца, 20 к2",70000001007485356,"Лигастом, стоматологическая клиника",branch,,,1 этаж,,
"улица Ленина, 44а",70000001023006556,Стоматологический кабинет,branch,,,104 офис; 1 этаж,,
"Ратная улица, 8 к2",70000001095045311,"Profi zub, стоматология",branch,,,1 этаж,,
"улица Николаева, 28",70000001103171902,Ортодонт-центр,branch,,,1 этаж,,
"Флерова, 11",145266870003256,"Жаконя, центр детского образования",branch,,,,,
